Time, 10 (2), , , , , , , 11 (3), , , , , , , 12 (4), , , , , , , 13 (5), , , , , , , 14 (6), , , , , , , 15 (7), , , , , , , 16 (8), , , , , , , 17 (9), , , , , , , 18 (10), , , , , , , 19 (11), , , , , , , 1 (1), , , , , , , 20 (13), , , , , , , 21 (14), , , , , , , 22 (15), , , , , , , 23 (16), , , , , , , 24 (17), , , , , , , 26 (19), , , , , , , 27 (20), , , , , , , 29 (22), , , , , , , 2 (12), , , , , , , 30 (24), , , , , , , 31 (25), , , , , , , 32 (26), , , , , , , 33 (27), , , , , , , 36 (30), , , , , , , 37 (31), , , , , , , 39 (33), , , , , , , 3 (23), , , , , , , 40 (35), , , , , , , 42 (37), , , , , , , 43 (38), , , , , , , 44 (39), , , , , , , 45 (40), , , , , , , 46 (41), , , , , , , 47 (42), , , , , , , 48 (43), , , , , , , 49 (44), , , , , , , 4 (34), , , , , , , 50 (46), , , , , , , 51 (47), , , , , , , 52 (48), , , , , , , 54 (50), , , , , , , 55 (51), , , , , , , 56 (52), , , , , , , 58 (54), , , , , , , 59 (55), , , , , , , 60 (57), , , , , , , 61 (58), , , , , , , 62 (59), , , , , , , 63 (60), , , , , , , 65 (62), , , , , , , 7 (64), , , , , , , 8 (65), , , , , , , 9 (66), , , , , , , 
Time, V_RMS, V_Valley, L, SOC, N, P, SwitchedOn, V_RMS, V_Valley, L, SOC, N, P, SwitchedOn, V_RMS, V_Valley, L, SOC, N, P, SwitchedOn, V_RMS, V_Valley, L, SOC, N, P, SwitchedOn, V_RMS, V_Valley, L, SOC, N, P, SwitchedOn, V_RMS, V_Valley, L, SOC, N, P, SwitchedOn, V_RMS, V_Valley, L, SOC, N, P, SwitchedOn, V_RMS, V_Valley, L, SOC, N, P, SwitchedOn, V_RMS, V_Valley, L, SOC, N, P, SwitchedOn, V_RMS, V_Valley, L, SOC, N, P, SwitchedOn, V_RMS, V_Valley, L, SOC, N, P, SwitchedOn, V_RMS, V_Valley, L, SOC, N, P, SwitchedOn, V_RMS, V_Valley, L, SOC, N, P, SwitchedOn, V_RMS, V_Valley, L, SOC, N, P, SwitchedOn, V_RMS, V_Valley, L, SOC, N, P, SwitchedOn, V_RMS, V_Valley, L, SOC, N, P, SwitchedOn, V_RMS, V_Valley, L, SOC, N, P, SwitchedOn, V_RMS, V_Valley, L, SOC, N, P, SwitchedOn, V_RMS, V_Valley, L, SOC, N, P, SwitchedOn, V_RMS, V_Valley, L, SOC, N, P, SwitchedOn, V_RMS, V_Valley, L, SOC, N, P, SwitchedOn, V_RMS, V_Valley, L, SOC, N, P, SwitchedOn, V_RMS, V_Valley, L, SOC, N, P, SwitchedOn, V_RMS, V_Valley, L, SOC, N, P, SwitchedOn, V_RMS, V_Valley, L, SOC, N, P, SwitchedOn, V_RMS, V_Valley, L, SOC, N, P, SwitchedOn, V_RMS, V_Valley, L, SOC, N, P, SwitchedOn, V_RMS, V_Valley, L, SOC, N, P, SwitchedOn, V_RMS, V_Valley, L, SOC, N, P, SwitchedOn, V_RMS, V_Valley, L, SOC, N, P, SwitchedOn, V_RMS, V_Valley, L, SOC, N, P, SwitchedOn, V_RMS, V_Valley, L, SOC, N, P, SwitchedOn, V_RMS, V_Valley, L, SOC, N, P, SwitchedOn, V_RMS, V_Valley, L, SOC, N, P, SwitchedOn, V_RMS, V_Valley, L, SOC, N, P, SwitchedOn, V_RMS, V_Valley, L, SOC, N, P, SwitchedOn, V_RMS, V_Valley, L, SOC, N, P, SwitchedOn, V_RMS, V_Valley, L, SOC, N, P, SwitchedOn, V_RMS, V_Valley, L, SOC, N, P, SwitchedOn, V_RMS, V_Valley, L, SOC, N, P, SwitchedOn, V_RMS, V_Valley, L, SOC, N, P, SwitchedOn, V_RMS, V_Valley, L, SOC, N, P, SwitchedOn, V_RMS, V_Valley, L, SOC, N, P, SwitchedOn, V_RMS, V_Valley, L, SOC, N, P, SwitchedOn, V_RMS, V_Valley, L, SOC, N, P, SwitchedOn, V_RMS, V_Valley, L, SOC, N, P, SwitchedOn, V_RMS, V_Valley, L, SOC, N, P, SwitchedOn, V_RMS, V_Valley, L, SOC, N, P, SwitchedOn, V_RMS, V_Valley, L, SOC, N, P, SwitchedOn, V_RMS, V_Valley, L, SOC, N, P, SwitchedOn, V_RMS, V_Valley, L, SOC, N, P, SwitchedOn, V_RMS, V_Valley, L, SOC, N, P, SwitchedOn, V_RMS, V_Valley, L, SOC, N, P, SwitchedOn, V_RMS, V_Valley, L, SOC, N, P, SwitchedOn, 
2019 Aug 19 (Mon) 0:00, 198.952, 0, 0, 92.2943, 0, 0, 0, 204.911, 0, 0, 98.8601, 0, 0, 0, 207.672, 0, 0, 100, 0, 0, 0, 217.96, 0, 0, 98.1562, 0, 0, 0, 204.911, 0, 0, 100, 0, 0, 0, 204.339, 0, 0, 95.9372, 0, 0, 0, 202.165, 0, 0, 83.1124, 0, 0, 0, 213.029, 0, 0, 86.6893, 0, 0, 0, 202.881, 0, 0, 100, 0, 0, 0, 205.462, 0, 0, 100, 0, 0, 0, 217.96, 0, 0, 100, 0, 0, 0, 200.83, 0, 0, 96.7168, 0, 0, 0, 212.686, 0, 0, 94.5981, 0, 0, 0, 197.038, 0, 0, 95.3869, 0, 0, 0, 200.987, 0, 0, 94.31, 0, 0, 0, 209.631, 0, 0, 100, 0, 0, 0, 204.265, 0, 0, 100, 0, 0, 0, 206.266, 0, 0, 90.9955, 0, 0, 0, 220.384, 0, 0, 99.7026, 0, 0, 0, 213.029, 0, 0, 97.7689, 0, 0, 0, 198.952, 0, 0, 93.5571, 0, 0, 0, 205.717, 0, 0, 92.9618, 0, 0, 0, 198.24, 0, 0, 97.0126, 0, 0, 0, 205.285, 0, 0, 92.6367, 0, 0, 0, 208.633, 0, 0, 100, 0, 0, 0, 202.97, 0, 0, 100, 0, 0, 0, 198.223, 0, 0, 100, 0, 0, 0, 202.881, 0, 0, 100, 0, 0, 0, 199.713, 0, 0, 92.5263, 0, 0, 0, 195.042, 0, 0, 93.485, 0, 0, 0, 199.011, 0, 0, 96.2189, 0, 0, 0, 217.412, 0, 0, 100, 0, 0, 0, 193.744, 0, 0, 93.5643, 0, 0, 0, 199.011, 0, 0, 96.7619, 0, 0, 0, 217.412, 0, 0, 98.8577, 0, 0, 0, 193.744, 0, 0, 88.1968, 0, 0, 0, 210.633, 0, 0, 100, 0, 0, 0, 219.913, 0, 0, 98.9958, 0, 0, 0, 219.212, 0, 0, 100, 0, 0, 0, 203.759, 0, 0, 95.6234, 0, 0, 0, 210.633, 0, 0, 100, 0, 0, 0, 207.083, 0, 0, 100, 0, 0, 0, 210.671, 0, 0, 100, 0, 0, 0, 214.861, 0, 0, 93.0623, 0, 0, 0, 210.671, 0, 0, 99.2296, 0, 0, 0, 218.365, 0, 0, 100, 0, 0, 0, 206.612, 0, 0, 100, 0, 0, 0, 210.88, 0, 0, 100, 0, 0, 0, 218.283, 0, 0, 100, 0, 0, 0, 202.577, 0, 0, 88.2932, 0, 0, 0, 218.283, 0, 0, 100, 0, 0, 0, 204.106, 0, 0, 100, 0, 0, 0, 212.686, 0, 0, 95.2838, 0, 0, 0, 197.038, 0, 0, 93.6801, 0, 0, 0, 
2019 Aug 19 (Mon) 0:30, 217.818, 0, 0, 97.9943, 0, 0, 0, 222.406, 0, 0, 98.8601, 0, 0, 0, 224.099, 0, 0, 100, 0, 0, 0, 225.944, 0, 0, 98.1562, 0, 0, 0, 222.406, 0, 0, 100, 0, 0, 0, 224.099, 0, 0, 100, 0, 0, 0, 219.693, 0, 0, 88.9194, 0, 0, 0, 221.567, 0, 0, 92.4611, 0, 0, 0, 221.657, 0, 0, 100, 0, 0, 0, 223.276, 0, 0, 100, 0, 0, 0, 225.944, 0, 0, 100, 0, 0, 0, 223.276, 0, 0, 100, 0, 0, 0, 224.853, 0, 0, 100, 0, 0, 0, 220.679, 0, 0, 100, 0, 0, 0, 222.248, 0, 0, 99.976, 0, 0, 0, 224.361, 0, 0, 100, 0, 0, 0, 222.248, 0, 0, 100, 0, 0, 0, 220.76, 0, 0, 96.7144, 0, 0, 0, 226.604, 0, 0, 99.7026, 0, 0, 0, 225.182, 0, 0, 100, 0, 0, 0, 221.371, 0, 0, 99.2366, 0, 0, 0, 224.484, 0, 0, 98.6509, 0, 0, 0, 221.269, 0, 0, 100, 0, 0, 0, 224.368, 0, 0, 98.3305, 0, 0, 0, 224.368, 0, 0, 100, 0, 0, 0, 223.389, 0, 0, 100, 0, 0, 0, 219.808, 0, 0, 100, 0, 0, 0, 221.657, 0, 0, 100, 0, 0, 0, 223.389, 0, 0, 98.2217, 0, 0, 0, 219.808, 0, 0, 99.1661, 0, 0, 0, 223.62, 0, 0, 100, 0, 0, 0, 224.524, 0, 0, 100, 0, 0, 0, 219.042, 0, 0, 99.2438, 0, 0, 0, 223.62, 0, 0, 100, 0, 0, 0, 224.524, 0, 0, 98.8577, 0, 0, 0, 215.526, 0, 0, 93.9517, 0, 0, 0, 225.032, 0, 0, 100, 0, 0, 0, 226.834, 0, 0, 98.9958, 0, 0, 0, 226.818, 0, 0, 100, 0, 0, 0, 223.264, 0, 0, 100, 0, 0, 0, 225.032, 0, 0, 100, 0, 0, 0, 223.264, 0, 0, 100, 0, 0, 0, 225.154, 0, 0, 100, 0, 0, 0, 226.594, 0, 0, 98.75, 0, 0, 0, 225.154, 0, 0, 99.2296, 0, 0, 0, 226.594, 0, 0, 100, 0, 0, 0, 222.379, 0, 0, 100, 0, 0, 0, 225.391, 0, 0, 100, 0, 0, 0, 226.48, 0, 0, 100, 0, 0, 0, 218.046, 0, 0, 94.0469, 0, 0, 0, 226.48, 0, 0, 100, 0, 0, 0, 223.276, 0, 0, 100, 0, 0, 0, 224.853, 0, 0, 100, 0, 0, 0, 220.679, 0, 0, 99.358, 0, 0, 0, 
2019 Aug 19 (Mon) 1:00, 231.388, 0, 0, 100, 0, 0, 0, 231.39, 0, 0, 98.8601, 0, 0, 0, 228.991, 0, 0, 100, 0, 0, 0, 231.691, 0, 0, 98.1562, 0, 0, 0, 231.39, 0, 0, 100, 0, 0, 0, 228.991, 0, 0, 100, 0, 0, 0, 224.287, 0, 0, 94.6646, 0, 0, 0, 231.664, 0, 0, 98.1581, 0, 0, 0, 231.026, 0, 0, 100, 0, 0, 0, 227.946, 0, 0, 100, 0, 0, 0, 231.691, 0, 0, 100, 0, 0, 0, 227.682, 0, 0, 100, 0, 0, 0, 231.369, 0, 0, 100, 0, 0, 0, 230.764, 0, 0, 100, 0, 0, 0, 231.571, 0, 0, 99.976, 0, 0, 0, 229.849, 0, 0, 100, 0, 0, 0, 231.571, 0, 0, 100, 0, 0, 0, 229.849, 0, 0, 100, 0, 0, 0, 231.359, 0, 0, 99.7026, 0, 0, 0, 231.664, 0, 0, 100, 0, 0, 0, 231.388, 0, 0, 99.2366, 0, 0, 0, 229.665, 0, 0, 98.6509, 0, 0, 0, 231.297, 0, 0, 100, 0, 0, 0, 229.572, 0, 0, 98.3305, 0, 0, 0, 229.572, 0, 0, 100, 0, 0, 0, 227.506, 0, 0, 100, 0, 0, 0, 230.589, 0, 0, 100, 0, 0, 0, 231.026, 0, 0, 100, 0, 0, 0, 227.506, 0, 0, 98.2217, 0, 0, 0, 230.589, 0, 0, 99.1661, 0, 0, 0, 227.418, 0, 0, 100, 0, 0, 0, 231.075, 0, 0, 100, 0, 0, 0, 230.502, 0, 0, 99.2438, 0, 0, 0, 227.418, 0, 0, 100, 0, 0, 0, 231.075, 0, 0, 98.8577, 0, 0, 0, 230.502, 0, 0, 99.6245, 0, 0, 0, 230.126, 0, 0, 100, 0, 0, 0, 231.541, 0, 0, 98.9958, 0, 0, 0, 231.814, 0, 0, 100, 0, 0, 0, 231.844, 0, 0, 100, 0, 0, 0, 230.126, 0, 0, 100, 0, 0, 0, 231.844, 0, 0, 100, 0, 0, 0, 229.942, 0, 0, 100, 0, 0, 0, 231.631, 0, 0, 98.75, 0, 0, 0, 229.942, 0, 0, 99.2296, 0, 0, 0, 231.631, 0, 0, 100, 0, 0, 0, 231.662, 0, 0, 100, 0, 0, 0, 229.849, 0, 0, 100, 0, 0, 0, 231.54, 0, 0, 100, 0, 0, 0, 231.571, 0, 0, 99.7181, 0, 0, 0, 231.54, 0, 0, 100, 0, 0, 0, 227.682, 0, 0, 100, 0, 0, 0, 231.369, 0, 0, 100, 0, 0, 0, 230.764, 0, 0, 99.358, 0, 0, 0, 
2019 Aug 19 (Mon) 1:30, 231.723, 0, 0, 100, 0, 0, 0, 231.724, 0, 0, 98.8601, 0, 0, 0, 231.723, 0, 0, 100, 0, 0, 0, 231.723, 0, 0, 98.1562, 0, 0, 0, 231.724, 0, 0, 100, 0, 0, 0, 231.723, 0, 0, 100, 0, 0, 0, 231.38, 0, 0, 100, 0, 0, 0, 231.38, 0, 0, 98.1581, 0, 0, 0, 231.38, 0, 0, 100, 0, 0, 0, 231.38, 0, 0, 100, 0, 0, 0, 231.723, 0, 0, 100, 0, 0, 0, 231.122, 0, 0, 100, 0, 0, 0, 231.122, 0, 0, 100, 0, 0, 0, 231.122, 0, 0, 100, 0, 0, 0, 231.895, 0, 0, 99.976, 0, 0, 0, 231.895, 0, 0, 100, 0, 0, 0, 231.895, 0, 0, 100, 0, 0, 0, 231.895, 0, 0, 100, 0, 0, 0, 231.723, 0, 0, 99.7026, 0, 0, 0, 231.38, 0, 0, 100, 0, 0, 0, 231.723, 0, 0, 99.2366, 0, 0, 0, 231.723, 0, 0, 98.6509, 0, 0, 0, 231.637, 0, 0, 100, 0, 0, 0, 231.636, 0, 0, 98.3305, 0, 0, 0, 231.636, 0, 0, 100, 0, 0, 0, 230.95, 0, 0, 100, 0, 0, 0, 230.95, 0, 0, 100, 0, 0, 0, 231.38, 0, 0, 100, 0, 0, 0, 230.95, 0, 0, 98.2217, 0, 0, 0, 230.95, 0, 0, 99.1661, 0, 0, 0, 230.864, 0, 0, 100, 0, 0, 0, 230.864, 0, 0, 100, 0, 0, 0, 230.864, 0, 0, 99.2438, 0, 0, 0, 230.864, 0, 0, 100, 0, 0, 0, 230.864, 0, 0, 98.8577, 0, 0, 0, 230.864, 0, 0, 99.6245, 0, 0, 0, 232.153, 0, 0, 100, 0, 0, 0, 231.895, 0, 0, 98.9958, 0, 0, 0, 232.154, 0, 0, 100, 0, 0, 0, 232.154, 0, 0, 100, 0, 0, 0, 232.153, 0, 0, 100, 0, 0, 0, 232.154, 0, 0, 100, 0, 0, 0, 231.981, 0, 0, 100, 0, 0, 0, 231.981, 0, 0, 98.75, 0, 0, 0, 231.981, 0, 0, 99.2296, 0, 0, 0, 231.981, 0, 0, 100, 0, 0, 0, 231.981, 0, 0, 100, 0, 0, 0, 231.895, 0, 0, 100, 0, 0, 0, 231.895, 0, 0, 100, 0, 0, 0, 231.895, 0, 0, 99.7181, 0, 0, 0, 231.895, 0, 0, 100, 0, 0, 0, 231.122, 0, 0, 100, 0, 0, 0, 231.122, 0, 0, 100, 0, 0, 0, 231.122, 0, 0, 99.358, 0, 0, 0, 
2019 Aug 19 (Mon) 2:00, 229.437, 0, 0, 100, 0, 0, 0, 229.438, 0, 0, 98.8601, 0, 0, 0, 229.438, 0, 0, 100, 0, 0, 0, 229.438, 0, 0, 98.1562, 0, 0, 0, 229.438, 0, 0, 100, 0, 0, 0, 229.438, 0, 0, 100, 0, 0, 0, 229.058, 0, 0, 100, 0, 0, 0, 229.058, 0, 0, 98.1581, 0, 0, 0, 229.058, 0, 0, 100, 0, 0, 0, 229.058, 0, 0, 100, 0, 0, 0, 229.438, 0, 0, 100, 0, 0, 0, 228.773, 0, 0, 100, 0, 0, 0, 228.773, 0, 0, 100, 0, 0, 0, 228.774, 0, 0, 100, 0, 0, 0, 229.628, 0, 0, 99.976, 0, 0, 0, 229.628, 0, 0, 100, 0, 0, 0, 229.628, 0, 0, 100, 0, 0, 0, 229.628, 0, 0, 100, 0, 0, 0, 229.437, 0, 0, 99.7026, 0, 0, 0, 229.058, 0, 0, 100, 0, 0, 0, 229.437, 0, 0, 99.2366, 0, 0, 0, 229.437, 0, 0, 98.6509, 0, 0, 0, 229.342, 0, 0, 100, 0, 0, 0, 229.342, 0, 0, 98.3305, 0, 0, 0, 229.342, 0, 0, 100, 0, 0, 0, 228.583, 0, 0, 100, 0, 0, 0, 228.584, 0, 0, 100, 0, 0, 0, 229.058, 0, 0, 100, 0, 0, 0, 228.583, 0, 0, 98.2217, 0, 0, 0, 228.584, 0, 0, 99.1661, 0, 0, 0, 228.488, 0, 0, 100, 0, 0, 0, 228.489, 0, 0, 100, 0, 0, 0, 228.489, 0, 0, 99.2438, 0, 0, 0, 228.488, 0, 0, 100, 0, 0, 0, 228.489, 0, 0, 98.8577, 0, 0, 0, 228.489, 0, 0, 99.6245, 0, 0, 0, 229.913, 0, 0, 100, 0, 0, 0, 229.628, 0, 0, 98.9958, 0, 0, 0, 229.914, 0, 0, 100, 0, 0, 0, 229.914, 0, 0, 100, 0, 0, 0, 229.913, 0, 0, 100, 0, 0, 0, 229.914, 0, 0, 100, 0, 0, 0, 229.723, 0, 0, 100, 0, 0, 0, 229.723, 0, 0, 98.75, 0, 0, 0, 229.723, 0, 0, 99.2296, 0, 0, 0, 229.723, 0, 0, 100, 0, 0, 0, 229.723, 0, 0, 100, 0, 0, 0, 229.627, 0, 0, 100, 0, 0, 0, 229.627, 0, 0, 100, 0, 0, 0, 229.628, 0, 0, 99.7181, 0, 0, 0, 229.627, 0, 0, 100, 0, 0, 0, 228.773, 0, 0, 100, 0, 0, 0, 228.773, 0, 0, 100, 0, 0, 0, 228.774, 0, 0, 99.358, 0, 0, 0, 
2019 Aug 19 (Mon) 2:30, 232.118, 0, 0, 100, 0, 0, 0, 232.118, 0, 0, 98.8601, 0, 0, 0, 232.118, 0, 0, 100, 0, 0, 0, 232.118, 0, 0, 98.1562, 0, 0, 0, 232.118, 0, 0, 100, 0, 0, 0, 232.118, 0, 0, 100, 0, 0, 0, 231.795, 0, 0, 100, 0, 0, 0, 231.795, 0, 0, 98.1581, 0, 0, 0, 231.795, 0, 0, 100, 0, 0, 0, 231.795, 0, 0, 100, 0, 0, 0, 232.118, 0, 0, 100, 0, 0, 0, 231.553, 0, 0, 100, 0, 0, 0, 231.553, 0, 0, 100, 0, 0, 0, 231.553, 0, 0, 100, 0, 0, 0, 232.279, 0, 0, 99.976, 0, 0, 0, 232.279, 0, 0, 100, 0, 0, 0, 232.279, 0, 0, 100, 0, 0, 0, 232.279, 0, 0, 100, 0, 0, 0, 232.117, 0, 0, 99.7026, 0, 0, 0, 231.795, 0, 0, 100, 0, 0, 0, 232.118, 0, 0, 99.2366, 0, 0, 0, 232.117, 0, 0, 98.6509, 0, 0, 0, 232.037, 0, 0, 100, 0, 0, 0, 232.036, 0, 0, 98.3305, 0, 0, 0, 232.036, 0, 0, 100, 0, 0, 0, 231.391, 0, 0, 100, 0, 0, 0, 231.392, 0, 0, 100, 0, 0, 0, 231.795, 0, 0, 100, 0, 0, 0, 231.391, 0, 0, 98.2217, 0, 0, 0, 231.392, 0, 0, 99.1661, 0, 0, 0, 231.311, 0, 0, 100, 0, 0, 0, 231.311, 0, 0, 100, 0, 0, 0, 231.311, 0, 0, 99.2438, 0, 0, 0, 231.311, 0, 0, 100, 0, 0, 0, 231.311, 0, 0, 98.8577, 0, 0, 0, 231.311, 0, 0, 99.6245, 0, 0, 0, 232.522, 0, 0, 100, 0, 0, 0, 232.279, 0, 0, 98.9958, 0, 0, 0, 232.522, 0, 0, 100, 0, 0, 0, 232.522, 0, 0, 100, 0, 0, 0, 232.522, 0, 0, 100, 0, 0, 0, 232.522, 0, 0, 100, 0, 0, 0, 232.36, 0, 0, 100, 0, 0, 0, 232.36, 0, 0, 98.75, 0, 0, 0, 232.36, 0, 0, 99.2296, 0, 0, 0, 232.36, 0, 0, 100, 0, 0, 0, 232.36, 0, 0, 100, 0, 0, 0, 232.279, 0, 0, 100, 0, 0, 0, 232.279, 0, 0, 100, 0, 0, 0, 232.279, 0, 0, 99.7181, 0, 0, 0, 232.279, 0, 0, 100, 0, 0, 0, 231.553, 0, 0, 100, 0, 0, 0, 231.553, 0, 0, 100, 0, 0, 0, 231.553, 0, 0, 99.358, 0, 0, 0, 
2019 Aug 19 (Mon) 3:00, 232.813, 0, 0, 100, 0, 0, 0, 232.814, 0, 0, 98.8601, 0, 0, 0, 232.814, 0, 0, 100, 0, 0, 0, 232.814, 0, 0, 98.1562, 0, 0, 0, 232.814, 0, 0, 100, 0, 0, 0, 232.814, 0, 0, 100, 0, 0, 0, 232.503, 0, 0, 100, 0, 0, 0, 232.503, 0, 0, 98.1581, 0, 0, 0, 232.503, 0, 0, 100, 0, 0, 0, 232.503, 0, 0, 100, 0, 0, 0, 232.814, 0, 0, 100, 0, 0, 0, 232.27, 0, 0, 100, 0, 0, 0, 232.27, 0, 0, 100, 0, 0, 0, 232.27, 0, 0, 100, 0, 0, 0, 232.969, 0, 0, 99.976, 0, 0, 0, 232.969, 0, 0, 100, 0, 0, 0, 232.969, 0, 0, 100, 0, 0, 0, 232.969, 0, 0, 100, 0, 0, 0, 232.813, 0, 0, 99.7026, 0, 0, 0, 232.503, 0, 0, 100, 0, 0, 0, 232.813, 0, 0, 99.2366, 0, 0, 0, 232.813, 0, 0, 98.6509, 0, 0, 0, 232.736, 0, 0, 100, 0, 0, 0, 232.735, 0, 0, 98.3305, 0, 0, 0, 232.735, 0, 0, 100, 0, 0, 0, 232.114, 0, 0, 100, 0, 0, 0, 232.115, 0, 0, 100, 0, 0, 0, 232.503, 0, 0, 100, 0, 0, 0, 232.114, 0, 0, 98.2217, 0, 0, 0, 232.115, 0, 0, 99.1661, 0, 0, 0, 232.037, 0, 0, 100, 0, 0, 0, 232.037, 0, 0, 100, 0, 0, 0, 232.037, 0, 0, 99.2438, 0, 0, 0, 232.037, 0, 0, 100, 0, 0, 0, 232.037, 0, 0, 98.8577, 0, 0, 0, 232.037, 0, 0, 99.6245, 0, 0, 0, 233.203, 0, 0, 100, 0, 0, 0, 232.969, 0, 0, 98.9958, 0, 0, 0, 233.203, 0, 0, 100, 0, 0, 0, 233.203, 0, 0, 100, 0, 0, 0, 233.203, 0, 0, 100, 0, 0, 0, 233.203, 0, 0, 100, 0, 0, 0, 233.047, 0, 0, 100, 0, 0, 0, 233.047, 0, 0, 98.75, 0, 0, 0, 233.047, 0, 0, 99.2296, 0, 0, 0, 233.047, 0, 0, 100, 0, 0, 0, 233.047, 0, 0, 100, 0, 0, 0, 232.969, 0, 0, 100, 0, 0, 0, 232.969, 0, 0, 100, 0, 0, 0, 232.969, 0, 0, 99.7181, 0, 0, 0, 232.969, 0, 0, 100, 0, 0, 0, 232.27, 0, 0, 100, 0, 0, 0, 232.27, 0, 0, 100, 0, 0, 0, 232.27, 0, 0, 99.358, 0, 0, 0, 
2019 Aug 19 (Mon) 3:30, 232.005, 0, 0, 100, 0, 0, 0, 232.005, 0, 0, 98.8601, 0, 0, 0, 232.005, 0, 0, 100, 0, 0, 0, 232.005, 0, 0, 98.1562, 0, 0, 0, 232.005, 0, 0, 100, 0, 0, 0, 232.005, 0, 0, 100, 0, 0, 0, 231.674, 0, 0, 100, 0, 0, 0, 231.674, 0, 0, 98.1581, 0, 0, 0, 231.675, 0, 0, 100, 0, 0, 0, 231.674, 0, 0, 100, 0, 0, 0, 232.005, 0, 0, 100, 0, 0, 0, 231.426, 0, 0, 100, 0, 0, 0, 231.426, 0, 0, 100, 0, 0, 0, 231.427, 0, 0, 100, 0, 0, 0, 232.17, 0, 0, 99.976, 0, 0, 0, 232.17, 0, 0, 100, 0, 0, 0, 232.17, 0, 0, 100, 0, 0, 0, 232.17, 0, 0, 100, 0, 0, 0, 232.004, 0, 0, 99.7026, 0, 0, 0, 231.674, 0, 0, 100, 0, 0, 0, 232.005, 0, 0, 99.2366, 0, 0, 0, 232.004, 0, 0, 98.6509, 0, 0, 0, 231.922, 0, 0, 100, 0, 0, 0, 231.922, 0, 0, 98.3305, 0, 0, 0, 231.922, 0, 0, 100, 0, 0, 0, 231.261, 0, 0, 100, 0, 0, 0, 231.261, 0, 0, 100, 0, 0, 0, 231.675, 0, 0, 100, 0, 0, 0, 231.261, 0, 0, 98.2217, 0, 0, 0, 231.261, 0, 0, 99.1661, 0, 0, 0, 231.178, 0, 0, 100, 0, 0, 0, 231.178, 0, 0, 100, 0, 0, 0, 231.179, 0, 0, 99.2438, 0, 0, 0, 231.178, 0, 0, 100, 0, 0, 0, 231.178, 0, 0, 98.8577, 0, 0, 0, 231.179, 0, 0, 99.6245, 0, 0, 0, 232.419, 0, 0, 100, 0, 0, 0, 232.17, 0, 0, 98.9958, 0, 0, 0, 232.419, 0, 0, 100, 0, 0, 0, 232.419, 0, 0, 100, 0, 0, 0, 232.419, 0, 0, 100, 0, 0, 0, 232.419, 0, 0, 100, 0, 0, 0, 232.253, 0, 0, 100, 0, 0, 0, 232.253, 0, 0, 98.75, 0, 0, 0, 232.253, 0, 0, 99.2296, 0, 0, 0, 232.253, 0, 0, 100, 0, 0, 0, 232.253, 0, 0, 100, 0, 0, 0, 232.17, 0, 0, 100, 0, 0, 0, 232.17, 0, 0, 100, 0, 0, 0, 232.17, 0, 0, 99.7181, 0, 0, 0, 232.17, 0, 0, 100, 0, 0, 0, 231.426, 0, 0, 100, 0, 0, 0, 231.426, 0, 0, 100, 0, 0, 0, 231.427, 0, 0, 99.358, 0, 0, 0, 
2019 Aug 19 (Mon) 4:00, 231.133, 0, 0, 100, 0, 0, 0, 231.134, 0, 0, 98.8601, 0, 0, 0, 231.134, 0, 0, 100, 0, 0, 0, 231.134, 0, 0, 98.1562, 0, 0, 0, 231.134, 0, 0, 100, 0, 0, 0, 231.134, 0, 0, 100, 0, 0, 0, 230.79, 0, 0, 100, 0, 0, 0, 230.791, 0, 0, 98.1581, 0, 0, 0, 230.791, 0, 0, 100, 0, 0, 0, 230.79, 0, 0, 100, 0, 0, 0, 231.134, 0, 0, 100, 0, 0, 0, 230.533, 0, 0, 100, 0, 0, 0, 230.533, 0, 0, 100, 0, 0, 0, 230.534, 0, 0, 100, 0, 0, 0, 231.305, 0, 0, 99.976, 0, 0, 0, 231.305, 0, 0, 100, 0, 0, 0, 231.305, 0, 0, 100, 0, 0, 0, 231.305, 0, 0, 100, 0, 0, 0, 231.133, 0, 0, 99.7026, 0, 0, 0, 230.791, 0, 0, 100, 0, 0, 0, 231.133, 0, 0, 99.2366, 0, 0, 0, 231.133, 0, 0, 98.6509, 0, 0, 0, 231.047, 0, 0, 100, 0, 0, 0, 231.047, 0, 0, 98.3305, 0, 0, 0, 231.047, 0, 0, 100, 0, 0, 0, 230.362, 0, 0, 100, 0, 0, 0, 230.362, 0, 0, 100, 0, 0, 0, 230.791, 0, 0, 100, 0, 0, 0, 230.362, 0, 0, 98.2217, 0, 0, 0, 230.362, 0, 0, 99.1661, 0, 0, 0, 230.276, 0, 0, 100, 0, 0, 0, 230.276, 0, 0, 100, 0, 0, 0, 230.276, 0, 0, 99.2438, 0, 0, 0, 230.276, 0, 0, 100, 0, 0, 0, 230.276, 0, 0, 98.8577, 0, 0, 0, 230.276, 0, 0, 99.6245, 0, 0, 0, 231.563, 0, 0, 100, 0, 0, 0, 231.305, 0, 0, 98.9958, 0, 0, 0, 231.563, 0, 0, 100, 0, 0, 0, 231.563, 0, 0, 100, 0, 0, 0, 231.563, 0, 0, 100, 0, 0, 0, 231.563, 0, 0, 100, 0, 0, 0, 231.39, 0, 0, 100, 0, 0, 0, 231.391, 0, 0, 98.75, 0, 0, 0, 231.39, 0, 0, 99.2296, 0, 0, 0, 231.391, 0, 0, 100, 0, 0, 0, 231.391, 0, 0, 100, 0, 0, 0, 231.304, 0, 0, 100, 0, 0, 0, 231.305, 0, 0, 100, 0, 0, 0, 231.305, 0, 0, 99.7181, 0, 0, 0, 231.305, 0, 0, 100, 0, 0, 0, 230.533, 0, 0, 100, 0, 0, 0, 230.533, 0, 0, 100, 0, 0, 0, 230.534, 0, 0, 99.358, 0, 0, 0, 
2019 Aug 19 (Mon) 4:30, 230.014, 0, 0, 100, 0, 0, 0, 230.015, 0, 0, 98.8601, 0, 0, 0, 230.015, 0, 0, 100, 0, 0, 0, 230.015, 0, 0, 98.1562, 0, 0, 0, 230.015, 0, 0, 100, 0, 0, 0, 230.015, 0, 0, 100, 0, 0, 0, 229.638, 0, 0, 100, 0, 0, 0, 229.638, 0, 0, 98.1581, 0, 0, 0, 229.638, 0, 0, 100, 0, 0, 0, 229.638, 0, 0, 100, 0, 0, 0, 230.015, 0, 0, 100, 0, 0, 0, 229.356, 0, 0, 100, 0, 0, 0, 229.356, 0, 0, 100, 0, 0, 0, 229.356, 0, 0, 100, 0, 0, 0, 230.203, 0, 0, 99.976, 0, 0, 0, 230.203, 0, 0, 100, 0, 0, 0, 230.203, 0, 0, 100, 0, 0, 0, 230.203, 0, 0, 100, 0, 0, 0, 230.014, 0, 0, 99.7026, 0, 0, 0, 229.638, 0, 0, 100, 0, 0, 0, 230.014, 0, 0, 99.2366, 0, 0, 0, 230.014, 0, 0, 98.6509, 0, 0, 0, 229.92, 0, 0, 100, 0, 0, 0, 229.919, 0, 0, 98.3305, 0, 0, 0, 229.919, 0, 0, 100, 0, 0, 0, 229.168, 0, 0, 100, 0, 0, 0, 229.168, 0, 0, 100, 0, 0, 0, 229.638, 0, 0, 100, 0, 0, 0, 229.168, 0, 0, 98.2217, 0, 0, 0, 229.168, 0, 0, 99.1661, 0, 0, 0, 229.074, 0, 0, 100, 0, 0, 0, 229.074, 0, 0, 100, 0, 0, 0, 229.074, 0, 0, 99.2438, 0, 0, 0, 229.074, 0, 0, 100, 0, 0, 0, 229.074, 0, 0, 98.8577, 0, 0, 0, 229.074, 0, 0, 99.6245, 0, 0, 0, 230.486, 0, 0, 100, 0, 0, 0, 230.203, 0, 0, 98.9958, 0, 0, 0, 230.486, 0, 0, 100, 0, 0, 0, 230.486, 0, 0, 100, 0, 0, 0, 230.486, 0, 0, 100, 0, 0, 0, 230.486, 0, 0, 100, 0, 0, 0, 230.297, 0, 0, 100, 0, 0, 0, 230.297, 0, 0, 98.75, 0, 0, 0, 230.297, 0, 0, 99.2296, 0, 0, 0, 230.297, 0, 0, 100, 0, 0, 0, 230.297, 0, 0, 100, 0, 0, 0, 230.202, 0, 0, 100, 0, 0, 0, 230.202, 0, 0, 100, 0, 0, 0, 230.203, 0, 0, 99.7181, 0, 0, 0, 230.202, 0, 0, 100, 0, 0, 0, 229.356, 0, 0, 100, 0, 0, 0, 229.356, 0, 0, 100, 0, 0, 0, 229.356, 0, 0, 99.358, 0, 0, 0, 
2019 Aug 19 (Mon) 5:00, 230.678, 0, 0, 100, 0, 0, 0, 230.679, 0, 0, 98.8601, 0, 0, 0, 230.679, 0, 0, 100, 0, 0, 0, 230.679, 0, 0, 98.1562, 0, 0, 0, 230.679, 0, 0, 100, 0, 0, 0, 230.679, 0, 0, 100, 0, 0, 0, 230.305, 0, 0, 100, 0, 0, 0, 230.305, 0, 0, 98.1581, 0, 0, 0, 230.305, 0, 0, 100, 0, 0, 0, 230.305, 0, 0, 100, 0, 0, 0, 230.679, 0, 0, 100, 0, 0, 0, 230.024, 0, 0, 100, 0, 0, 0, 230.024, 0, 0, 100, 0, 0, 0, 230.024, 0, 0, 100, 0, 0, 0, 230.866, 0, 0, 99.976, 0, 0, 0, 230.866, 0, 0, 100, 0, 0, 0, 230.866, 0, 0, 100, 0, 0, 0, 230.866, 0, 0, 100, 0, 0, 0, 230.678, 0, 0, 99.7026, 0, 0, 0, 230.305, 0, 0, 100, 0, 0, 0, 230.678, 0, 0, 99.2366, 0, 0, 0, 230.678, 0, 0, 98.6509, 0, 0, 0, 230.584, 0, 0, 100, 0, 0, 0, 230.584, 0, 0, 98.3305, 0, 0, 0, 230.584, 0, 0, 100, 0, 0, 0, 229.837, 0, 0, 100, 0, 0, 0, 229.837, 0, 0, 100, 0, 0, 0, 230.305, 0, 0, 100, 0, 0, 0, 229.837, 0, 0, 98.2217, 0, 0, 0, 229.837, 0, 0, 99.1661, 0, 0, 0, 229.744, 0, 0, 100, 0, 0, 0, 229.744, 0, 0, 100, 0, 0, 0, 229.744, 0, 0, 99.2438, 0, 0, 0, 229.744, 0, 0, 100, 0, 0, 0, 229.744, 0, 0, 98.8577, 0, 0, 0, 229.744, 0, 0, 99.6245, 0, 0, 0, 231.147, 0, 0, 100, 0, 0, 0, 230.866, 0, 0, 98.9958, 0, 0, 0, 231.148, 0, 0, 100, 0, 0, 0, 231.148, 0, 0, 100, 0, 0, 0, 231.147, 0, 0, 100, 0, 0, 0, 231.148, 0, 0, 100, 0, 0, 0, 230.959, 0, 0, 100, 0, 0, 0, 230.96, 0, 0, 98.75, 0, 0, 0, 230.959, 0, 0, 99.2296, 0, 0, 0, 230.96, 0, 0, 100, 0, 0, 0, 230.96, 0, 0, 100, 0, 0, 0, 230.866, 0, 0, 100, 0, 0, 0, 230.866, 0, 0, 100, 0, 0, 0, 230.866, 0, 0, 99.7181, 0, 0, 0, 230.866, 0, 0, 100, 0, 0, 0, 230.024, 0, 0, 100, 0, 0, 0, 230.024, 0, 0, 100, 0, 0, 0, 230.024, 0, 0, 99.358, 0, 0, 0, 
2019 Aug 19 (Mon) 5:30, 230.818, 0, 0, 100, 0, 0, 0, 230.819, 0, 0, 98.8601, 0, 0, 0, 230.819, 0, 0, 100, 0, 0, 0, 230.819, 0, 0, 98.1562, 0, 0, 0, 230.819, 0, 0, 100, 0, 0, 0, 230.819, 0, 0, 100, 0, 0, 0, 230.417, 0, 0, 100, 0, 0, 0, 230.417, 0, 0, 98.1581, 0, 0, 0, 230.417, 0, 0, 100, 0, 0, 0, 230.417, 0, 0, 100, 0, 0, 0, 230.819, 0, 0, 100, 0, 0, 0, 230.116, 0, 0, 100, 0, 0, 0, 230.116, 0, 0, 100, 0, 0, 0, 230.116, 0, 0, 100, 0, 0, 0, 231.019, 0, 0, 99.976, 0, 0, 0, 231.019, 0, 0, 100, 0, 0, 0, 231.019, 0, 0, 100, 0, 0, 0, 231.019, 0, 0, 100, 0, 0, 0, 230.818, 0, 0, 99.7026, 0, 0, 0, 230.417, 0, 0, 100, 0, 0, 0, 230.818, 0, 0, 99.2366, 0, 0, 0, 230.818, 0, 0, 98.6509, 0, 0, 0, 230.717, 0, 0, 100, 0, 0, 0, 230.717, 0, 0, 98.3305, 0, 0, 0, 230.717, 0, 0, 100, 0, 0, 0, 229.915, 0, 0, 100, 0, 0, 0, 229.916, 0, 0, 100, 0, 0, 0, 230.417, 0, 0, 100, 0, 0, 0, 229.915, 0, 0, 98.2217, 0, 0, 0, 229.916, 0, 0, 99.1661, 0, 0, 0, 229.815, 0, 0, 100, 0, 0, 0, 229.815, 0, 0, 100, 0, 0, 0, 229.815, 0, 0, 99.2438, 0, 0, 0, 229.815, 0, 0, 100, 0, 0, 0, 229.815, 0, 0, 98.8577, 0, 0, 0, 229.815, 0, 0, 99.6245, 0, 0, 0, 231.321, 0, 0, 100, 0, 0, 0, 231.019, 0, 0, 98.9958, 0, 0, 0, 231.321, 0, 0, 100, 0, 0, 0, 231.321, 0, 0, 100, 0, 0, 0, 231.321, 0, 0, 100, 0, 0, 0, 231.321, 0, 0, 100, 0, 0, 0, 231.12, 0, 0, 100, 0, 0, 0, 231.12, 0, 0, 98.75, 0, 0, 0, 231.12, 0, 0, 99.2296, 0, 0, 0, 231.12, 0, 0, 100, 0, 0, 0, 231.12, 0, 0, 100, 0, 0, 0, 231.019, 0, 0, 100, 0, 0, 0, 231.019, 0, 0, 100, 0, 0, 0, 231.019, 0, 0, 99.7181, 0, 0, 0, 231.019, 0, 0, 100, 0, 0, 0, 230.116, 0, 0, 100, 0, 0, 0, 230.116, 0, 0, 100, 0, 0, 0, 230.116, 0, 0, 99.358, 0, 0, 0, 
2019 Aug 19 (Mon) 6:00, 230.296, 0, 0, 100, 0, 0, 0, 230.297, 0, 0, 98.8601, 0, 0, 0, 230.297, 0, 0, 100, 0, 0, 0, 230.297, 0, 0, 98.1562, 0, 0, 0, 230.297, 0, 0, 100, 0, 0, 0, 230.297, 0, 0, 100, 0, 0, 0, 229.867, 0, 0, 100, 0, 0, 0, 229.867, 0, 0, 98.1581, 0, 0, 0, 229.867, 0, 0, 100, 0, 0, 0, 229.867, 0, 0, 100, 0, 0, 0, 230.297, 0, 0, 100, 0, 0, 0, 229.545, 0, 0, 100, 0, 0, 0, 229.545, 0, 0, 100, 0, 0, 0, 229.545, 0, 0, 100, 0, 0, 0, 230.511, 0, 0, 99.976, 0, 0, 0, 230.511, 0, 0, 100, 0, 0, 0, 230.511, 0, 0, 100, 0, 0, 0, 230.511, 0, 0, 100, 0, 0, 0, 230.295, 0, 0, 99.7026, 0, 0, 0, 229.867, 0, 0, 100, 0, 0, 0, 230.296, 0, 0, 99.2366, 0, 0, 0, 230.295, 0, 0, 98.6509, 0, 0, 0, 230.188, 0, 0, 100, 0, 0, 0, 230.188, 0, 0, 98.3305, 0, 0, 0, 230.188, 0, 0, 100, 0, 0, 0, 229.33, 0, 0, 100, 0, 0, 0, 229.33, 0, 0, 100, 0, 0, 0, 229.867, 0, 0, 100, 0, 0, 0, 229.33, 0, 0, 98.2217, 0, 0, 0, 229.33, 0, 0, 99.1661, 0, 0, 0, 229.223, 0, 0, 100, 0, 0, 0, 229.223, 0, 0, 100, 0, 0, 0, 229.223, 0, 0, 99.2438, 0, 0, 0, 229.223, 0, 0, 100, 0, 0, 0, 229.223, 0, 0, 98.8577, 0, 0, 0, 229.223, 0, 0, 99.6245, 0, 0, 0, 230.834, 0, 0, 100, 0, 0, 0, 230.511, 0, 0, 98.9958, 0, 0, 0, 230.834, 0, 0, 100, 0, 0, 0, 230.834, 0, 0, 100, 0, 0, 0, 230.834, 0, 0, 100, 0, 0, 0, 230.834, 0, 0, 100, 0, 0, 0, 230.619, 0, 0, 100, 0, 0, 0, 230.619, 0, 0, 98.75, 0, 0, 0, 230.619, 0, 0, 99.2296, 0, 0, 0, 230.619, 0, 0, 100, 0, 0, 0, 230.619, 0, 0, 100, 0, 0, 0, 230.511, 0, 0, 100, 0, 0, 0, 230.511, 0, 0, 100, 0, 0, 0, 230.511, 0, 0, 99.7181, 0, 0, 0, 230.511, 0, 0, 100, 0, 0, 0, 229.545, 0, 0, 100, 0, 0, 0, 229.545, 0, 0, 100, 0, 0, 0, 229.545, 0, 0, 99.358, 0, 0, 0, 
2019 Aug 19 (Mon) 6:30, 225.151, 0, 0, 100, 0, 0, 0, 225.153, 0, 0, 98.8601, 0, 0, 0, 225.153, 0, 0, 100, 0, 0, 0, 225.153, 0, 0, 98.1562, 0, 0, 0, 225.153, 0, 0, 100, 0, 0, 0, 225.153, 0, 0, 100, 0, 0, 0, 224.619, 0, 0, 100, 0, 0, 0, 224.619, 0, 0, 98.1581, 0, 0, 0, 224.619, 0, 0, 100, 0, 0, 0, 224.619, 0, 0, 100, 0, 0, 0, 225.153, 0, 0, 100, 0, 0, 0, 224.219, 0, 0, 100, 0, 0, 0, 224.219, 0, 0, 100, 0, 0, 0, 224.219, 0, 0, 100, 0, 0, 0, 225.418, 0, 0, 99.976, 0, 0, 0, 225.418, 0, 0, 100, 0, 0, 0, 225.418, 0, 0, 100, 0, 0, 0, 225.418, 0, 0, 100, 0, 0, 0, 225.15, 0, 0, 99.7026, 0, 0, 0, 224.619, 0, 0, 100, 0, 0, 0, 225.151, 0, 0, 99.2366, 0, 0, 0, 225.15, 0, 0, 98.6509, 0, 0, 0, 225.017, 0, 0, 100, 0, 0, 0, 225.016, 0, 0, 98.3305, 0, 0, 0, 225.016, 0, 0, 100, 0, 0, 0, 223.952, 0, 0, 100, 0, 0, 0, 223.953, 0, 0, 100, 0, 0, 0, 224.619, 0, 0, 100, 0, 0, 0, 223.952, 0, 0, 98.2217, 0, 0, 0, 223.953, 0, 0, 99.1661, 0, 0, 0, 223.819, 0, 0, 100, 0, 0, 0, 223.819, 0, 0, 100, 0, 0, 0, 223.82, 0, 0, 99.2438, 0, 0, 0, 223.819, 0, 0, 100, 0, 0, 0, 223.819, 0, 0, 98.8577, 0, 0, 0, 223.82, 0, 0, 99.6245, 0, 0, 0, 225.82, 0, 0, 100, 0, 0, 0, 225.418, 0, 0, 98.9958, 0, 0, 0, 225.82, 0, 0, 100, 0, 0, 0, 225.821, 0, 0, 100, 0, 0, 0, 225.82, 0, 0, 100, 0, 0, 0, 225.821, 0, 0, 100, 0, 0, 0, 225.552, 0, 0, 100, 0, 0, 0, 225.552, 0, 0, 98.75, 0, 0, 0, 225.552, 0, 0, 99.2296, 0, 0, 0, 225.552, 0, 0, 100, 0, 0, 0, 225.552, 0, 0, 100, 0, 0, 0, 225.418, 0, 0, 100, 0, 0, 0, 225.418, 0, 0, 100, 0, 0, 0, 225.418, 0, 0, 99.7181, 0, 0, 0, 225.418, 0, 0, 100, 0, 0, 0, 224.219, 0, 0, 100, 0, 0, 0, 224.219, 0, 0, 100, 0, 0, 0, 224.219, 0, 0, 99.358, 0, 0, 0, 
2019 Aug 19 (Mon) 7:00, 225.85, 0, 0, 100, 0, 0, 0, 225.852, 0, 0, 98.8601, 0, 0, 0, 225.852, 0, 0, 100, 0, 0, 0, 225.852, 0, 0, 98.1562, 0, 0, 0, 225.852, 0, 0, 100, 0, 0, 0, 225.852, 0, 0, 100, 0, 0, 0, 225.311, 0, 0, 100, 0, 0, 0, 225.311, 0, 0, 98.1581, 0, 0, 0, 225.312, 0, 0, 100, 0, 0, 0, 225.311, 0, 0, 100, 0, 0, 0, 225.852, 0, 0, 100, 0, 0, 0, 224.906, 0, 0, 100, 0, 0, 0, 224.906, 0, 0, 100, 0, 0, 0, 224.906, 0, 0, 100, 0, 0, 0, 226.121, 0, 0, 99.976, 0, 0, 0, 226.121, 0, 0, 100, 0, 0, 0, 226.121, 0, 0, 100, 0, 0, 0, 226.121, 0, 0, 100, 0, 0, 0, 225.85, 0, 0, 99.7026, 0, 0, 0, 225.311, 0, 0, 100, 0, 0, 0, 225.85, 0, 0, 99.2366, 0, 0, 0, 225.849, 0, 0, 98.6509, 0, 0, 0, 225.714, 0, 0, 100, 0, 0, 0, 225.714, 0, 0, 98.3305, 0, 0, 0, 225.714, 0, 0, 100, 0, 0, 0, 224.636, 0, 0, 100, 0, 0, 0, 224.636, 0, 0, 100, 0, 0, 0, 225.312, 0, 0, 100, 0, 0, 0, 224.636, 0, 0, 98.2217, 0, 0, 0, 224.636, 0, 0, 99.1661, 0, 0, 0, 224.501, 0, 0, 100, 0, 0, 0, 224.501, 0, 0, 100, 0, 0, 0, 224.502, 0, 0, 99.2438, 0, 0, 0, 224.501, 0, 0, 100, 0, 0, 0, 224.501, 0, 0, 98.8577, 0, 0, 0, 224.502, 0, 0, 99.6245, 0, 0, 0, 226.528, 0, 0, 100, 0, 0, 0, 226.121, 0, 0, 98.9958, 0, 0, 0, 226.528, 0, 0, 100, 0, 0, 0, 226.528, 0, 0, 100, 0, 0, 0, 226.528, 0, 0, 100, 0, 0, 0, 226.528, 0, 0, 100, 0, 0, 0, 226.256, 0, 0, 100, 0, 0, 0, 226.256, 0, 0, 98.75, 0, 0, 0, 226.256, 0, 0, 99.2296, 0, 0, 0, 226.256, 0, 0, 100, 0, 0, 0, 226.257, 0, 0, 100, 0, 0, 0, 226.12, 0, 0, 100, 0, 0, 0, 226.121, 0, 0, 100, 0, 0, 0, 226.121, 0, 0, 99.7181, 0, 0, 0, 226.121, 0, 0, 100, 0, 0, 0, 224.906, 0, 0, 100, 0, 0, 0, 224.906, 0, 0, 100, 0, 0, 0, 224.906, 0, 0, 99.358, 0, 0, 0, 
2019 Aug 19 (Mon) 7:30, 224.57, 0, 0, 100, 0, 0, 0, 224.572, 0, 0, 98.8601, 0, 0, 0, 224.572, 0, 0, 100, 0, 0, 0, 224.572, 0, 0, 98.1562, 0, 0, 0, 224.572, 0, 0, 100, 0, 0, 0, 224.572, 0, 0, 100, 0, 0, 0, 223.989, 0, 0, 100, 0, 0, 0, 223.989, 0, 0, 98.1581, 0, 0, 0, 223.99, 0, 0, 100, 0, 0, 0, 223.989, 0, 0, 100, 0, 0, 0, 224.572, 0, 0, 100, 0, 0, 0, 223.553, 0, 0, 100, 0, 0, 0, 223.553, 0, 0, 100, 0, 0, 0, 223.553, 0, 0, 100, 0, 0, 0, 224.863, 0, 0, 99.976, 0, 0, 0, 224.862, 0, 0, 100, 0, 0, 0, 224.863, 0, 0, 100, 0, 0, 0, 224.862, 0, 0, 100, 0, 0, 0, 224.57, 0, 0, 99.7026, 0, 0, 0, 223.989, 0, 0, 100, 0, 0, 0, 224.57, 0, 0, 99.2366, 0, 0, 0, 224.569, 0, 0, 98.6509, 0, 0, 0, 224.423, 0, 0, 100, 0, 0, 0, 224.423, 0, 0, 98.3305, 0, 0, 0, 224.423, 0, 0, 100, 0, 0, 0, 223.261, 0, 0, 100, 0, 0, 0, 223.262, 0, 0, 100, 0, 0, 0, 223.99, 0, 0, 100, 0, 0, 0, 223.261, 0, 0, 98.2217, 0, 0, 0, 223.262, 0, 0, 99.1661, 0, 0, 0, 223.116, 0, 0, 100, 0, 0, 0, 223.116, 0, 0, 100, 0, 0, 0, 223.116, 0, 0, 99.2438, 0, 0, 0, 223.116, 0, 0, 100, 0, 0, 0, 223.116, 0, 0, 98.8577, 0, 0, 0, 223.116, 0, 0, 99.6245, 0, 0, 0, 225.302, 0, 0, 100, 0, 0, 0, 224.862, 0, 0, 98.9958, 0, 0, 0, 225.302, 0, 0, 100, 0, 0, 0, 225.302, 0, 0, 100, 0, 0, 0, 225.302, 0, 0, 100, 0, 0, 0, 225.302, 0, 0, 100, 0, 0, 0, 225.008, 0, 0, 100, 0, 0, 0, 225.008, 0, 0, 98.75, 0, 0, 0, 225.008, 0, 0, 99.2296, 0, 0, 0, 225.008, 0, 0, 100, 0, 0, 0, 225.009, 0, 0, 100, 0, 0, 0, 224.862, 0, 0, 100, 0, 0, 0, 224.862, 0, 0, 100, 0, 0, 0, 224.862, 0, 0, 99.7181, 0, 0, 0, 224.862, 0, 0, 100, 0, 0, 0, 223.553, 0, 0, 100, 0, 0, 0, 223.553, 0, 0, 100, 0, 0, 0, 223.553, 0, 0, 99.358, 0, 0, 0, 
2019 Aug 19 (Mon) 8:00, 225.334, 0, 0, 100, 0, 0, 0, 225.336, 0, 0, 98.8601, 0, 0, 0, 225.336, 0, 0, 100, 0, 0, 0, 225.336, 0, 0, 98.1562, 0, 0, 0, 225.336, 0, 0, 100, 0, 0, 0, 225.336, 0, 0, 100, 0, 0, 0, 224.771, 0, 0, 100, 0, 0, 0, 224.771, 0, 0, 98.1581, 0, 0, 0, 224.772, 0, 0, 100, 0, 0, 0, 224.771, 0, 0, 100, 0, 0, 0, 225.336, 0, 0, 100, 0, 0, 0, 224.348, 0, 0, 100, 0, 0, 0, 224.348, 0, 0, 100, 0, 0, 0, 224.349, 0, 0, 100, 0, 0, 0, 225.617, 0, 0, 99.976, 0, 0, 0, 225.617, 0, 0, 100, 0, 0, 0, 225.617, 0, 0, 100, 0, 0, 0, 225.617, 0, 0, 100, 0, 0, 0, 225.333, 0, 0, 99.7026, 0, 0, 0, 224.771, 0, 0, 100, 0, 0, 0, 225.334, 0, 0, 99.2366, 0, 0, 0, 225.333, 0, 0, 98.6509, 0, 0, 0, 225.192, 0, 0, 100, 0, 0, 0, 225.192, 0, 0, 98.3305, 0, 0, 0, 225.192, 0, 0, 100, 0, 0, 0, 224.066, 0, 0, 100, 0, 0, 0, 224.067, 0, 0, 100, 0, 0, 0, 224.772, 0, 0, 100, 0, 0, 0, 224.066, 0, 0, 98.2217, 0, 0, 0, 224.067, 0, 0, 99.1661, 0, 0, 0, 223.925, 0, 0, 100, 0, 0, 0, 223.926, 0, 0, 100, 0, 0, 0, 223.926, 0, 0, 99.2438, 0, 0, 0, 223.925, 0, 0, 100, 0, 0, 0, 223.926, 0, 0, 98.8577, 0, 0, 0, 223.926, 0, 0, 99.6245, 0, 0, 0, 226.042, 0, 0, 100, 0, 0, 0, 225.617, 0, 0, 98.9958, 0, 0, 0, 226.042, 0, 0, 100, 0, 0, 0, 226.042, 0, 0, 100, 0, 0, 0, 226.042, 0, 0, 100, 0, 0, 0, 226.042, 0, 0, 100, 0, 0, 0, 225.758, 0, 0, 100, 0, 0, 0, 225.758, 0, 0, 98.75, 0, 0, 0, 225.758, 0, 0, 99.2296, 0, 0, 0, 225.758, 0, 0, 100, 0, 0, 0, 225.758, 0, 0, 100, 0, 0, 0, 225.616, 0, 0, 100, 0, 0, 0, 225.616, 0, 0, 100, 0, 0, 0, 225.616, 0, 0, 99.7181, 0, 0, 0, 225.616, 0, 0, 100, 0, 0, 0, 224.348, 0, 0, 100, 0, 0, 0, 224.348, 0, 0, 100, 0, 0, 0, 224.349, 0, 0, 99.358, 0, 0, 0, 
2019 Aug 19 (Mon) 8:30, 224.394, 0, 0, 100, 0, 0, 0, 224.397, 0, 0, 98.8601, 0, 0, 0, 224.397, 0, 0, 100, 0, 0, 0, 224.397, 0, 0, 98.1562, 0, 0, 0, 224.397, 0, 0, 100, 0, 0, 0, 224.397, 0, 0, 100, 0, 0, 0, 223.84, 0, 0, 100, 0, 0, 0, 223.841, 0, 0, 98.1581, 0, 0, 0, 223.841, 0, 0, 100, 0, 0, 0, 223.84, 0, 0, 100, 0, 0, 0, 224.397, 0, 0, 100, 0, 0, 0, 223.423, 0, 0, 100, 0, 0, 0, 223.424, 0, 0, 100, 0, 0, 0, 223.424, 0, 0, 100, 0, 0, 0, 224.674, 0, 0, 99.976, 0, 0, 0, 224.674, 0, 0, 100, 0, 0, 0, 224.674, 0, 0, 100, 0, 0, 0, 224.674, 0, 0, 100, 0, 0, 0, 224.394, 0, 0, 99.7026, 0, 0, 0, 223.841, 0, 0, 100, 0, 0, 0, 224.394, 0, 0, 99.2366, 0, 0, 0, 224.394, 0, 0, 98.6509, 0, 0, 0, 224.255, 0, 0, 100, 0, 0, 0, 224.255, 0, 0, 98.3305, 0, 0, 0, 224.255, 0, 0, 100, 0, 0, 0, 223.146, 0, 0, 100, 0, 0, 0, 223.146, 0, 0, 100, 0, 0, 0, 223.841, 0, 0, 100, 0, 0, 0, 223.146, 0, 0, 98.2217, 0, 0, 0, 223.146, 0, 0, 99.1661, 0, 0, 0, 223.007, 0, 0, 100, 0, 0, 0, 223.007, 0, 0, 100, 0, 0, 0, 223.007, 0, 0, 99.2438, 0, 0, 0, 223.007, 0, 0, 100, 0, 0, 0, 223.007, 0, 0, 98.8577, 0, 0, 0, 223.007, 0, 0, 99.6245, 0, 0, 0, 225.093, 0, 0, 100, 0, 0, 0, 224.674, 0, 0, 98.9958, 0, 0, 0, 225.093, 0, 0, 100, 0, 0, 0, 225.093, 0, 0, 100, 0, 0, 0, 225.093, 0, 0, 100, 0, 0, 0, 225.093, 0, 0, 100, 0, 0, 0, 224.813, 0, 0, 100, 0, 0, 0, 224.813, 0, 0, 98.75, 0, 0, 0, 224.813, 0, 0, 99.2296, 0, 0, 0, 224.813, 0, 0, 100, 0, 0, 0, 224.813, 0, 0, 100, 0, 0, 0, 224.673, 0, 0, 100, 0, 0, 0, 224.673, 0, 0, 100, 0, 0, 0, 224.673, 0, 0, 99.7181, 0, 0, 0, 224.673, 0, 0, 100, 0, 0, 0, 223.423, 0, 0, 100, 0, 0, 0, 223.424, 0, 0, 100, 0, 0, 0, 223.424, 0, 0, 99.358, 0, 0, 0, 
2019 Aug 19 (Mon) 9:00, 224.681, 0, 0, 100, 0, 0, 0, 224.684, 0, 0, 98.8601, 0, 0, 0, 224.683, 0, 0, 100, 0, 0, 0, 224.683, 0, 0, 98.1562, 0, 0, 0, 224.684, 0, 0, 100, 0, 0, 0, 224.683, 0, 0, 100, 0, 0, 0, 224.135, 0, 0, 100, 0, 0, 0, 224.135, 0, 0, 98.1581, 0, 0, 0, 224.136, 0, 0, 100, 0, 0, 0, 224.135, 0, 0, 100, 0, 0, 0, 224.683, 0, 0, 100, 0, 0, 0, 223.725, 0, 0, 100, 0, 0, 0, 223.725, 0, 0, 100, 0, 0, 0, 223.725, 0, 0, 100, 0, 0, 0, 224.956, 0, 0, 99.976, 0, 0, 0, 224.956, 0, 0, 100, 0, 0, 0, 224.956, 0, 0, 100, 0, 0, 0, 224.956, 0, 0, 100, 0, 0, 0, 224.681, 0, 0, 99.7026, 0, 0, 0, 224.135, 0, 0, 100, 0, 0, 0, 224.681, 0, 0, 99.2366, 0, 0, 0, 224.681, 0, 0, 98.6509, 0, 0, 0, 224.544, 0, 0, 100, 0, 0, 0, 224.543, 0, 0, 98.3305, 0, 0, 0, 224.543, 0, 0, 100, 0, 0, 0, 223.451, 0, 0, 100, 0, 0, 0, 223.452, 0, 0, 100, 0, 0, 0, 224.136, 0, 0, 100, 0, 0, 0, 223.451, 0, 0, 98.2217, 0, 0, 0, 223.452, 0, 0, 99.1661, 0, 0, 0, 223.314, 0, 0, 100, 0, 0, 0, 223.315, 0, 0, 100, 0, 0, 0, 223.315, 0, 0, 99.2438, 0, 0, 0, 223.314, 0, 0, 100, 0, 0, 0, 223.315, 0, 0, 98.8577, 0, 0, 0, 223.315, 0, 0, 99.6245, 0, 0, 0, 225.369, 0, 0, 100, 0, 0, 0, 224.956, 0, 0, 98.9958, 0, 0, 0, 225.369, 0, 0, 100, 0, 0, 0, 225.369, 0, 0, 100, 0, 0, 0, 225.369, 0, 0, 100, 0, 0, 0, 225.369, 0, 0, 100, 0, 0, 0, 225.093, 0, 0, 100, 0, 0, 0, 225.093, 0, 0, 98.75, 0, 0, 0, 225.093, 0, 0, 99.2296, 0, 0, 0, 225.093, 0, 0, 100, 0, 0, 0, 225.093, 0, 0, 100, 0, 0, 0, 224.955, 0, 0, 100, 0, 0, 0, 224.955, 0, 0, 100, 0, 0, 0, 224.956, 0, 0, 99.7181, 0, 0, 0, 224.955, 0, 0, 100, 0, 0, 0, 223.725, 0, 0, 100, 0, 0, 0, 223.725, 0, 0, 100, 0, 0, 0, 223.725, 0, 0, 99.358, 0, 0, 0, 
2019 Aug 19 (Mon) 9:30, 227.149, 0, 0, 100, 0, 0, 0, 227.151, 0, 0, 98.8601, 0, 0, 0, 227.15, 0, 0, 100, 0, 0, 0, 227.151, 0, 0, 98.1562, 0, 0, 0, 227.151, 0, 0, 100, 0, 0, 0, 227.15, 0, 0, 100, 0, 0, 0, 226.649, 0, 0, 100, 0, 0, 0, 226.65, 0, 0, 98.1581, 0, 0, 0, 226.65, 0, 0, 100, 0, 0, 0, 226.649, 0, 0, 100, 0, 0, 0, 227.151, 0, 0, 100, 0, 0, 0, 226.274, 0, 0, 100, 0, 0, 0, 226.274, 0, 0, 100, 0, 0, 0, 226.274, 0, 0, 100, 0, 0, 0, 227.4, 0, 0, 99.976, 0, 0, 0, 227.4, 0, 0, 100, 0, 0, 0, 227.4, 0, 0, 100, 0, 0, 0, 227.4, 0, 0, 100, 0, 0, 0, 227.149, 0, 0, 99.7026, 0, 0, 0, 226.65, 0, 0, 100, 0, 0, 0, 227.149, 0, 0, 99.2366, 0, 0, 0, 227.149, 0, 0, 98.6509, 0, 0, 0, 227.023, 0, 0, 100, 0, 0, 0, 227.023, 0, 0, 98.3305, 0, 0, 0, 227.023, 0, 0, 100, 0, 0, 0, 226.024, 0, 0, 100, 0, 0, 0, 226.024, 0, 0, 100, 0, 0, 0, 226.65, 0, 0, 100, 0, 0, 0, 226.024, 0, 0, 98.2217, 0, 0, 0, 226.024, 0, 0, 99.1661, 0, 0, 0, 225.899, 0, 0, 100, 0, 0, 0, 225.899, 0, 0, 100, 0, 0, 0, 225.899, 0, 0, 99.2438, 0, 0, 0, 225.899, 0, 0, 100, 0, 0, 0, 225.899, 0, 0, 98.8577, 0, 0, 0, 225.899, 0, 0, 99.6245, 0, 0, 0, 227.777, 0, 0, 100, 0, 0, 0, 227.4, 0, 0, 98.9958, 0, 0, 0, 227.777, 0, 0, 100, 0, 0, 0, 227.778, 0, 0, 100, 0, 0, 0, 227.777, 0, 0, 100, 0, 0, 0, 227.778, 0, 0, 100, 0, 0, 0, 227.525, 0, 0, 100, 0, 0, 0, 227.526, 0, 0, 98.75, 0, 0, 0, 227.525, 0, 0, 99.2296, 0, 0, 0, 227.526, 0, 0, 100, 0, 0, 0, 227.526, 0, 0, 100, 0, 0, 0, 227.4, 0, 0, 100, 0, 0, 0, 227.4, 0, 0, 100, 0, 0, 0, 227.4, 0, 0, 99.7181, 0, 0, 0, 227.4, 0, 0, 100, 0, 0, 0, 226.274, 0, 0, 100, 0, 0, 0, 226.274, 0, 0, 100, 0, 0, 0, 226.274, 0, 0, 99.358, 0, 0, 0, 
2019 Aug 19 (Mon) 10:00, 229.152, 0, 0, 100, 0, 0, 0, 229.154, 0, 0, 98.8601, 0, 0, 0, 229.154, 0, 0, 100, 0, 0, 0, 229.154, 0, 0, 98.1562, 0, 0, 0, 229.154, 0, 0, 100, 0, 0, 0, 229.154, 0, 0, 100, 0, 0, 0, 228.698, 0, 0, 100, 0, 0, 0, 228.699, 0, 0, 98.1581, 0, 0, 0, 228.699, 0, 0, 100, 0, 0, 0, 228.698, 0, 0, 100, 0, 0, 0, 229.154, 0, 0, 100, 0, 0, 0, 228.357, 0, 0, 100, 0, 0, 0, 228.357, 0, 0, 100, 0, 0, 0, 228.358, 0, 0, 100, 0, 0, 0, 229.381, 0, 0, 99.976, 0, 0, 0, 229.38, 0, 0, 100, 0, 0, 0, 229.381, 0, 0, 100, 0, 0, 0, 229.38, 0, 0, 100, 0, 0, 0, 229.152, 0, 0, 99.7026, 0, 0, 0, 228.699, 0, 0, 100, 0, 0, 0, 229.152, 0, 0, 99.2366, 0, 0, 0, 229.152, 0, 0, 98.6509, 0, 0, 0, 229.038, 0, 0, 100, 0, 0, 0, 229.038, 0, 0, 98.3305, 0, 0, 0, 229.038, 0, 0, 100, 0, 0, 0, 228.13, 0, 0, 100, 0, 0, 0, 228.13, 0, 0, 100, 0, 0, 0, 228.699, 0, 0, 100, 0, 0, 0, 228.13, 0, 0, 98.2217, 0, 0, 0, 228.13, 0, 0, 99.1661, 0, 0, 0, 228.016, 0, 0, 100, 0, 0, 0, 228.016, 0, 0, 100, 0, 0, 0, 228.017, 0, 0, 99.2438, 0, 0, 0, 228.016, 0, 0, 100, 0, 0, 0, 228.016, 0, 0, 98.8577, 0, 0, 0, 228.017, 0, 0, 99.6245, 0, 0, 0, 229.723, 0, 0, 100, 0, 0, 0, 229.381, 0, 0, 98.9958, 0, 0, 0, 229.723, 0, 0, 100, 0, 0, 0, 229.723, 0, 0, 100, 0, 0, 0, 229.723, 0, 0, 100, 0, 0, 0, 229.723, 0, 0, 100, 0, 0, 0, 229.494, 0, 0, 100, 0, 0, 0, 229.495, 0, 0, 98.75, 0, 0, 0, 229.494, 0, 0, 99.2296, 0, 0, 0, 229.495, 0, 0, 100, 0, 0, 0, 229.495, 0, 0, 100, 0, 0, 0, 229.38, 0, 0, 100, 0, 0, 0, 229.38, 0, 0, 100, 0, 0, 0, 229.38, 0, 0, 99.7181, 0, 0, 0, 229.38, 0, 0, 100, 0, 0, 0, 228.357, 0, 0, 100, 0, 0, 0, 228.357, 0, 0, 100, 0, 0, 0, 228.358, 0, 0, 99.358, 0, 0, 0, 
2019 Aug 19 (Mon) 10:30, 230.524, 0, 0, 100, 0, 0, 0, 230.526, 0, 0, 98.8601, 0, 0, 0, 230.525, 0, 0, 100, 0, 0, 0, 230.525, 0, 0, 98.1562, 0, 0, 0, 230.526, 0, 0, 100, 0, 0, 0, 230.525, 0, 0, 100, 0, 0, 0, 230.106, 0, 0, 100, 0, 0, 0, 230.106, 0, 0, 98.1581, 0, 0, 0, 230.106, 0, 0, 100, 0, 0, 0, 230.106, 0, 0, 100, 0, 0, 0, 230.525, 0, 0, 100, 0, 0, 0, 229.791, 0, 0, 100, 0, 0, 0, 229.791, 0, 0, 100, 0, 0, 0, 229.791, 0, 0, 100, 0, 0, 0, 230.735, 0, 0, 99.976, 0, 0, 0, 230.735, 0, 0, 100, 0, 0, 0, 230.735, 0, 0, 100, 0, 0, 0, 230.735, 0, 0, 100, 0, 0, 0, 230.524, 0, 0, 99.7026, 0, 0, 0, 230.106, 0, 0, 100, 0, 0, 0, 230.524, 0, 0, 99.2366, 0, 0, 0, 230.524, 0, 0, 98.6509, 0, 0, 0, 230.419, 0, 0, 100, 0, 0, 0, 230.419, 0, 0, 98.3305, 0, 0, 0, 230.419, 0, 0, 100, 0, 0, 0, 229.581, 0, 0, 100, 0, 0, 0, 229.582, 0, 0, 100, 0, 0, 0, 230.106, 0, 0, 100, 0, 0, 0, 229.581, 0, 0, 98.2217, 0, 0, 0, 229.582, 0, 0, 99.1661, 0, 0, 0, 229.477, 0, 0, 100, 0, 0, 0, 229.477, 0, 0, 100, 0, 0, 0, 229.477, 0, 0, 99.2438, 0, 0, 0, 229.477, 0, 0, 100, 0, 0, 0, 229.477, 0, 0, 98.8577, 0, 0, 0, 229.477, 0, 0, 99.6245, 0, 0, 0, 231.051, 0, 0, 100, 0, 0, 0, 230.735, 0, 0, 98.9958, 0, 0, 0, 231.051, 0, 0, 100, 0, 0, 0, 231.051, 0, 0, 100, 0, 0, 0, 231.051, 0, 0, 100, 0, 0, 0, 231.051, 0, 0, 100, 0, 0, 0, 230.84, 0, 0, 100, 0, 0, 0, 230.84, 0, 0, 98.75, 0, 0, 0, 230.84, 0, 0, 99.2296, 0, 0, 0, 230.84, 0, 0, 100, 0, 0, 0, 230.84, 0, 0, 100, 0, 0, 0, 230.734, 0, 0, 100, 0, 0, 0, 230.734, 0, 0, 100, 0, 0, 0, 230.735, 0, 0, 99.7181, 0, 0, 0, 230.734, 0, 0, 100, 0, 0, 0, 229.791, 0, 0, 100, 0, 0, 0, 229.791, 0, 0, 100, 0, 0, 0, 229.791, 0, 0, 99.358, 0, 0, 0, 
2019 Aug 19 (Mon) 11:00, 229.081, 0, 0, 100, 0, 0, 0, 229.082, 0, 0, 98.8601, 0, 0, 0, 229.082, 0, 0, 100, 0, 0, 0, 229.082, 0, 0, 98.1562, 0, 0, 0, 229.082, 0, 0, 100, 0, 0, 0, 229.082, 0, 0, 100, 0, 0, 0, 228.634, 0, 0, 100, 0, 0, 0, 228.634, 0, 0, 98.1581, 0, 0, 0, 228.634, 0, 0, 100, 0, 0, 0, 228.634, 0, 0, 100, 0, 0, 0, 229.082, 0, 0, 100, 0, 0, 0, 228.298, 0, 0, 100, 0, 0, 0, 228.298, 0, 0, 100, 0, 0, 0, 228.298, 0, 0, 100, 0, 0, 0, 229.306, 0, 0, 99.976, 0, 0, 0, 229.306, 0, 0, 100, 0, 0, 0, 229.306, 0, 0, 100, 0, 0, 0, 229.306, 0, 0, 100, 0, 0, 0, 229.081, 0, 0, 99.7026, 0, 0, 0, 228.634, 0, 0, 100, 0, 0, 0, 229.081, 0, 0, 99.2366, 0, 0, 0, 229.081, 0, 0, 98.6509, 0, 0, 0, 228.968, 0, 0, 100, 0, 0, 0, 228.968, 0, 0, 98.3305, 0, 0, 0, 228.968, 0, 0, 100, 0, 0, 0, 228.074, 0, 0, 100, 0, 0, 0, 228.074, 0, 0, 100, 0, 0, 0, 228.634, 0, 0, 100, 0, 0, 0, 228.074, 0, 0, 98.2217, 0, 0, 0, 228.074, 0, 0, 99.1661, 0, 0, 0, 227.962, 0, 0, 100, 0, 0, 0, 227.962, 0, 0, 100, 0, 0, 0, 227.962, 0, 0, 99.2438, 0, 0, 0, 227.962, 0, 0, 100, 0, 0, 0, 227.962, 0, 0, 98.8577, 0, 0, 0, 227.962, 0, 0, 99.6245, 0, 0, 0, 229.643, 0, 0, 100, 0, 0, 0, 229.306, 0, 0, 98.9958, 0, 0, 0, 229.643, 0, 0, 100, 0, 0, 0, 229.643, 0, 0, 100, 0, 0, 0, 229.643, 0, 0, 100, 0, 0, 0, 229.643, 0, 0, 100, 0, 0, 0, 229.418, 0, 0, 100, 0, 0, 0, 229.418, 0, 0, 98.75, 0, 0, 0, 229.418, 0, 0, 99.2296, 0, 0, 0, 229.418, 0, 0, 100, 0, 0, 0, 229.418, 0, 0, 100, 0, 0, 0, 229.305, 0, 0, 100, 0, 0, 0, 229.305, 0, 0, 100, 0, 0, 0, 229.305, 0, 0, 99.7181, 0, 0, 0, 229.305, 0, 0, 100, 0, 0, 0, 228.298, 0, 0, 100, 0, 0, 0, 228.298, 0, 0, 100, 0, 0, 0, 228.298, 0, 0, 99.358, 0, 0, 0, 
2019 Aug 19 (Mon) 11:30, 228.883, 0, 0, 100, 0, 0, 0, 228.885, 0, 0, 98.8601, 0, 0, 0, 228.885, 0, 0, 100, 0, 0, 0, 228.885, 0, 0, 98.1562, 0, 0, 0, 228.885, 0, 0, 100, 0, 0, 0, 228.885, 0, 0, 100, 0, 0, 0, 228.424, 0, 0, 100, 0, 0, 0, 228.424, 0, 0, 98.1581, 0, 0, 0, 228.424, 0, 0, 100, 0, 0, 0, 228.424, 0, 0, 100, 0, 0, 0, 228.885, 0, 0, 100, 0, 0, 0, 228.079, 0, 0, 100, 0, 0, 0, 228.079, 0, 0, 100, 0, 0, 0, 228.079, 0, 0, 100, 0, 0, 0, 229.114, 0, 0, 99.976, 0, 0, 0, 229.114, 0, 0, 100, 0, 0, 0, 229.114, 0, 0, 100, 0, 0, 0, 229.114, 0, 0, 100, 0, 0, 0, 228.883, 0, 0, 99.7026, 0, 0, 0, 228.424, 0, 0, 100, 0, 0, 0, 228.883, 0, 0, 99.2366, 0, 0, 0, 228.883, 0, 0, 98.6509, 0, 0, 0, 228.768, 0, 0, 100, 0, 0, 0, 228.768, 0, 0, 98.3305, 0, 0, 0, 228.768, 0, 0, 100, 0, 0, 0, 227.849, 0, 0, 100, 0, 0, 0, 227.849, 0, 0, 100, 0, 0, 0, 228.424, 0, 0, 100, 0, 0, 0, 227.849, 0, 0, 98.2217, 0, 0, 0, 227.849, 0, 0, 99.1661, 0, 0, 0, 227.734, 0, 0, 100, 0, 0, 0, 227.734, 0, 0, 100, 0, 0, 0, 227.734, 0, 0, 99.2438, 0, 0, 0, 227.734, 0, 0, 100, 0, 0, 0, 227.734, 0, 0, 98.8577, 0, 0, 0, 227.734, 0, 0, 99.6245, 0, 0, 0, 229.461, 0, 0, 100, 0, 0, 0, 229.114, 0, 0, 98.9958, 0, 0, 0, 229.461, 0, 0, 100, 0, 0, 0, 229.461, 0, 0, 100, 0, 0, 0, 229.461, 0, 0, 100, 0, 0, 0, 229.461, 0, 0, 100, 0, 0, 0, 229.229, 0, 0, 100, 0, 0, 0, 229.23, 0, 0, 98.75, 0, 0, 0, 229.229, 0, 0, 99.2296, 0, 0, 0, 229.23, 0, 0, 100, 0, 0, 0, 229.23, 0, 0, 100, 0, 0, 0, 229.114, 0, 0, 100, 0, 0, 0, 229.114, 0, 0, 100, 0, 0, 0, 229.114, 0, 0, 99.7181, 0, 0, 0, 229.114, 0, 0, 100, 0, 0, 0, 228.079, 0, 0, 100, 0, 0, 0, 228.079, 0, 0, 100, 0, 0, 0, 228.079, 0, 0, 99.358, 0, 0, 0, 
2019 Aug 19 (Mon) 12:00, 228.591, 0, 0, 100, 0, 0, 0, 228.592, 0, 0, 98.8601, 0, 0, 0, 228.592, 0, 0, 100, 0, 0, 0, 228.592, 0, 0, 98.1562, 0, 0, 0, 228.592, 0, 0, 100, 0, 0, 0, 228.592, 0, 0, 100, 0, 0, 0, 228.123, 0, 0, 100, 0, 0, 0, 228.123, 0, 0, 98.1581, 0, 0, 0, 228.123, 0, 0, 100, 0, 0, 0, 228.123, 0, 0, 100, 0, 0, 0, 228.592, 0, 0, 100, 0, 0, 0, 227.77, 0, 0, 100, 0, 0, 0, 227.771, 0, 0, 100, 0, 0, 0, 227.771, 0, 0, 100, 0, 0, 0, 228.826, 0, 0, 99.976, 0, 0, 0, 228.826, 0, 0, 100, 0, 0, 0, 228.826, 0, 0, 100, 0, 0, 0, 228.826, 0, 0, 100, 0, 0, 0, 228.591, 0, 0, 99.7026, 0, 0, 0, 228.123, 0, 0, 100, 0, 0, 0, 228.591, 0, 0, 99.2366, 0, 0, 0, 228.591, 0, 0, 98.6509, 0, 0, 0, 228.473, 0, 0, 100, 0, 0, 0, 228.473, 0, 0, 98.3305, 0, 0, 0, 228.473, 0, 0, 100, 0, 0, 0, 227.536, 0, 0, 100, 0, 0, 0, 227.536, 0, 0, 100, 0, 0, 0, 228.123, 0, 0, 100, 0, 0, 0, 227.536, 0, 0, 98.2217, 0, 0, 0, 227.536, 0, 0, 99.1661, 0, 0, 0, 227.419, 0, 0, 100, 0, 0, 0, 227.419, 0, 0, 100, 0, 0, 0, 227.419, 0, 0, 99.2438, 0, 0, 0, 227.419, 0, 0, 100, 0, 0, 0, 227.419, 0, 0, 98.8577, 0, 0, 0, 227.419, 0, 0, 99.6245, 0, 0, 0, 229.18, 0, 0, 100, 0, 0, 0, 228.826, 0, 0, 98.9958, 0, 0, 0, 229.18, 0, 0, 100, 0, 0, 0, 229.18, 0, 0, 100, 0, 0, 0, 229.18, 0, 0, 100, 0, 0, 0, 229.18, 0, 0, 100, 0, 0, 0, 228.944, 0, 0, 100, 0, 0, 0, 228.944, 0, 0, 98.75, 0, 0, 0, 228.944, 0, 0, 99.2296, 0, 0, 0, 228.944, 0, 0, 100, 0, 0, 0, 228.944, 0, 0, 100, 0, 0, 0, 228.826, 0, 0, 100, 0, 0, 0, 228.826, 0, 0, 100, 0, 0, 0, 228.826, 0, 0, 99.7181, 0, 0, 0, 228.826, 0, 0, 100, 0, 0, 0, 227.77, 0, 0, 100, 0, 0, 0, 227.771, 0, 0, 100, 0, 0, 0, 227.771, 0, 0, 99.358, 0, 0, 0, 
2019 Aug 19 (Mon) 12:30, 227.171, 0, 0, 100, 0, 0, 0, 227.173, 0, 0, 98.8601, 0, 0, 0, 227.173, 0, 0, 100, 0, 0, 0, 227.173, 0, 0, 98.1562, 0, 0, 0, 227.173, 0, 0, 100, 0, 0, 0, 227.173, 0, 0, 100, 0, 0, 0, 226.677, 0, 0, 100, 0, 0, 0, 226.677, 0, 0, 98.1581, 0, 0, 0, 226.678, 0, 0, 100, 0, 0, 0, 226.677, 0, 0, 100, 0, 0, 0, 227.173, 0, 0, 100, 0, 0, 0, 226.306, 0, 0, 100, 0, 0, 0, 226.306, 0, 0, 100, 0, 0, 0, 226.306, 0, 0, 100, 0, 0, 0, 227.42, 0, 0, 99.976, 0, 0, 0, 227.42, 0, 0, 100, 0, 0, 0, 227.42, 0, 0, 100, 0, 0, 0, 227.42, 0, 0, 100, 0, 0, 0, 227.171, 0, 0, 99.7026, 0, 0, 0, 226.677, 0, 0, 100, 0, 0, 0, 227.171, 0, 0, 99.2366, 0, 0, 0, 227.171, 0, 0, 98.6509, 0, 0, 0, 227.047, 0, 0, 100, 0, 0, 0, 227.047, 0, 0, 98.3305, 0, 0, 0, 227.047, 0, 0, 100, 0, 0, 0, 226.058, 0, 0, 100, 0, 0, 0, 226.058, 0, 0, 100, 0, 0, 0, 226.678, 0, 0, 100, 0, 0, 0, 226.058, 0, 0, 98.2217, 0, 0, 0, 226.058, 0, 0, 99.1661, 0, 0, 0, 225.934, 0, 0, 100, 0, 0, 0, 225.934, 0, 0, 100, 0, 0, 0, 225.935, 0, 0, 99.2438, 0, 0, 0, 225.934, 0, 0, 100, 0, 0, 0, 225.934, 0, 0, 98.8577, 0, 0, 0, 225.935, 0, 0, 99.6245, 0, 0, 0, 227.793, 0, 0, 100, 0, 0, 0, 227.42, 0, 0, 98.9958, 0, 0, 0, 227.794, 0, 0, 100, 0, 0, 0, 227.794, 0, 0, 100, 0, 0, 0, 227.793, 0, 0, 100, 0, 0, 0, 227.794, 0, 0, 100, 0, 0, 0, 227.544, 0, 0, 100, 0, 0, 0, 227.544, 0, 0, 98.75, 0, 0, 0, 227.544, 0, 0, 99.2296, 0, 0, 0, 227.544, 0, 0, 100, 0, 0, 0, 227.544, 0, 0, 100, 0, 0, 0, 227.42, 0, 0, 100, 0, 0, 0, 227.42, 0, 0, 100, 0, 0, 0, 227.42, 0, 0, 99.7181, 0, 0, 0, 227.42, 0, 0, 100, 0, 0, 0, 226.306, 0, 0, 100, 0, 0, 0, 226.306, 0, 0, 100, 0, 0, 0, 226.306, 0, 0, 99.358, 0, 0, 0, 
2019 Aug 19 (Mon) 13:00, 229.899, 0, 0, 100, 0, 0, 0, 229.901, 0, 0, 98.8601, 0, 0, 0, 229.9, 0, 0, 100, 0, 0, 0, 229.901, 0, 0, 98.1562, 0, 0, 0, 229.901, 0, 0, 100, 0, 0, 0, 229.9, 0, 0, 100, 0, 0, 0, 229.447, 0, 0, 100, 0, 0, 0, 229.447, 0, 0, 98.1581, 0, 0, 0, 229.447, 0, 0, 100, 0, 0, 0, 229.447, 0, 0, 100, 0, 0, 0, 229.901, 0, 0, 100, 0, 0, 0, 229.107, 0, 0, 100, 0, 0, 0, 229.108, 0, 0, 100, 0, 0, 0, 229.108, 0, 0, 100, 0, 0, 0, 230.127, 0, 0, 99.976, 0, 0, 0, 230.126, 0, 0, 100, 0, 0, 0, 230.127, 0, 0, 100, 0, 0, 0, 230.126, 0, 0, 100, 0, 0, 0, 229.899, 0, 0, 99.7026, 0, 0, 0, 229.447, 0, 0, 100, 0, 0, 0, 229.899, 0, 0, 99.2366, 0, 0, 0, 229.899, 0, 0, 98.6509, 0, 0, 0, 229.786, 0, 0, 100, 0, 0, 0, 229.785, 0, 0, 98.3305, 0, 0, 0, 229.785, 0, 0, 100, 0, 0, 0, 228.881, 0, 0, 100, 0, 0, 0, 228.881, 0, 0, 100, 0, 0, 0, 229.447, 0, 0, 100, 0, 0, 0, 228.881, 0, 0, 98.2217, 0, 0, 0, 228.881, 0, 0, 99.1661, 0, 0, 0, 228.768, 0, 0, 100, 0, 0, 0, 228.768, 0, 0, 100, 0, 0, 0, 228.768, 0, 0, 99.2438, 0, 0, 0, 228.768, 0, 0, 100, 0, 0, 0, 228.768, 0, 0, 98.8577, 0, 0, 0, 228.768, 0, 0, 99.6245, 0, 0, 0, 230.468, 0, 0, 100, 0, 0, 0, 230.126, 0, 0, 98.9958, 0, 0, 0, 230.468, 0, 0, 100, 0, 0, 0, 230.468, 0, 0, 100, 0, 0, 0, 230.468, 0, 0, 100, 0, 0, 0, 230.468, 0, 0, 100, 0, 0, 0, 230.24, 0, 0, 100, 0, 0, 0, 230.24, 0, 0, 98.75, 0, 0, 0, 230.24, 0, 0, 99.2296, 0, 0, 0, 230.24, 0, 0, 100, 0, 0, 0, 230.24, 0, 0, 100, 0, 0, 0, 230.126, 0, 0, 100, 0, 0, 0, 230.126, 0, 0, 100, 0, 0, 0, 230.126, 0, 0, 99.7181, 0, 0, 0, 230.126, 0, 0, 100, 0, 0, 0, 229.107, 0, 0, 100, 0, 0, 0, 229.108, 0, 0, 100, 0, 0, 0, 229.108, 0, 0, 99.358, 0, 0, 0, 
2019 Aug 19 (Mon) 13:30, 229.562, 0, 0, 100, 0, 0, 0, 229.563, 0, 0, 98.8601, 0, 0, 0, 229.563, 0, 0, 100, 0, 0, 0, 229.563, 0, 0, 98.1562, 0, 0, 0, 229.563, 0, 0, 100, 0, 0, 0, 229.563, 0, 0, 100, 0, 0, 0, 229.117, 0, 0, 100, 0, 0, 0, 229.117, 0, 0, 98.1581, 0, 0, 0, 229.117, 0, 0, 100, 0, 0, 0, 229.117, 0, 0, 100, 0, 0, 0, 229.563, 0, 0, 100, 0, 0, 0, 228.783, 0, 0, 100, 0, 0, 0, 228.783, 0, 0, 100, 0, 0, 0, 228.783, 0, 0, 100, 0, 0, 0, 229.785, 0, 0, 99.976, 0, 0, 0, 229.785, 0, 0, 100, 0, 0, 0, 229.785, 0, 0, 100, 0, 0, 0, 229.785, 0, 0, 100, 0, 0, 0, 229.561, 0, 0, 99.7026, 0, 0, 0, 229.117, 0, 0, 100, 0, 0, 0, 229.562, 0, 0, 99.2366, 0, 0, 0, 229.561, 0, 0, 98.6509, 0, 0, 0, 229.45, 0, 0, 100, 0, 0, 0, 229.45, 0, 0, 98.3305, 0, 0, 0, 229.45, 0, 0, 100, 0, 0, 0, 228.56, 0, 0, 100, 0, 0, 0, 228.561, 0, 0, 100, 0, 0, 0, 229.117, 0, 0, 100, 0, 0, 0, 228.56, 0, 0, 98.2217, 0, 0, 0, 228.561, 0, 0, 99.1661, 0, 0, 0, 228.449, 0, 0, 100, 0, 0, 0, 228.449, 0, 0, 100, 0, 0, 0, 228.449, 0, 0, 99.2438, 0, 0, 0, 228.449, 0, 0, 100, 0, 0, 0, 228.449, 0, 0, 98.8577, 0, 0, 0, 228.449, 0, 0, 99.6245, 0, 0, 0, 230.12, 0, 0, 100, 0, 0, 0, 229.785, 0, 0, 98.9958, 0, 0, 0, 230.12, 0, 0, 100, 0, 0, 0, 230.121, 0, 0, 100, 0, 0, 0, 230.12, 0, 0, 100, 0, 0, 0, 230.121, 0, 0, 100, 0, 0, 0, 229.897, 0, 0, 100, 0, 0, 0, 229.897, 0, 0, 98.75, 0, 0, 0, 229.897, 0, 0, 99.2296, 0, 0, 0, 229.897, 0, 0, 100, 0, 0, 0, 229.897, 0, 0, 100, 0, 0, 0, 229.785, 0, 0, 100, 0, 0, 0, 229.785, 0, 0, 100, 0, 0, 0, 229.785, 0, 0, 99.7181, 0, 0, 0, 229.785, 0, 0, 100, 0, 0, 0, 228.783, 0, 0, 100, 0, 0, 0, 228.783, 0, 0, 100, 0, 0, 0, 228.783, 0, 0, 99.358, 0, 0, 0, 
2019 Aug 19 (Mon) 14:00, 226.853, 0, 0, 100, 0, 0, 0, 226.855, 0, 0, 98.8601, 0, 0, 0, 226.854, 0, 0, 100, 0, 0, 0, 226.854, 0, 0, 98.1562, 0, 0, 0, 226.855, 0, 0, 100, 0, 0, 0, 226.854, 0, 0, 100, 0, 0, 0, 226.362, 0, 0, 100, 0, 0, 0, 226.362, 0, 0, 98.1581, 0, 0, 0, 226.362, 0, 0, 100, 0, 0, 0, 226.362, 0, 0, 100, 0, 0, 0, 226.854, 0, 0, 100, 0, 0, 0, 225.993, 0, 0, 100, 0, 0, 0, 225.993, 0, 0, 100, 0, 0, 0, 225.993, 0, 0, 100, 0, 0, 0, 227.1, 0, 0, 99.976, 0, 0, 0, 227.099, 0, 0, 100, 0, 0, 0, 227.1, 0, 0, 100, 0, 0, 0, 227.099, 0, 0, 100, 0, 0, 0, 226.852, 0, 0, 99.7026, 0, 0, 0, 226.362, 0, 0, 100, 0, 0, 0, 226.853, 0, 0, 99.2366, 0, 0, 0, 226.852, 0, 0, 98.6509, 0, 0, 0, 226.729, 0, 0, 100, 0, 0, 0, 226.729, 0, 0, 98.3305, 0, 0, 0, 226.729, 0, 0, 100, 0, 0, 0, 225.747, 0, 0, 100, 0, 0, 0, 225.748, 0, 0, 100, 0, 0, 0, 226.362, 0, 0, 100, 0, 0, 0, 225.747, 0, 0, 98.2217, 0, 0, 0, 225.748, 0, 0, 99.1661, 0, 0, 0, 225.624, 0, 0, 100, 0, 0, 0, 225.624, 0, 0, 100, 0, 0, 0, 225.625, 0, 0, 99.2438, 0, 0, 0, 225.624, 0, 0, 100, 0, 0, 0, 225.624, 0, 0, 98.8577, 0, 0, 0, 225.625, 0, 0, 99.6245, 0, 0, 0, 227.47, 0, 0, 100, 0, 0, 0, 227.1, 0, 0, 98.9958, 0, 0, 0, 227.47, 0, 0, 100, 0, 0, 0, 227.47, 0, 0, 100, 0, 0, 0, 227.47, 0, 0, 100, 0, 0, 0, 227.47, 0, 0, 100, 0, 0, 0, 227.223, 0, 0, 100, 0, 0, 0, 227.223, 0, 0, 98.75, 0, 0, 0, 227.223, 0, 0, 99.2296, 0, 0, 0, 227.223, 0, 0, 100, 0, 0, 0, 227.223, 0, 0, 100, 0, 0, 0, 227.099, 0, 0, 100, 0, 0, 0, 227.099, 0, 0, 100, 0, 0, 0, 227.099, 0, 0, 99.7181, 0, 0, 0, 227.099, 0, 0, 100, 0, 0, 0, 225.993, 0, 0, 100, 0, 0, 0, 225.993, 0, 0, 100, 0, 0, 0, 225.993, 0, 0, 99.358, 0, 0, 0, 
2019 Aug 19 (Mon) 14:30, 225.82, 0, 0, 100, 0, 0, 0, 225.822, 0, 0, 98.8601, 0, 0, 0, 225.822, 0, 0, 100, 0, 0, 0, 225.822, 0, 0, 98.1562, 0, 0, 0, 225.822, 0, 0, 100, 0, 0, 0, 225.822, 0, 0, 100, 0, 0, 0, 225.318, 0, 0, 100, 0, 0, 0, 225.318, 0, 0, 98.1581, 0, 0, 0, 225.318, 0, 0, 100, 0, 0, 0, 225.318, 0, 0, 100, 0, 0, 0, 225.822, 0, 0, 100, 0, 0, 0, 224.939, 0, 0, 100, 0, 0, 0, 224.94, 0, 0, 100, 0, 0, 0, 224.94, 0, 0, 100, 0, 0, 0, 226.073, 0, 0, 99.976, 0, 0, 0, 226.073, 0, 0, 100, 0, 0, 0, 226.073, 0, 0, 100, 0, 0, 0, 226.073, 0, 0, 100, 0, 0, 0, 225.82, 0, 0, 99.7026, 0, 0, 0, 225.318, 0, 0, 100, 0, 0, 0, 225.82, 0, 0, 99.2366, 0, 0, 0, 225.82, 0, 0, 98.6509, 0, 0, 0, 225.694, 0, 0, 100, 0, 0, 0, 225.693, 0, 0, 98.3305, 0, 0, 0, 225.693, 0, 0, 100, 0, 0, 0, 224.688, 0, 0, 100, 0, 0, 0, 224.688, 0, 0, 100, 0, 0, 0, 225.318, 0, 0, 100, 0, 0, 0, 224.688, 0, 0, 98.2217, 0, 0, 0, 224.688, 0, 0, 99.1661, 0, 0, 0, 224.562, 0, 0, 100, 0, 0, 0, 224.562, 0, 0, 100, 0, 0, 0, 224.562, 0, 0, 99.2438, 0, 0, 0, 224.562, 0, 0, 100, 0, 0, 0, 224.562, 0, 0, 98.8577, 0, 0, 0, 224.562, 0, 0, 99.6245, 0, 0, 0, 226.453, 0, 0, 100, 0, 0, 0, 226.073, 0, 0, 98.9958, 0, 0, 0, 226.453, 0, 0, 100, 0, 0, 0, 226.453, 0, 0, 100, 0, 0, 0, 226.453, 0, 0, 100, 0, 0, 0, 226.453, 0, 0, 100, 0, 0, 0, 226.2, 0, 0, 100, 0, 0, 0, 226.2, 0, 0, 98.75, 0, 0, 0, 226.2, 0, 0, 99.2296, 0, 0, 0, 226.2, 0, 0, 100, 0, 0, 0, 226.2, 0, 0, 100, 0, 0, 0, 226.073, 0, 0, 100, 0, 0, 0, 226.073, 0, 0, 100, 0, 0, 0, 226.073, 0, 0, 99.7181, 0, 0, 0, 226.073, 0, 0, 100, 0, 0, 0, 224.939, 0, 0, 100, 0, 0, 0, 224.94, 0, 0, 100, 0, 0, 0, 224.94, 0, 0, 99.358, 0, 0, 0, 
2019 Aug 19 (Mon) 15:00, 229.507, 0, 0, 100, 0, 0, 0, 229.509, 0, 0, 98.8601, 0, 0, 0, 229.509, 0, 0, 100, 0, 0, 0, 229.509, 0, 0, 98.1562, 0, 0, 0, 229.509, 0, 0, 100, 0, 0, 0, 229.509, 0, 0, 100, 0, 0, 0, 229.048, 0, 0, 100, 0, 0, 0, 229.049, 0, 0, 98.1581, 0, 0, 0, 229.049, 0, 0, 100, 0, 0, 0, 229.048, 0, 0, 100, 0, 0, 0, 229.509, 0, 0, 100, 0, 0, 0, 228.704, 0, 0, 100, 0, 0, 0, 228.704, 0, 0, 100, 0, 0, 0, 228.704, 0, 0, 100, 0, 0, 0, 229.738, 0, 0, 99.976, 0, 0, 0, 229.738, 0, 0, 100, 0, 0, 0, 229.738, 0, 0, 100, 0, 0, 0, 229.738, 0, 0, 100, 0, 0, 0, 229.507, 0, 0, 99.7026, 0, 0, 0, 229.049, 0, 0, 100, 0, 0, 0, 229.507, 0, 0, 99.2366, 0, 0, 0, 229.507, 0, 0, 98.6509, 0, 0, 0, 229.392, 0, 0, 100, 0, 0, 0, 229.392, 0, 0, 98.3305, 0, 0, 0, 229.392, 0, 0, 100, 0, 0, 0, 228.474, 0, 0, 100, 0, 0, 0, 228.474, 0, 0, 100, 0, 0, 0, 229.049, 0, 0, 100, 0, 0, 0, 228.474, 0, 0, 98.2217, 0, 0, 0, 228.474, 0, 0, 99.1661, 0, 0, 0, 228.359, 0, 0, 100, 0, 0, 0, 228.359, 0, 0, 100, 0, 0, 0, 228.359, 0, 0, 99.2438, 0, 0, 0, 228.359, 0, 0, 100, 0, 0, 0, 228.359, 0, 0, 98.8577, 0, 0, 0, 228.359, 0, 0, 99.6245, 0, 0, 0, 230.085, 0, 0, 100, 0, 0, 0, 229.738, 0, 0, 98.9958, 0, 0, 0, 230.085, 0, 0, 100, 0, 0, 0, 230.085, 0, 0, 100, 0, 0, 0, 230.085, 0, 0, 100, 0, 0, 0, 230.085, 0, 0, 100, 0, 0, 0, 229.853, 0, 0, 100, 0, 0, 0, 229.853, 0, 0, 98.75, 0, 0, 0, 229.853, 0, 0, 99.2296, 0, 0, 0, 229.853, 0, 0, 100, 0, 0, 0, 229.854, 0, 0, 100, 0, 0, 0, 229.738, 0, 0, 100, 0, 0, 0, 229.738, 0, 0, 100, 0, 0, 0, 229.738, 0, 0, 99.7181, 0, 0, 0, 229.738, 0, 0, 100, 0, 0, 0, 228.704, 0, 0, 100, 0, 0, 0, 228.704, 0, 0, 100, 0, 0, 0, 228.704, 0, 0, 99.358, 0, 0, 0, 
2019 Aug 19 (Mon) 15:30, 227.2, 0, 0, 100, 0, 0, 0, 227.202, 0, 0, 98.8601, 0, 0, 0, 227.202, 0, 0, 100, 0, 0, 0, 227.202, 0, 0, 98.1562, 0, 0, 0, 227.202, 0, 0, 100, 0, 0, 0, 227.202, 0, 0, 100, 0, 0, 0, 226.684, 0, 0, 100, 0, 0, 0, 226.685, 0, 0, 98.1581, 0, 0, 0, 226.685, 0, 0, 100, 0, 0, 0, 226.684, 0, 0, 100, 0, 0, 0, 227.202, 0, 0, 100, 0, 0, 0, 226.297, 0, 0, 100, 0, 0, 0, 226.297, 0, 0, 100, 0, 0, 0, 226.297, 0, 0, 100, 0, 0, 0, 227.46, 0, 0, 99.976, 0, 0, 0, 227.459, 0, 0, 100, 0, 0, 0, 227.46, 0, 0, 100, 0, 0, 0, 227.459, 0, 0, 100, 0, 0, 0, 227.2, 0, 0, 99.7026, 0, 0, 0, 226.685, 0, 0, 100, 0, 0, 0, 227.2, 0, 0, 99.2366, 0, 0, 0, 227.2, 0, 0, 98.6509, 0, 0, 0, 227.07, 0, 0, 100, 0, 0, 0, 227.07, 0, 0, 98.3305, 0, 0, 0, 227.07, 0, 0, 100, 0, 0, 0, 226.038, 0, 0, 100, 0, 0, 0, 226.039, 0, 0, 100, 0, 0, 0, 226.685, 0, 0, 100, 0, 0, 0, 226.038, 0, 0, 98.2217, 0, 0, 0, 226.039, 0, 0, 99.1661, 0, 0, 0, 225.909, 0, 0, 100, 0, 0, 0, 225.909, 0, 0, 100, 0, 0, 0, 225.91, 0, 0, 99.2438, 0, 0, 0, 225.909, 0, 0, 100, 0, 0, 0, 225.909, 0, 0, 98.8577, 0, 0, 0, 225.91, 0, 0, 99.6245, 0, 0, 0, 227.849, 0, 0, 100, 0, 0, 0, 227.459, 0, 0, 98.9958, 0, 0, 0, 227.849, 0, 0, 100, 0, 0, 0, 227.849, 0, 0, 100, 0, 0, 0, 227.849, 0, 0, 100, 0, 0, 0, 227.849, 0, 0, 100, 0, 0, 0, 227.589, 0, 0, 100, 0, 0, 0, 227.589, 0, 0, 98.75, 0, 0, 0, 227.589, 0, 0, 99.2296, 0, 0, 0, 227.589, 0, 0, 100, 0, 0, 0, 227.589, 0, 0, 100, 0, 0, 0, 227.459, 0, 0, 100, 0, 0, 0, 227.459, 0, 0, 100, 0, 0, 0, 227.459, 0, 0, 99.7181, 0, 0, 0, 227.459, 0, 0, 100, 0, 0, 0, 226.297, 0, 0, 100, 0, 0, 0, 226.297, 0, 0, 100, 0, 0, 0, 226.297, 0, 0, 99.358, 0, 0, 0, 
2019 Aug 19 (Mon) 16:00, 228.073, 0, 0, 100, 0, 0, 0, 228.075, 0, 0, 98.8601, 0, 0, 0, 228.075, 0, 0, 100, 0, 0, 0, 228.075, 0, 0, 98.1562, 0, 0, 0, 228.075, 0, 0, 100, 0, 0, 0, 228.075, 0, 0, 100, 0, 0, 0, 227.553, 0, 0, 100, 0, 0, 0, 227.553, 0, 0, 98.1581, 0, 0, 0, 227.554, 0, 0, 100, 0, 0, 0, 227.553, 0, 0, 100, 0, 0, 0, 228.075, 0, 0, 100, 0, 0, 0, 227.162, 0, 0, 100, 0, 0, 0, 227.163, 0, 0, 100, 0, 0, 0, 227.163, 0, 0, 100, 0, 0, 0, 228.335, 0, 0, 99.976, 0, 0, 0, 228.335, 0, 0, 100, 0, 0, 0, 228.335, 0, 0, 100, 0, 0, 0, 228.335, 0, 0, 100, 0, 0, 0, 228.073, 0, 0, 99.7026, 0, 0, 0, 227.553, 0, 0, 100, 0, 0, 0, 228.073, 0, 0, 99.2366, 0, 0, 0, 228.073, 0, 0, 98.6509, 0, 0, 0, 227.942, 0, 0, 100, 0, 0, 0, 227.942, 0, 0, 98.3305, 0, 0, 0, 227.942, 0, 0, 100, 0, 0, 0, 226.902, 0, 0, 100, 0, 0, 0, 226.902, 0, 0, 100, 0, 0, 0, 227.554, 0, 0, 100, 0, 0, 0, 226.902, 0, 0, 98.2217, 0, 0, 0, 226.902, 0, 0, 99.1661, 0, 0, 0, 226.772, 0, 0, 100, 0, 0, 0, 226.772, 0, 0, 100, 0, 0, 0, 226.772, 0, 0, 99.2438, 0, 0, 0, 226.772, 0, 0, 100, 0, 0, 0, 226.772, 0, 0, 98.8577, 0, 0, 0, 226.772, 0, 0, 99.6245, 0, 0, 0, 228.728, 0, 0, 100, 0, 0, 0, 228.335, 0, 0, 98.9958, 0, 0, 0, 228.728, 0, 0, 100, 0, 0, 0, 228.728, 0, 0, 100, 0, 0, 0, 228.728, 0, 0, 100, 0, 0, 0, 228.728, 0, 0, 100, 0, 0, 0, 228.465, 0, 0, 100, 0, 0, 0, 228.466, 0, 0, 98.75, 0, 0, 0, 228.465, 0, 0, 99.2296, 0, 0, 0, 228.466, 0, 0, 100, 0, 0, 0, 228.466, 0, 0, 100, 0, 0, 0, 228.334, 0, 0, 100, 0, 0, 0, 228.334, 0, 0, 100, 0, 0, 0, 228.335, 0, 0, 99.7181, 0, 0, 0, 228.334, 0, 0, 100, 0, 0, 0, 227.162, 0, 0, 100, 0, 0, 0, 227.163, 0, 0, 100, 0, 0, 0, 227.163, 0, 0, 99.358, 0, 0, 0, 
2019 Aug 19 (Mon) 16:30, 224.905, 0, 0, 100, 0, 0, 0, 224.907, 0, 0, 98.8601, 0, 0, 0, 224.907, 0, 0, 100, 0, 0, 0, 224.907, 0, 0, 98.1562, 0, 0, 0, 224.907, 0, 0, 100, 0, 0, 0, 224.907, 0, 0, 100, 0, 0, 0, 224.313, 0, 0, 100, 0, 0, 0, 224.313, 0, 0, 98.1581, 0, 0, 0, 224.313, 0, 0, 100, 0, 0, 0, 224.313, 0, 0, 100, 0, 0, 0, 224.907, 0, 0, 100, 0, 0, 0, 223.867, 0, 0, 100, 0, 0, 0, 223.867, 0, 0, 100, 0, 0, 0, 223.867, 0, 0, 100, 0, 0, 0, 225.203, 0, 0, 99.976, 0, 0, 0, 225.203, 0, 0, 100, 0, 0, 0, 225.203, 0, 0, 100, 0, 0, 0, 225.203, 0, 0, 100, 0, 0, 0, 224.904, 0, 0, 99.7026, 0, 0, 0, 224.313, 0, 0, 100, 0, 0, 0, 224.905, 0, 0, 99.2366, 0, 0, 0, 224.904, 0, 0, 98.6509, 0, 0, 0, 224.755, 0, 0, 100, 0, 0, 0, 224.755, 0, 0, 98.3305, 0, 0, 0, 224.755, 0, 0, 100, 0, 0, 0, 223.57, 0, 0, 100, 0, 0, 0, 223.571, 0, 0, 100, 0, 0, 0, 224.313, 0, 0, 100, 0, 0, 0, 223.57, 0, 0, 98.2217, 0, 0, 0, 223.571, 0, 0, 99.1661, 0, 0, 0, 223.422, 0, 0, 100, 0, 0, 0, 223.422, 0, 0, 100, 0, 0, 0, 223.422, 0, 0, 99.2438, 0, 0, 0, 223.422, 0, 0, 100, 0, 0, 0, 223.422, 0, 0, 98.8577, 0, 0, 0, 223.422, 0, 0, 99.6245, 0, 0, 0, 225.651, 0, 0, 100, 0, 0, 0, 225.203, 0, 0, 98.9958, 0, 0, 0, 225.651, 0, 0, 100, 0, 0, 0, 225.651, 0, 0, 100, 0, 0, 0, 225.651, 0, 0, 100, 0, 0, 0, 225.651, 0, 0, 100, 0, 0, 0, 225.352, 0, 0, 100, 0, 0, 0, 225.352, 0, 0, 98.75, 0, 0, 0, 225.352, 0, 0, 99.2296, 0, 0, 0, 225.352, 0, 0, 100, 0, 0, 0, 225.352, 0, 0, 100, 0, 0, 0, 225.202, 0, 0, 100, 0, 0, 0, 225.202, 0, 0, 100, 0, 0, 0, 225.203, 0, 0, 99.7181, 0, 0, 0, 225.202, 0, 0, 100, 0, 0, 0, 223.867, 0, 0, 100, 0, 0, 0, 223.867, 0, 0, 100, 0, 0, 0, 223.867, 0, 0, 99.358, 0, 0, 0, 
2019 Aug 19 (Mon) 17:00, 224.158, 0, 0, 100, 0, 0, 0, 224.161, 0, 0, 98.8601, 0, 0, 0, 224.161, 0, 0, 100, 0, 0, 0, 224.161, 0, 0, 98.1562, 0, 0, 0, 224.161, 0, 0, 100, 0, 0, 0, 224.161, 0, 0, 100, 0, 0, 0, 223.519, 0, 0, 100, 0, 0, 0, 223.519, 0, 0, 98.1581, 0, 0, 0, 223.52, 0, 0, 100, 0, 0, 0, 223.519, 0, 0, 100, 0, 0, 0, 224.161, 0, 0, 100, 0, 0, 0, 223.039, 0, 0, 100, 0, 0, 0, 223.039, 0, 0, 100, 0, 0, 0, 223.039, 0, 0, 100, 0, 0, 0, 224.48, 0, 0, 99.976, 0, 0, 0, 224.48, 0, 0, 100, 0, 0, 0, 224.48, 0, 0, 100, 0, 0, 0, 224.48, 0, 0, 100, 0, 0, 0, 224.158, 0, 0, 99.7026, 0, 0, 0, 223.519, 0, 0, 100, 0, 0, 0, 224.158, 0, 0, 99.2366, 0, 0, 0, 224.157, 0, 0, 98.6509, 0, 0, 0, 223.997, 0, 0, 100, 0, 0, 0, 223.996, 0, 0, 98.3305, 0, 0, 0, 223.996, 0, 0, 100, 0, 0, 0, 222.718, 0, 0, 100, 0, 0, 0, 222.719, 0, 0, 100, 0, 0, 0, 223.52, 0, 0, 100, 0, 0, 0, 222.718, 0, 0, 98.2217, 0, 0, 0, 222.719, 0, 0, 99.1661, 0, 0, 0, 222.558, 0, 0, 100, 0, 0, 0, 222.559, 0, 0, 100, 0, 0, 0, 222.559, 0, 0, 99.2438, 0, 0, 0, 222.558, 0, 0, 100, 0, 0, 0, 222.559, 0, 0, 98.8577, 0, 0, 0, 222.559, 0, 0, 99.6245, 0, 0, 0, 224.963, 0, 0, 100, 0, 0, 0, 224.48, 0, 0, 98.9958, 0, 0, 0, 224.964, 0, 0, 100, 0, 0, 0, 224.964, 0, 0, 100, 0, 0, 0, 224.963, 0, 0, 100, 0, 0, 0, 224.964, 0, 0, 100, 0, 0, 0, 224.64, 0, 0, 100, 0, 0, 0, 224.641, 0, 0, 98.75, 0, 0, 0, 224.64, 0, 0, 99.2296, 0, 0, 0, 224.641, 0, 0, 100, 0, 0, 0, 224.641, 0, 0, 100, 0, 0, 0, 224.479, 0, 0, 100, 0, 0, 0, 224.479, 0, 0, 100, 0, 0, 0, 224.479, 0, 0, 99.7181, 0, 0, 0, 224.479, 0, 0, 100, 0, 0, 0, 223.039, 0, 0, 100, 0, 0, 0, 223.039, 0, 0, 100, 0, 0, 0, 223.039, 0, 0, 99.358, 0, 0, 0, 
2019 Aug 19 (Mon) 17:30, 220.144, 0, 0, 100, 0, 0, 0, 220.149, 0, 0, 98.8601, 0, 0, 0, 220.149, 0, 0, 100, 0, 0, 0, 220.149, 0, 0, 98.1562, 0, 0, 0, 220.149, 0, 0, 100, 0, 0, 0, 220.149, 0, 0, 100, 0, 0, 0, 219.404, 0, 0, 100, 0, 0, 0, 219.405, 0, 0, 98.1581, 0, 0, 0, 219.405, 0, 0, 100, 0, 0, 0, 219.404, 0, 0, 100, 0, 0, 0, 220.149, 0, 0, 100, 0, 0, 0, 218.847, 0, 0, 100, 0, 0, 0, 218.847, 0, 0, 100, 0, 0, 0, 218.847, 0, 0, 100, 0, 0, 0, 220.519, 0, 0, 99.976, 0, 0, 0, 220.518, 0, 0, 100, 0, 0, 0, 220.519, 0, 0, 100, 0, 0, 0, 220.518, 0, 0, 100, 0, 0, 0, 220.144, 0, 0, 99.7026, 0, 0, 0, 219.405, 0, 0, 100, 0, 0, 0, 220.144, 0, 0, 99.2366, 0, 0, 0, 220.144, 0, 0, 98.6509, 0, 0, 0, 219.957, 0, 0, 100, 0, 0, 0, 219.957, 0, 0, 98.3305, 0, 0, 0, 219.957, 0, 0, 100, 0, 0, 0, 218.475, 0, 0, 100, 0, 0, 0, 218.476, 0, 0, 100, 0, 0, 0, 219.405, 0, 0, 100, 0, 0, 0, 218.475, 0, 0, 98.2217, 0, 0, 0, 218.476, 0, 0, 99.1661, 0, 0, 0, 218.29, 0, 0, 100, 0, 0, 0, 218.29, 0, 0, 100, 0, 0, 0, 218.29, 0, 0, 99.2438, 0, 0, 0, 218.29, 0, 0, 100, 0, 0, 0, 218.29, 0, 0, 98.8577, 0, 0, 0, 218.29, 0, 0, 99.6245, 0, 0, 0, 221.08, 0, 0, 100, 0, 0, 0, 220.518, 0, 0, 98.9958, 0, 0, 0, 221.08, 0, 0, 100, 0, 0, 0, 221.08, 0, 0, 100, 0, 0, 0, 221.08, 0, 0, 100, 0, 0, 0, 221.08, 0, 0, 100, 0, 0, 0, 220.705, 0, 0, 100, 0, 0, 0, 220.705, 0, 0, 98.75, 0, 0, 0, 220.705, 0, 0, 99.2296, 0, 0, 0, 220.705, 0, 0, 100, 0, 0, 0, 220.705, 0, 0, 100, 0, 0, 0, 220.517, 0, 0, 100, 0, 0, 0, 220.518, 0, 0, 100, 0, 0, 0, 220.518, 0, 0, 99.7181, 0, 0, 0, 220.518, 0, 0, 100, 0, 0, 0, 218.847, 0, 0, 100, 0, 0, 0, 218.847, 0, 0, 100, 0, 0, 0, 218.847, 0, 0, 99.358, 0, 0, 0, 
2019 Aug 19 (Mon) 18:00, 217.711, 0, 0, 100, 0, 0, 0, 217.717, 0, 0, 98.8601, 0, 0, 0, 217.716, 0, 0, 100, 0, 0, 0, 217.716, 0, 0, 98.1562, 0, 0, 0, 217.717, 0, 0, 100, 0, 0, 0, 217.716, 0, 0, 100, 0, 0, 0, 216.895, 0, 0, 100, 0, 0, 0, 216.895, 0, 0, 98.1581, 0, 0, 0, 216.895, 0, 0, 100, 0, 0, 0, 216.895, 0, 0, 100, 0, 0, 0, 217.716, 0, 0, 100, 0, 0, 0, 216.28, 0, 0, 100, 0, 0, 0, 216.28, 0, 0, 100, 0, 0, 0, 216.28, 0, 0, 100, 0, 0, 0, 218.124, 0, 0, 99.976, 0, 0, 0, 218.124, 0, 0, 100, 0, 0, 0, 218.124, 0, 0, 100, 0, 0, 0, 218.124, 0, 0, 100, 0, 0, 0, 217.711, 0, 0, 99.7026, 0, 0, 0, 216.895, 0, 0, 100, 0, 0, 0, 217.711, 0, 0, 99.2366, 0, 0, 0, 217.711, 0, 0, 98.6509, 0, 0, 0, 217.504, 0, 0, 100, 0, 0, 0, 217.504, 0, 0, 98.3305, 0, 0, 0, 217.504, 0, 0, 100, 0, 0, 0, 215.87, 0, 0, 100, 0, 0, 0, 215.87, 0, 0, 100, 0, 0, 0, 216.895, 0, 0, 100, 0, 0, 0, 215.87, 0, 0, 98.2217, 0, 0, 0, 215.87, 0, 0, 99.1661, 0, 0, 0, 215.665, 0, 0, 100, 0, 0, 0, 215.665, 0, 0, 100, 0, 0, 0, 215.665, 0, 0, 99.2438, 0, 0, 0, 215.665, 0, 0, 100, 0, 0, 0, 215.665, 0, 0, 98.8577, 0, 0, 0, 215.665, 0, 0, 99.6245, 0, 0, 0, 218.745, 0, 0, 100, 0, 0, 0, 218.124, 0, 0, 98.9958, 0, 0, 0, 218.745, 0, 0, 100, 0, 0, 0, 218.745, 0, 0, 100, 0, 0, 0, 218.745, 0, 0, 100, 0, 0, 0, 218.745, 0, 0, 100, 0, 0, 0, 218.33, 0, 0, 100, 0, 0, 0, 218.33, 0, 0, 98.75, 0, 0, 0, 218.33, 0, 0, 99.2296, 0, 0, 0, 218.33, 0, 0, 100, 0, 0, 0, 218.33, 0, 0, 100, 0, 0, 0, 218.123, 0, 0, 100, 0, 0, 0, 218.123, 0, 0, 100, 0, 0, 0, 218.123, 0, 0, 99.7181, 0, 0, 0, 218.123, 0, 0, 100, 0, 0, 0, 216.28, 0, 0, 100, 0, 0, 0, 216.28, 0, 0, 100, 0, 0, 0, 216.28, 0, 0, 99.358, 0, 0, 0, 
2019 Aug 19 (Mon) 18:30, 173.169, 0, 0, 92.0513, 0, 0, 0, 173.668, 0, 0, 90.9114, 0, 0, 0, 171.222, 0, 0, 92.0513, 0, 0, 0, 182.057, 0, 0, 90.2075, 0, 0, 0, 173.668, 0, 0, 92.0513, 0, 0, 0, 171.222, 0, 0, 92.0513, 0, 0, 0, 168.406, 0, 0, 92.0513, 0, 0, 0, 180.062, 0, 0, 90.2094, 0, 0, 0, 170.694, 0, 0, 92.0513, 0, 0, 0, 168.406, 0, 0, 92.0513, 0, 0, 0, 182.057, 0, 0, 92.0513, 0, 0, 0, 166.331, 0, 0, 92.0513, 0, 0, 0, 178.834, 0, 0, 92.0513, 0, 0, 0, 168.345, 0, 0, 92.0513, 0, 0, 0, 174.761, 0, 0, 92.0273, 0, 0, 0, 172.954, 0, 0, 92.0513, 0, 0, 0, 174.761, 0, 0, 92.0513, 0, 0, 0, 172.954, 0, 0, 92.0513, 0, 0, 0, 184.251, 0, 0, 91.7539, 0, 0, 0, 180.062, 0, 0, 92.0513, 0, 0, 0, 173.169, 0, 0, 91.2879, 0, 0, 0, 171.831, 0, 0, 90.7022, 0, 0, 0, 172.48, 0, 0, 92.0513, 0, 0, 0, 170.898, 0, 0, 90.3818, 0, 0, 0, 170.898, 0, 0, 92.0513, 0, 0, 0, 164.986, 0, 0, 92.0513, 0, 0, 0, 166.596, 0, 0, 92.0513, 0, 0, 0, 170.694, 0, 0, 92.0513, 0, 0, 0, 164.986, 0, 0, 90.2729, 0, 0, 0, 166.596, 0, 0, 91.2174, 0, 0, 0, 164.269, 0, 0, 92.0513, 0, 0, 0, 177.606, 0, 0, 92.0513, 0, 0, 0, 166.018, 0, 0, 91.2951, 0, 0, 0, 164.269, 0, 0, 92.0513, 0, 0, 0, 177.606, 0, 0, 90.909, 0, 0, 0, 166.018, 0, 0, 91.6758, 0, 0, 0, 174.791, 0, 0, 92.0513, 0, 0, 0, 184.428, 0, 0, 91.0471, 0, 0, 0, 184.826, 0, 0, 92.0513, 0, 0, 0, 177.291, 0, 0, 92.0513, 0, 0, 0, 174.791, 0, 0, 92.0513, 0, 0, 0, 177.291, 0, 0, 92.0513, 0, 0, 0, 173.295, 0, 0, 92.0513, 0, 0, 0, 183.047, 0, 0, 90.8013, 0, 0, 0, 173.295, 0, 0, 91.2809, 0, 0, 0, 183.047, 0, 0, 92.0513, 0, 0, 0, 177.019, 0, 0, 92.0513, 0, 0, 0, 172.811, 0, 0, 92.0513, 0, 0, 0, 182.029, 0, 0, 92.0513, 0, 0, 0, 176.889, 0, 0, 91.7693, 0, 0, 0, 182.029, 0, 0, 92.0513, 0, 0, 0, 166.331, 0, 0, 92.0513, 0, 0, 0, 178.834, 0, 0, 92.0513, 0, 0, 0, 168.345, 0, 0, 91.4093, 0, 0, 0, 
2019 Aug 19 (Mon) 19:00, 172.455, 0, 0, 97.7543, 0, 0, 0, 172.952, 0, 0, 96.6302, 0, 0, 0, 170.535, 0, 0, 97.7543, 0, 0, 0, 181.245, 0, 0, 95.9359, 0, 0, 0, 172.952, 0, 0, 97.7543, 0, 0, 0, 170.535, 0, 0, 97.7543, 0, 0, 0, 167.712, 0, 0, 97.7543, 0, 0, 0, 179.235, 0, 0, 95.9378, 0, 0, 0, 169.971, 0, 0, 97.7543, 0, 0, 0, 167.712, 0, 0, 97.7543, 0, 0, 0, 181.245, 0, 0, 97.7543, 0, 0, 0, 165.631, 0, 0, 97.7543, 0, 0, 0, 177.995, 0, 0, 97.7543, 0, 0, 0, 167.616, 0, 0, 97.7543, 0, 0, 0, 174.051, 0, 0, 97.7303, 0, 0, 0, 172.268, 0, 0, 97.7543, 0, 0, 0, 174.051, 0, 0, 97.7543, 0, 0, 0, 172.268, 0, 0, 97.7543, 0, 0, 0, 183.426, 0, 0, 97.4614, 0, 0, 0, 179.235, 0, 0, 97.7543, 0, 0, 0, 172.455, 0, 0, 97.0026, 0, 0, 0, 171.14, 0, 0, 96.4239, 0, 0, 0, 171.763, 0, 0, 97.7543, 0, 0, 0, 170.206, 0, 0, 96.1088, 0, 0, 0, 170.206, 0, 0, 97.7543, 0, 0, 0, 164.283, 0, 0, 97.7543, 0, 0, 0, 165.864, 0, 0, 97.7543, 0, 0, 0, 169.971, 0, 0, 97.7543, 0, 0, 0, 164.283, 0, 0, 96.0013, 0, 0, 0, 165.864, 0, 0, 96.9321, 0, 0, 0, 163.565, 0, 0, 97.7543, 0, 0, 0, 176.754, 0, 0, 97.7543, 0, 0, 0, 165.284, 0, 0, 97.0098, 0, 0, 0, 163.565, 0, 0, 97.7543, 0, 0, 0, 176.754, 0, 0, 96.6278, 0, 0, 0, 165.284, 0, 0, 97.3846, 0, 0, 0, 174.113, 0, 0, 97.7543, 0, 0, 0, 183.615, 0, 0, 96.7645, 0, 0, 0, 184.03, 0, 0, 97.7543, 0, 0, 0, 176.586, 0, 0, 97.7543, 0, 0, 0, 174.113, 0, 0, 97.7543, 0, 0, 0, 176.586, 0, 0, 97.7543, 0, 0, 0, 172.612, 0, 0, 97.7543, 0, 0, 0, 182.248, 0, 0, 96.5216, 0, 0, 0, 172.612, 0, 0, 96.9956, 0, 0, 0, 182.248, 0, 0, 97.7543, 0, 0, 0, 176.304, 0, 0, 97.7543, 0, 0, 0, 172.125, 0, 0, 97.7543, 0, 0, 0, 181.228, 0, 0, 97.7543, 0, 0, 0, 176.168, 0, 0, 97.4768, 0, 0, 0, 181.228, 0, 0, 97.7543, 0, 0, 0, 165.631, 0, 0, 97.7543, 0, 0, 0, 177.995, 0, 0, 97.7543, 0, 0, 0, 167.616, 0, 0, 97.1212, 0, 0, 0, 
2019 Aug 19 (Mon) 19:30, 218.997, 0, 0, 100, 0, 0, 0, 219.003, 0, 0, 100, 0, 0, 0, 219.003, 0, 0, 100, 0, 0, 0, 219.003, 0, 0, 100, 0, 0, 0, 219.003, 0, 0, 100, 0, 0, 0, 219.003, 0, 0, 100, 0, 0, 0, 218.162, 0, 0, 100, 0, 0, 0, 218.162, 0, 0, 100, 0, 0, 0, 218.163, 0, 0, 100, 0, 0, 0, 218.162, 0, 0, 100, 0, 0, 0, 219.003, 0, 0, 100, 0, 0, 0, 217.533, 0, 0, 100, 0, 0, 0, 217.533, 0, 0, 100, 0, 0, 0, 217.533, 0, 0, 100, 0, 0, 0, 219.42, 0, 0, 100, 0, 0, 0, 219.42, 0, 0, 100, 0, 0, 0, 219.42, 0, 0, 100, 0, 0, 0, 219.42, 0, 0, 100, 0, 0, 0, 218.997, 0, 0, 100, 0, 0, 0, 218.162, 0, 0, 100, 0, 0, 0, 218.997, 0, 0, 100, 0, 0, 0, 218.997, 0, 0, 100, 0, 0, 0, 218.786, 0, 0, 100, 0, 0, 0, 218.786, 0, 0, 100, 0, 0, 0, 218.786, 0, 0, 100, 0, 0, 0, 217.114, 0, 0, 100, 0, 0, 0, 217.114, 0, 0, 100, 0, 0, 0, 218.163, 0, 0, 100, 0, 0, 0, 217.114, 0, 0, 100, 0, 0, 0, 217.114, 0, 0, 100, 0, 0, 0, 216.904, 0, 0, 100, 0, 0, 0, 216.904, 0, 0, 100, 0, 0, 0, 216.905, 0, 0, 100, 0, 0, 0, 216.904, 0, 0, 100, 0, 0, 0, 216.904, 0, 0, 100, 0, 0, 0, 216.905, 0, 0, 100, 0, 0, 0, 220.055, 0, 0, 100, 0, 0, 0, 219.42, 0, 0, 100, 0, 0, 0, 220.055, 0, 0, 100, 0, 0, 0, 220.055, 0, 0, 100, 0, 0, 0, 220.055, 0, 0, 100, 0, 0, 0, 220.055, 0, 0, 100, 0, 0, 0, 219.631, 0, 0, 100, 0, 0, 0, 219.631, 0, 0, 100, 0, 0, 0, 219.631, 0, 0, 100, 0, 0, 0, 219.631, 0, 0, 100, 0, 0, 0, 219.631, 0, 0, 100, 0, 0, 0, 219.419, 0, 0, 100, 0, 0, 0, 219.419, 0, 0, 100, 0, 0, 0, 219.419, 0, 0, 100, 0, 0, 0, 219.419, 0, 0, 100, 0, 0, 0, 217.533, 0, 0, 100, 0, 0, 0, 217.533, 0, 0, 100, 0, 0, 0, 217.533, 0, 0, 100, 0, 0, 0, 
2019 Aug 19 (Mon) 20:00, 221.269, 0, 0, 100, 0, 0, 0, 221.273, 0, 0, 100, 0, 0, 0, 221.273, 0, 0, 100, 0, 0, 0, 221.273, 0, 0, 100, 0, 0, 0, 221.273, 0, 0, 100, 0, 0, 0, 221.273, 0, 0, 100, 0, 0, 0, 220.486, 0, 0, 100, 0, 0, 0, 220.486, 0, 0, 100, 0, 0, 0, 220.486, 0, 0, 100, 0, 0, 0, 220.486, 0, 0, 100, 0, 0, 0, 221.273, 0, 0, 100, 0, 0, 0, 219.896, 0, 0, 100, 0, 0, 0, 219.896, 0, 0, 100, 0, 0, 0, 219.896, 0, 0, 100, 0, 0, 0, 221.665, 0, 0, 100, 0, 0, 0, 221.665, 0, 0, 100, 0, 0, 0, 221.665, 0, 0, 100, 0, 0, 0, 221.665, 0, 0, 100, 0, 0, 0, 221.269, 0, 0, 100, 0, 0, 0, 220.486, 0, 0, 100, 0, 0, 0, 221.269, 0, 0, 100, 0, 0, 0, 221.269, 0, 0, 100, 0, 0, 0, 221.071, 0, 0, 100, 0, 0, 0, 221.071, 0, 0, 100, 0, 0, 0, 221.071, 0, 0, 100, 0, 0, 0, 219.503, 0, 0, 100, 0, 0, 0, 219.504, 0, 0, 100, 0, 0, 0, 220.486, 0, 0, 100, 0, 0, 0, 219.503, 0, 0, 100, 0, 0, 0, 219.504, 0, 0, 100, 0, 0, 0, 219.307, 0, 0, 100, 0, 0, 0, 219.307, 0, 0, 100, 0, 0, 0, 219.307, 0, 0, 100, 0, 0, 0, 219.307, 0, 0, 100, 0, 0, 0, 219.307, 0, 0, 100, 0, 0, 0, 219.307, 0, 0, 100, 0, 0, 0, 222.259, 0, 0, 100, 0, 0, 0, 221.665, 0, 0, 100, 0, 0, 0, 222.259, 0, 0, 100, 0, 0, 0, 222.259, 0, 0, 100, 0, 0, 0, 222.259, 0, 0, 100, 0, 0, 0, 222.259, 0, 0, 100, 0, 0, 0, 221.862, 0, 0, 100, 0, 0, 0, 221.862, 0, 0, 100, 0, 0, 0, 221.862, 0, 0, 100, 0, 0, 0, 221.862, 0, 0, 100, 0, 0, 0, 221.862, 0, 0, 100, 0, 0, 0, 221.664, 0, 0, 100, 0, 0, 0, 221.664, 0, 0, 100, 0, 0, 0, 221.664, 0, 0, 100, 0, 0, 0, 221.664, 0, 0, 100, 0, 0, 0, 219.896, 0, 0, 100, 0, 0, 0, 219.896, 0, 0, 100, 0, 0, 0, 219.896, 0, 0, 100, 0, 0, 0, 
2019 Aug 19 (Mon) 20:30, 214.592, 0, 0, 100, 0, 0, 0, 214.599, 0, 0, 100, 0, 0, 0, 214.599, 0, 0, 100, 0, 0, 0, 214.599, 0, 0, 100, 0, 0, 0, 214.599, 0, 0, 100, 0, 0, 0, 214.599, 0, 0, 100, 0, 0, 0, 213.702, 0, 0, 100, 0, 0, 0, 213.702, 0, 0, 100, 0, 0, 0, 213.702, 0, 0, 100, 0, 0, 0, 213.702, 0, 0, 100, 0, 0, 0, 214.599, 0, 0, 100, 0, 0, 0, 213.03, 0, 0, 100, 0, 0, 0, 213.03, 0, 0, 100, 0, 0, 0, 213.03, 0, 0, 100, 0, 0, 0, 215.044, 0, 0, 100, 0, 0, 0, 215.043, 0, 0, 100, 0, 0, 0, 215.044, 0, 0, 100, 0, 0, 0, 215.043, 0, 0, 100, 0, 0, 0, 214.592, 0, 0, 100, 0, 0, 0, 213.702, 0, 0, 100, 0, 0, 0, 214.592, 0, 0, 100, 0, 0, 0, 214.592, 0, 0, 100, 0, 0, 0, 214.366, 0, 0, 100, 0, 0, 0, 214.366, 0, 0, 100, 0, 0, 0, 214.366, 0, 0, 100, 0, 0, 0, 212.582, 0, 0, 100, 0, 0, 0, 212.583, 0, 0, 100, 0, 0, 0, 213.702, 0, 0, 100, 0, 0, 0, 212.582, 0, 0, 100, 0, 0, 0, 212.583, 0, 0, 100, 0, 0, 0, 212.359, 0, 0, 100, 0, 0, 0, 212.359, 0, 0, 100, 0, 0, 0, 212.359, 0, 0, 100, 0, 0, 0, 212.359, 0, 0, 100, 0, 0, 0, 212.359, 0, 0, 100, 0, 0, 0, 212.359, 0, 0, 100, 0, 0, 0, 215.722, 0, 0, 100, 0, 0, 0, 215.044, 0, 0, 100, 0, 0, 0, 215.722, 0, 0, 100, 0, 0, 0, 215.722, 0, 0, 100, 0, 0, 0, 215.722, 0, 0, 100, 0, 0, 0, 215.722, 0, 0, 100, 0, 0, 0, 215.269, 0, 0, 100, 0, 0, 0, 215.269, 0, 0, 100, 0, 0, 0, 215.269, 0, 0, 100, 0, 0, 0, 215.269, 0, 0, 100, 0, 0, 0, 215.269, 0, 0, 100, 0, 0, 0, 215.042, 0, 0, 100, 0, 0, 0, 215.042, 0, 0, 100, 0, 0, 0, 215.042, 0, 0, 100, 0, 0, 0, 215.042, 0, 0, 100, 0, 0, 0, 213.03, 0, 0, 100, 0, 0, 0, 213.03, 0, 0, 100, 0, 0, 0, 213.03, 0, 0, 100, 0, 0, 0, 
2019 Aug 19 (Mon) 21:00, 218.111, 0, 0, 100, 0, 0, 0, 218.117, 0, 0, 100, 0, 0, 0, 218.116, 0, 0, 100, 0, 0, 0, 218.116, 0, 0, 100, 0, 0, 0, 218.117, 0, 0, 100, 0, 0, 0, 218.116, 0, 0, 100, 0, 0, 0, 217.284, 0, 0, 100, 0, 0, 0, 217.285, 0, 0, 100, 0, 0, 0, 217.285, 0, 0, 100, 0, 0, 0, 217.284, 0, 0, 100, 0, 0, 0, 218.116, 0, 0, 100, 0, 0, 0, 216.661, 0, 0, 100, 0, 0, 0, 216.662, 0, 0, 100, 0, 0, 0, 216.662, 0, 0, 100, 0, 0, 0, 218.529, 0, 0, 100, 0, 0, 0, 218.529, 0, 0, 100, 0, 0, 0, 218.529, 0, 0, 100, 0, 0, 0, 218.529, 0, 0, 100, 0, 0, 0, 218.111, 0, 0, 100, 0, 0, 0, 217.285, 0, 0, 100, 0, 0, 0, 218.111, 0, 0, 100, 0, 0, 0, 218.111, 0, 0, 100, 0, 0, 0, 217.902, 0, 0, 100, 0, 0, 0, 217.901, 0, 0, 100, 0, 0, 0, 217.901, 0, 0, 100, 0, 0, 0, 216.246, 0, 0, 100, 0, 0, 0, 216.247, 0, 0, 100, 0, 0, 0, 217.285, 0, 0, 100, 0, 0, 0, 216.246, 0, 0, 100, 0, 0, 0, 216.247, 0, 0, 100, 0, 0, 0, 216.039, 0, 0, 100, 0, 0, 0, 216.039, 0, 0, 100, 0, 0, 0, 216.039, 0, 0, 100, 0, 0, 0, 216.039, 0, 0, 100, 0, 0, 0, 216.039, 0, 0, 100, 0, 0, 0, 216.039, 0, 0, 100, 0, 0, 0, 219.158, 0, 0, 100, 0, 0, 0, 218.529, 0, 0, 100, 0, 0, 0, 219.158, 0, 0, 100, 0, 0, 0, 219.158, 0, 0, 100, 0, 0, 0, 219.158, 0, 0, 100, 0, 0, 0, 219.158, 0, 0, 100, 0, 0, 0, 218.738, 0, 0, 100, 0, 0, 0, 218.738, 0, 0, 100, 0, 0, 0, 218.738, 0, 0, 100, 0, 0, 0, 218.738, 0, 0, 100, 0, 0, 0, 218.738, 0, 0, 100, 0, 0, 0, 218.528, 0, 0, 100, 0, 0, 0, 218.528, 0, 0, 100, 0, 0, 0, 218.528, 0, 0, 100, 0, 0, 0, 218.528, 0, 0, 100, 0, 0, 0, 216.661, 0, 0, 100, 0, 0, 0, 216.662, 0, 0, 100, 0, 0, 0, 216.662, 0, 0, 100, 0, 0, 0, 
2019 Aug 19 (Mon) 21:30, 218.729, 0, 0, 100, 0, 0, 0, 218.734, 0, 0, 100, 0, 0, 0, 218.734, 0, 0, 100, 0, 0, 0, 218.734, 0, 0, 100, 0, 0, 0, 218.734, 0, 0, 100, 0, 0, 0, 218.734, 0, 0, 100, 0, 0, 0, 217.931, 0, 0, 100, 0, 0, 0, 217.931, 0, 0, 100, 0, 0, 0, 217.931, 0, 0, 100, 0, 0, 0, 217.931, 0, 0, 100, 0, 0, 0, 218.734, 0, 0, 100, 0, 0, 0, 217.329, 0, 0, 100, 0, 0, 0, 217.329, 0, 0, 100, 0, 0, 0, 217.329, 0, 0, 100, 0, 0, 0, 219.133, 0, 0, 100, 0, 0, 0, 219.133, 0, 0, 100, 0, 0, 0, 219.133, 0, 0, 100, 0, 0, 0, 219.133, 0, 0, 100, 0, 0, 0, 218.729, 0, 0, 100, 0, 0, 0, 217.931, 0, 0, 100, 0, 0, 0, 218.729, 0, 0, 100, 0, 0, 0, 218.729, 0, 0, 100, 0, 0, 0, 218.527, 0, 0, 100, 0, 0, 0, 218.527, 0, 0, 100, 0, 0, 0, 218.527, 0, 0, 100, 0, 0, 0, 216.928, 0, 0, 100, 0, 0, 0, 216.928, 0, 0, 100, 0, 0, 0, 217.931, 0, 0, 100, 0, 0, 0, 216.928, 0, 0, 100, 0, 0, 0, 216.928, 0, 0, 100, 0, 0, 0, 216.727, 0, 0, 100, 0, 0, 0, 216.728, 0, 0, 100, 0, 0, 0, 216.728, 0, 0, 100, 0, 0, 0, 216.727, 0, 0, 100, 0, 0, 0, 216.728, 0, 0, 100, 0, 0, 0, 216.728, 0, 0, 100, 0, 0, 0, 219.74, 0, 0, 100, 0, 0, 0, 219.133, 0, 0, 100, 0, 0, 0, 219.74, 0, 0, 100, 0, 0, 0, 219.74, 0, 0, 100, 0, 0, 0, 219.74, 0, 0, 100, 0, 0, 0, 219.74, 0, 0, 100, 0, 0, 0, 219.335, 0, 0, 100, 0, 0, 0, 219.335, 0, 0, 100, 0, 0, 0, 219.335, 0, 0, 100, 0, 0, 0, 219.335, 0, 0, 100, 0, 0, 0, 219.335, 0, 0, 100, 0, 0, 0, 219.132, 0, 0, 100, 0, 0, 0, 219.132, 0, 0, 100, 0, 0, 0, 219.132, 0, 0, 100, 0, 0, 0, 219.132, 0, 0, 100, 0, 0, 0, 217.329, 0, 0, 100, 0, 0, 0, 217.329, 0, 0, 100, 0, 0, 0, 217.329, 0, 0, 100, 0, 0, 0, 
2019 Aug 19 (Mon) 22:00, 220.674, 0, 0, 100, 0, 0, 0, 220.679, 0, 0, 100, 0, 0, 0, 220.679, 0, 0, 100, 0, 0, 0, 220.679, 0, 0, 100, 0, 0, 0, 220.679, 0, 0, 100, 0, 0, 0, 220.679, 0, 0, 100, 0, 0, 0, 219.944, 0, 0, 100, 0, 0, 0, 219.944, 0, 0, 100, 0, 0, 0, 219.944, 0, 0, 100, 0, 0, 0, 219.944, 0, 0, 100, 0, 0, 0, 220.679, 0, 0, 100, 0, 0, 0, 219.394, 0, 0, 100, 0, 0, 0, 219.394, 0, 0, 100, 0, 0, 0, 219.394, 0, 0, 100, 0, 0, 0, 221.044, 0, 0, 100, 0, 0, 0, 221.044, 0, 0, 100, 0, 0, 0, 221.044, 0, 0, 100, 0, 0, 0, 221.044, 0, 0, 100, 0, 0, 0, 220.674, 0, 0, 100, 0, 0, 0, 219.944, 0, 0, 100, 0, 0, 0, 220.674, 0, 0, 100, 0, 0, 0, 220.674, 0, 0, 100, 0, 0, 0, 220.49, 0, 0, 100, 0, 0, 0, 220.49, 0, 0, 100, 0, 0, 0, 220.49, 0, 0, 100, 0, 0, 0, 219.027, 0, 0, 100, 0, 0, 0, 219.028, 0, 0, 100, 0, 0, 0, 219.944, 0, 0, 100, 0, 0, 0, 219.027, 0, 0, 100, 0, 0, 0, 219.028, 0, 0, 100, 0, 0, 0, 218.844, 0, 0, 100, 0, 0, 0, 218.844, 0, 0, 100, 0, 0, 0, 218.844, 0, 0, 100, 0, 0, 0, 218.844, 0, 0, 100, 0, 0, 0, 218.844, 0, 0, 100, 0, 0, 0, 218.844, 0, 0, 100, 0, 0, 0, 221.598, 0, 0, 100, 0, 0, 0, 221.044, 0, 0, 100, 0, 0, 0, 221.598, 0, 0, 100, 0, 0, 0, 221.598, 0, 0, 100, 0, 0, 0, 221.598, 0, 0, 100, 0, 0, 0, 221.598, 0, 0, 100, 0, 0, 0, 221.228, 0, 0, 100, 0, 0, 0, 221.228, 0, 0, 100, 0, 0, 0, 221.228, 0, 0, 100, 0, 0, 0, 221.228, 0, 0, 100, 0, 0, 0, 221.228, 0, 0, 100, 0, 0, 0, 221.043, 0, 0, 100, 0, 0, 0, 221.043, 0, 0, 100, 0, 0, 0, 221.043, 0, 0, 100, 0, 0, 0, 221.043, 0, 0, 100, 0, 0, 0, 219.394, 0, 0, 100, 0, 0, 0, 219.394, 0, 0, 100, 0, 0, 0, 219.394, 0, 0, 100, 0, 0, 0, 
2019 Aug 19 (Mon) 22:30, 221.695, 0, 0, 100, 0, 0, 0, 221.699, 0, 0, 100, 0, 0, 0, 221.698, 0, 0, 100, 0, 0, 0, 221.699, 0, 0, 100, 0, 0, 0, 221.699, 0, 0, 100, 0, 0, 0, 221.698, 0, 0, 100, 0, 0, 0, 221.008, 0, 0, 100, 0, 0, 0, 221.008, 0, 0, 100, 0, 0, 0, 221.008, 0, 0, 100, 0, 0, 0, 221.008, 0, 0, 100, 0, 0, 0, 221.699, 0, 0, 100, 0, 0, 0, 220.49, 0, 0, 100, 0, 0, 0, 220.49, 0, 0, 100, 0, 0, 0, 220.491, 0, 0, 100, 0, 0, 0, 222.042, 0, 0, 100, 0, 0, 0, 222.042, 0, 0, 100, 0, 0, 0, 222.042, 0, 0, 100, 0, 0, 0, 222.042, 0, 0, 100, 0, 0, 0, 221.695, 0, 0, 100, 0, 0, 0, 221.008, 0, 0, 100, 0, 0, 0, 221.695, 0, 0, 100, 0, 0, 0, 221.695, 0, 0, 100, 0, 0, 0, 221.521, 0, 0, 100, 0, 0, 0, 221.521, 0, 0, 100, 0, 0, 0, 221.521, 0, 0, 100, 0, 0, 0, 220.146, 0, 0, 100, 0, 0, 0, 220.146, 0, 0, 100, 0, 0, 0, 221.008, 0, 0, 100, 0, 0, 0, 220.146, 0, 0, 100, 0, 0, 0, 220.146, 0, 0, 100, 0, 0, 0, 219.973, 0, 0, 100, 0, 0, 0, 219.973, 0, 0, 100, 0, 0, 0, 219.974, 0, 0, 100, 0, 0, 0, 219.973, 0, 0, 100, 0, 0, 0, 219.973, 0, 0, 100, 0, 0, 0, 219.974, 0, 0, 100, 0, 0, 0, 222.563, 0, 0, 100, 0, 0, 0, 222.042, 0, 0, 100, 0, 0, 0, 222.563, 0, 0, 100, 0, 0, 0, 222.563, 0, 0, 100, 0, 0, 0, 222.563, 0, 0, 100, 0, 0, 0, 222.563, 0, 0, 100, 0, 0, 0, 222.215, 0, 0, 100, 0, 0, 0, 222.215, 0, 0, 100, 0, 0, 0, 222.215, 0, 0, 100, 0, 0, 0, 222.215, 0, 0, 100, 0, 0, 0, 222.215, 0, 0, 100, 0, 0, 0, 222.041, 0, 0, 100, 0, 0, 0, 222.041, 0, 0, 100, 0, 0, 0, 222.041, 0, 0, 100, 0, 0, 0, 222.041, 0, 0, 100, 0, 0, 0, 220.49, 0, 0, 100, 0, 0, 0, 220.49, 0, 0, 100, 0, 0, 0, 220.491, 0, 0, 100, 0, 0, 0, 
2019 Aug 19 (Mon) 23:00, 223.406, 0, 0, 100, 0, 0, 0, 223.409, 0, 0, 100, 0, 0, 0, 223.409, 0, 0, 100, 0, 0, 0, 223.409, 0, 0, 100, 0, 0, 0, 223.409, 0, 0, 100, 0, 0, 0, 223.409, 0, 0, 100, 0, 0, 0, 222.786, 0, 0, 100, 0, 0, 0, 222.786, 0, 0, 100, 0, 0, 0, 222.786, 0, 0, 100, 0, 0, 0, 222.786, 0, 0, 100, 0, 0, 0, 223.409, 0, 0, 100, 0, 0, 0, 222.318, 0, 0, 100, 0, 0, 0, 222.319, 0, 0, 100, 0, 0, 0, 222.319, 0, 0, 100, 0, 0, 0, 223.719, 0, 0, 100, 0, 0, 0, 223.719, 0, 0, 100, 0, 0, 0, 223.719, 0, 0, 100, 0, 0, 0, 223.719, 0, 0, 100, 0, 0, 0, 223.406, 0, 0, 100, 0, 0, 0, 222.786, 0, 0, 100, 0, 0, 0, 223.406, 0, 0, 100, 0, 0, 0, 223.406, 0, 0, 100, 0, 0, 0, 223.25, 0, 0, 100, 0, 0, 0, 223.249, 0, 0, 100, 0, 0, 0, 223.249, 0, 0, 100, 0, 0, 0, 222.007, 0, 0, 100, 0, 0, 0, 222.008, 0, 0, 100, 0, 0, 0, 222.786, 0, 0, 100, 0, 0, 0, 222.007, 0, 0, 100, 0, 0, 0, 222.008, 0, 0, 100, 0, 0, 0, 221.852, 0, 0, 100, 0, 0, 0, 221.852, 0, 0, 100, 0, 0, 0, 221.852, 0, 0, 100, 0, 0, 0, 221.852, 0, 0, 100, 0, 0, 0, 221.852, 0, 0, 100, 0, 0, 0, 221.852, 0, 0, 100, 0, 0, 0, 224.189, 0, 0, 100, 0, 0, 0, 223.719, 0, 0, 100, 0, 0, 0, 224.189, 0, 0, 100, 0, 0, 0, 224.19, 0, 0, 100, 0, 0, 0, 224.189, 0, 0, 100, 0, 0, 0, 224.19, 0, 0, 100, 0, 0, 0, 223.875, 0, 0, 100, 0, 0, 0, 223.876, 0, 0, 100, 0, 0, 0, 223.875, 0, 0, 100, 0, 0, 0, 223.876, 0, 0, 100, 0, 0, 0, 223.876, 0, 0, 100, 0, 0, 0, 223.719, 0, 0, 100, 0, 0, 0, 223.719, 0, 0, 100, 0, 0, 0, 223.719, 0, 0, 100, 0, 0, 0, 223.719, 0, 0, 100, 0, 0, 0, 222.318, 0, 0, 100, 0, 0, 0, 222.319, 0, 0, 100, 0, 0, 0, 222.319, 0, 0, 100, 0, 0, 0, 
2019 Aug 19 (Mon) 23:30, 224.004, 0, 0, 100, 0, 0, 0, 224.007, 0, 0, 100, 0, 0, 0, 224.007, 0, 0, 100, 0, 0, 0, 224.007, 0, 0, 100, 0, 0, 0, 224.007, 0, 0, 100, 0, 0, 0, 224.007, 0, 0, 100, 0, 0, 0, 223.432, 0, 0, 100, 0, 0, 0, 223.432, 0, 0, 100, 0, 0, 0, 223.433, 0, 0, 100, 0, 0, 0, 223.432, 0, 0, 100, 0, 0, 0, 224.007, 0, 0, 100, 0, 0, 0, 223.002, 0, 0, 100, 0, 0, 0, 223.002, 0, 0, 100, 0, 0, 0, 223.002, 0, 0, 100, 0, 0, 0, 224.293, 0, 0, 100, 0, 0, 0, 224.292, 0, 0, 100, 0, 0, 0, 224.293, 0, 0, 100, 0, 0, 0, 224.292, 0, 0, 100, 0, 0, 0, 224.004, 0, 0, 100, 0, 0, 0, 223.432, 0, 0, 100, 0, 0, 0, 224.004, 0, 0, 100, 0, 0, 0, 224.004, 0, 0, 100, 0, 0, 0, 223.86, 0, 0, 100, 0, 0, 0, 223.86, 0, 0, 100, 0, 0, 0, 223.86, 0, 0, 100, 0, 0, 0, 222.715, 0, 0, 100, 0, 0, 0, 222.715, 0, 0, 100, 0, 0, 0, 223.433, 0, 0, 100, 0, 0, 0, 222.715, 0, 0, 100, 0, 0, 0, 222.715, 0, 0, 100, 0, 0, 0, 222.572, 0, 0, 100, 0, 0, 0, 222.572, 0, 0, 100, 0, 0, 0, 222.572, 0, 0, 100, 0, 0, 0, 222.572, 0, 0, 100, 0, 0, 0, 222.572, 0, 0, 100, 0, 0, 0, 222.572, 0, 0, 100, 0, 0, 0, 224.725, 0, 0, 100, 0, 0, 0, 224.292, 0, 0, 100, 0, 0, 0, 224.725, 0, 0, 100, 0, 0, 0, 224.725, 0, 0, 100, 0, 0, 0, 224.725, 0, 0, 100, 0, 0, 0, 224.725, 0, 0, 100, 0, 0, 0, 224.436, 0, 0, 100, 0, 0, 0, 224.436, 0, 0, 100, 0, 0, 0, 224.436, 0, 0, 100, 0, 0, 0, 224.436, 0, 0, 100, 0, 0, 0, 224.436, 0, 0, 100, 0, 0, 0, 224.292, 0, 0, 100, 0, 0, 0, 224.292, 0, 0, 100, 0, 0, 0, 224.292, 0, 0, 100, 0, 0, 0, 224.292, 0, 0, 100, 0, 0, 0, 223.002, 0, 0, 100, 0, 0, 0, 223.002, 0, 0, 100, 0, 0, 0, 223.002, 0, 0, 100, 0, 0, 0, 
2019 Aug 20 (Tue) 0:00, 227.872, 0, 0, 100, 0, 0, 0, 227.873, 0, 0, 100, 0, 0, 0, 227.873, 0, 0, 100, 0, 0, 0, 227.873, 0, 0, 100, 0, 0, 0, 227.873, 0, 0, 100, 0, 0, 0, 227.873, 0, 0, 100, 0, 0, 0, 227.406, 0, 0, 100, 0, 0, 0, 227.406, 0, 0, 100, 0, 0, 0, 227.406, 0, 0, 100, 0, 0, 0, 227.406, 0, 0, 100, 0, 0, 0, 227.873, 0, 0, 100, 0, 0, 0, 227.056, 0, 0, 100, 0, 0, 0, 227.056, 0, 0, 100, 0, 0, 0, 227.056, 0, 0, 100, 0, 0, 0, 228.106, 0, 0, 100, 0, 0, 0, 228.106, 0, 0, 100, 0, 0, 0, 228.106, 0, 0, 100, 0, 0, 0, 228.106, 0, 0, 100, 0, 0, 0, 227.872, 0, 0, 100, 0, 0, 0, 227.406, 0, 0, 100, 0, 0, 0, 227.872, 0, 0, 100, 0, 0, 0, 227.871, 0, 0, 100, 0, 0, 0, 227.755, 0, 0, 100, 0, 0, 0, 227.754, 0, 0, 100, 0, 0, 0, 227.754, 0, 0, 100, 0, 0, 0, 226.823, 0, 0, 100, 0, 0, 0, 226.823, 0, 0, 100, 0, 0, 0, 227.406, 0, 0, 100, 0, 0, 0, 226.823, 0, 0, 100, 0, 0, 0, 226.823, 0, 0, 100, 0, 0, 0, 226.706, 0, 0, 100, 0, 0, 0, 226.706, 0, 0, 100, 0, 0, 0, 226.707, 0, 0, 100, 0, 0, 0, 226.706, 0, 0, 100, 0, 0, 0, 226.706, 0, 0, 100, 0, 0, 0, 226.707, 0, 0, 100, 0, 0, 0, 228.457, 0, 0, 100, 0, 0, 0, 228.106, 0, 0, 100, 0, 0, 0, 228.458, 0, 0, 100, 0, 0, 0, 228.458, 0, 0, 100, 0, 0, 0, 228.457, 0, 0, 100, 0, 0, 0, 228.458, 0, 0, 100, 0, 0, 0, 228.223, 0, 0, 100, 0, 0, 0, 228.223, 0, 0, 100, 0, 0, 0, 228.223, 0, 0, 100, 0, 0, 0, 228.223, 0, 0, 100, 0, 0, 0, 228.223, 0, 0, 100, 0, 0, 0, 228.105, 0, 0, 100, 0, 0, 0, 228.106, 0, 0, 100, 0, 0, 0, 228.106, 0, 0, 100, 0, 0, 0, 228.106, 0, 0, 100, 0, 0, 0, 227.056, 0, 0, 100, 0, 0, 0, 227.056, 0, 0, 100, 0, 0, 0, 227.056, 0, 0, 100, 0, 0, 0, 
