Time, 1 (House 1), House 1 Magnitude, House 1 Phase, 10 (House 2), House 2 Magnitude, House 2 Phase, 11 (House 3), House 3 Magnitude, House 3 Phase, 12 (House 4), House 4 Magnitude, House 4 Phase, 13 (House 5), House 5 Magnitude, House 5 Phase, 14 (House 6), House 6 Magnitude, House 6 Phase, 15 (House 7), House 7 Magnitude, House 7 Phase, 16 (House 8), House 8 Magnitude, House 8 Phase, 17 (House 9), House 9 Magnitude, House 9 Phase, 18 (House 10), House 10 Magnitude, House 10 Phase, 19 (House 11), House 11 Magnitude, House 11 Phase, 2 (House 12), House 12 Magnitude, House 12 Phase, 20 (House 13), House 13 Magnitude, House 13 Phase, 21 (House 14), House 14 Magnitude, House 14 Phase, 22 (House 15), House 15 Magnitude, House 15 Phase, 23 (House 16), House 16 Magnitude, House 16 Phase, 24 (House 17), House 17 Magnitude, House 17 Phase, 25 (House 18), House 18 Magnitude, House 18 Phase, 26 (House 19), House 19 Magnitude, House 19 Phase, 27 (House 20), House 20 Magnitude, House 20 Phase, 28 (House 21), House 21 Magnitude, House 21 Phase, 29 (House 22), House 22 Magnitude, House 22 Phase, 3 (House 23), House 23 Magnitude, House 23 Phase, 30 (House 24), House 24 Magnitude, House 24 Phase, 31 (House 25), House 25 Magnitude, House 25 Phase, 32 (House 26), House 26 Magnitude, House 26 Phase, 33 (House 27), House 27 Magnitude, House 27 Phase, 34 (House 28), House 28 Magnitude, House 28 Phase, 35 (House 29), House 29 Magnitude, House 29 Phase, 36 (House 30), House 30 Magnitude, House 30 Phase, 37 (House 31), House 31 Magnitude, House 31 Phase, 38 (House 32), House 32 Magnitude, House 32 Phase, 39 (House 33), House 33 Magnitude, House 33 Phase, 4 (House 34), House 34 Magnitude, House 34 Phase, 40 (House 35), House 35 Magnitude, House 35 Phase, 41 (House 36), House 36 Magnitude, House 36 Phase, 42 (House 37), House 37 Magnitude, House 37 Phase, 43 (House 38), House 38 Magnitude, House 38 Phase, 44 (House 39), House 39 Magnitude, House 39 Phase, 45 (House 40), House 40 Magnitude, House 40 Phase, 46 (House 41), House 41 Magnitude, House 41 Phase, 47 (House 42), House 42 Magnitude, House 42 Phase, 48 (House 43), House 43 Magnitude, House 43 Phase, 49 (House 44), House 44 Magnitude, House 44 Phase, 5 (House 45), House 45 Magnitude, House 45 Phase, 50 (House 46), House 46 Magnitude, House 46 Phase, 51 (House 47), House 47 Magnitude, House 47 Phase, 52 (House 48), House 48 Magnitude, House 48 Phase, 53 (House 49), House 49 Magnitude, House 49 Phase, 54 (House 50), House 50 Magnitude, House 50 Phase, 55 (House 51), House 51 Magnitude, House 51 Phase, 56 (House 52), House 52 Magnitude, House 52 Phase, 57 (House 53), House 53 Magnitude, House 53 Phase, 58 (House 54), House 54 Magnitude, House 54 Phase, 59 (House 55), House 55 Magnitude, House 55 Phase, 6 (House 56), House 56 Magnitude, House 56 Phase, 60 (House 57), House 57 Magnitude, House 57 Phase, 61 (House 58), House 58 Magnitude, House 58 Phase, 62 (House 59), House 59 Magnitude, House 59 Phase, 63 (House 60), House 60 Magnitude, House 60 Phase, 64 (House 61), House 61 Magnitude, House 61 Phase, 65 (House 62), House 62 Magnitude, House 62 Phase, 66 (House 63), House 63 Magnitude, House 63 Phase, 7 (House 64), House 64 Magnitude, House 64 Phase, 8 (House 65), House 65 Magnitude, House 65 Phase, 9 (House 66), House 66 Magnitude, House 66 Phase, 
2019 Aug 19 (Mon) 0:00, 217.96, 308.243, -9.73449, 198.952, 281.361, -136.017, 204.911, 289.789, -135.812, 207.672, 293.693, 105.932, 217.96, 308.243, -9.73449, 204.911, 289.789, -135.812, 204.339, 288.979, 105.898, 202.165, 285.904, 105.527, 213.029, 301.269, -10.0547, 202.881, 286.917, -136.033, 205.462, 290.567, 105.562, 213.029, 301.269, -10.0547, 200.83, 284.017, 105.054, 212.686, 300.784, -10.0515, 197.038, 278.653, -136.316, 200.987, 284.238, -135.878, 209.631, 296.462, 105.873, 219.913, 311.004, -9.20488, 204.265, 288.874, -135.843, 206.266, 291.705, 105.838, 209.073, 295.673, 105.496, 220.384, 311.67, -9.05006, 202.881, 286.917, -136.033, 198.952, 281.361, -136.017, 205.717, 290.928, 105.461, 198.24, 280.354, -136.029, 205.285, 290.317, 105.296, 220.608, 311.987, -9.02101, 201.474, 284.927, -135.994, 208.633, 295.052, 105.331, 202.97, 287.043, 104.607, 216.886, 306.723, -9.91278, 198.223, 280.33, -136.323, 219.913, 311.004, -9.20488, 199.713, 282.436, 104.572, 216.886, 306.723, -9.91278, 195.042, 275.831, -136.358, 199.011, 281.445, 104.25, 217.412, 307.467, -9.84106, 193.744, 273.995, -136.383, 199.011, 281.445, 104.25, 217.412, 307.467, -9.84106, 193.744, 273.995, -136.383, 210.633, 297.88, 106.415, 220.384, 311.67, -9.05006, 219.212, 310.013, -9.39504, 203.759, 288.159, -135.728, 210.633, 297.88, 106.415, 219.212, 310.013, -9.39504, 207.083, 292.859, -135.693, 210.671, 297.934, 106.455, 214.861, 303.859, -9.4643, 206.612, 292.194, -135.853, 210.671, 297.934, 106.455, 218.365, 308.815, -9.42937, 220.608, 311.987, -9.02101, 206.612, 292.194, -135.853, 210.88, 298.229, 106.398, 218.283, 308.698, -9.34005, 202.577, 286.487, -136.007, 210.88, 298.229, 106.398, 218.283, 308.698, -9.34005, 205.881, 291.159, -135.972, 204.106, 288.649, 105.089, 212.686, 300.784, -10.0515, 197.038, 278.653, -136.316, 
2019 Aug 19 (Mon) 0:30, 225.944, 319.533, -4.42507, 217.818, 308.042, -126.921, 222.406, 314.529, -126.81, 224.099, 316.924, 114.354, 225.944, 319.533, -4.42507, 222.406, 314.529, -126.81, 224.099, 316.924, 114.354, 219.693, 310.692, 114.24, 221.567, 313.343, -4.54796, 221.657, 313.47, -126.876, 223.276, 315.76, 114.275, 225.182, 318.455, -4.51297, 223.276, 315.76, 114.213, 224.853, 317.991, -4.43231, 220.679, 312.087, -127, 222.248, 314.306, -126.762, 224.361, 317.295, 114.262, 226.834, 320.792, -4.29883, 222.248, 314.306, -126.762, 220.76, 312.202, 114.227, 224.484, 317.469, 114.206, 226.604, 320.467, -4.21121, 221.657, 313.47, -126.876, 221.371, 313.066, -126.886, 224.484, 317.469, 114.206, 221.269, 312.921, -126.89, 224.368, 317.304, 114.202, 226.493, 320.31, -4.21806, 221.269, 312.921, -126.89, 224.368, 317.304, 114.202, 223.389, 315.92, 114.156, 224.635, 317.681, -4.34554, 219.808, 310.856, -127.121, 226.834, 320.792, -4.29883, 223.389, 315.92, 114.156, 224.635, 317.681, -4.34554, 219.808, 310.856, -127.121, 223.62, 316.247, 114.104, 224.524, 317.524, -4.25189, 219.042, 309.772, -127.239, 223.62, 316.247, 114.104, 224.524, 317.524, -4.25189, 215.526, 304.8, -127.274, 225.032, 318.243, 114.437, 226.604, 320.467, -4.21121, 226.818, 320.769, -4.3327, 223.264, 315.743, -126.739, 225.032, 318.243, 114.437, 226.818, 320.769, -4.3327, 223.264, 315.743, -126.739, 225.154, 318.415, 114.38, 226.594, 320.452, -4.24422, 222.379, 314.492, -126.861, 225.154, 318.415, 114.38, 226.594, 320.452, -4.24422, 226.493, 320.31, -4.21806, 222.379, 314.492, -126.861, 225.391, 318.75, 114.327, 226.48, 320.291, -4.14958, 218.046, 308.363, -127.015, 225.391, 318.75, 114.327, 226.48, 320.291, -4.14958, 221.603, 313.394, -126.98, 223.276, 315.76, 114.213, 224.853, 317.991, -4.43231, 220.679, 312.087, -127, 
2019 Aug 19 (Mon) 1:00, 231.691, 327.661, -3.01454, 231.388, 327.233, -122.964, 231.39, 327.235, -122.869, 228.991, 323.842, 115.672, 231.691, 327.661, -3.01454, 231.39, 327.235, -122.869, 228.991, 323.842, 115.672, 224.287, 317.189, 115.497, 231.664, 327.622, -3.09368, 231.026, 326.72, -122.803, 227.946, 322.365, 115.532, 231.664, 327.622, -3.09368, 227.682, 321.991, 115.513, 231.369, 327.205, -3.11748, 230.764, 326.349, -122.83, 231.571, 327.49, -122.95, 229.849, 325.056, 115.794, 231.541, 327.448, -2.9513, 231.571, 327.49, -122.95, 229.849, 325.056, 115.794, 229.665, 324.795, 115.779, 231.359, 327.19, -2.9672, 231.026, 326.72, -122.803, 231.388, 327.233, -122.964, 229.665, 324.795, 115.779, 231.297, 327.104, -122.972, 229.572, 324.664, 115.771, 231.268, 327.062, -2.97515, 231.297, 327.104, -122.972, 229.572, 324.664, 115.771, 227.506, 321.743, 115.501, 231.173, 326.928, -3.13335, 230.589, 326.102, -122.848, 231.541, 327.448, -2.9513, 227.506, 321.743, 115.501, 231.173, 326.928, -3.13335, 230.589, 326.102, -122.848, 227.418, 321.618, 115.495, 231.075, 326.789, -3.14129, 230.502, 325.979, -122.857, 227.418, 321.618, 115.495, 231.075, 326.789, -3.14129, 230.502, 325.979, -122.857, 230.126, 325.448, 115.817, 231.359, 327.19, -2.9672, 231.814, 327.834, -2.92748, 231.844, 327.878, -122.927, 230.126, 325.448, 115.817, 231.814, 327.834, -2.92748, 231.844, 327.878, -122.927, 229.942, 325.186, 115.802, 231.631, 327.576, -2.94339, 231.662, 327.619, -122.942, 229.942, 325.186, 115.802, 231.631, 327.576, -2.94339, 231.268, 327.062, -2.97515, 231.662, 327.619, -122.942, 229.849, 325.056, 115.794, 231.54, 327.448, -2.95134, 231.571, 327.49, -122.95, 229.849, 325.056, 115.794, 231.54, 327.448, -2.95134, 231.571, 327.49, -122.95, 227.682, 321.991, 115.513, 231.369, 327.205, -3.11748, 230.764, 326.349, -122.83, 
2019 Aug 19 (Mon) 1:30, 231.723, 327.706, -2.73133, 231.723, 327.705, -122.732, 231.724, 327.707, -122.731, 231.723, 327.706, 117.269, 231.723, 327.706, -2.73133, 231.724, 327.707, -122.731, 231.723, 327.706, 117.269, 231.38, 327.22, 117.242, 231.38, 327.22, -2.75827, 231.38, 327.22, -122.758, 231.38, 327.22, 117.242, 231.38, 327.22, -2.75827, 231.122, 326.856, 117.221, 231.122, 326.856, -2.77852, 231.122, 326.856, -122.779, 231.895, 327.949, -122.718, 231.895, 327.949, 117.282, 231.895, 327.949, -2.71797, 231.895, 327.949, -122.718, 231.895, 327.949, 117.282, 231.723, 327.705, 117.268, 231.723, 327.705, -2.73148, 231.38, 327.22, -122.758, 231.723, 327.705, -122.732, 231.723, 327.705, 117.268, 231.637, 327.584, -122.738, 231.636, 327.583, 117.262, 231.636, 327.583, -2.73824, 231.637, 327.584, -122.738, 231.636, 327.583, 117.262, 230.95, 326.613, 117.208, 230.95, 326.613, -2.79203, 230.95, 326.613, -122.792, 231.895, 327.949, -2.71797, 230.95, 326.613, 117.208, 230.95, 326.613, -2.79203, 230.95, 326.613, -122.792, 230.864, 326.491, 117.201, 230.864, 326.491, -2.79879, 230.864, 326.492, -122.799, 230.864, 326.491, 117.201, 230.864, 326.491, -2.79879, 230.864, 326.492, -122.799, 232.153, 328.315, 117.302, 231.723, 327.705, -2.73148, 232.154, 328.315, -2.69772, 232.154, 328.315, -122.698, 232.153, 328.315, 117.302, 232.154, 328.315, -2.69772, 232.154, 328.315, -122.698, 231.981, 328.071, 117.289, 231.981, 328.071, -2.71123, 231.981, 328.071, -122.711, 231.981, 328.071, 117.289, 231.981, 328.071, -2.71123, 231.636, 327.583, -2.73824, 231.981, 328.071, -122.711, 231.895, 327.949, 117.282, 231.895, 327.949, -2.718, 231.895, 327.949, -122.718, 231.895, 327.949, 117.282, 231.895, 327.949, -2.718, 231.895, 327.949, -122.718, 231.122, 326.856, 117.221, 231.122, 326.856, -2.77852, 231.122, 326.856, -122.779, 
2019 Aug 19 (Mon) 2:00, 229.438, 324.475, -2.56792, 229.437, 324.473, -122.568, 229.438, 324.475, -122.568, 229.438, 324.474, 117.432, 229.438, 324.475, -2.56792, 229.438, 324.475, -122.568, 229.438, 324.474, 117.432, 229.058, 323.937, 117.418, 229.058, 323.937, -2.58212, 229.058, 323.938, -122.582, 229.058, 323.937, 117.418, 229.058, 323.937, -2.58212, 228.773, 323.534, 117.407, 228.773, 323.534, -2.59279, 228.774, 323.535, -122.593, 229.628, 324.743, -122.561, 229.628, 324.742, 117.439, 229.628, 324.743, -2.56088, 229.628, 324.743, -122.561, 229.628, 324.742, 117.439, 229.437, 324.473, 117.432, 229.437, 324.473, -2.568, 229.058, 323.938, -122.582, 229.437, 324.473, -122.568, 229.437, 324.473, 117.432, 229.342, 324.339, -122.572, 229.342, 324.338, 117.428, 229.342, 324.338, -2.57157, 229.342, 324.339, -122.572, 229.342, 324.338, 117.428, 228.583, 323.266, 117.4, 228.584, 323.266, -2.59991, 228.584, 323.266, -122.6, 229.628, 324.743, -2.56088, 228.583, 323.266, 117.4, 228.584, 323.266, -2.59991, 228.584, 323.266, -122.6, 228.488, 323.132, 117.396, 228.489, 323.132, -2.60347, 228.489, 323.132, -122.604, 228.488, 323.132, 117.396, 228.489, 323.132, -2.60347, 228.489, 323.132, -122.604, 229.913, 325.147, 117.45, 229.437, 324.473, -2.568, 229.914, 325.147, -2.55021, 229.914, 325.147, -122.55, 229.913, 325.147, 117.45, 229.914, 325.147, -2.55021, 229.914, 325.147, -122.55, 229.723, 324.877, 117.443, 229.723, 324.877, -2.55733, 229.723, 324.877, -122.557, 229.723, 324.877, 117.443, 229.723, 324.877, -2.55733, 229.342, 324.338, -2.57157, 229.723, 324.877, -122.557, 229.627, 324.742, 117.439, 229.627, 324.742, -2.5609, 229.628, 324.742, -122.561, 229.627, 324.742, 117.439, 229.627, 324.742, -2.5609, 229.628, 324.742, -122.561, 228.773, 323.534, 117.407, 228.773, 323.534, -2.59279, 228.774, 323.535, -122.593, 
2019 Aug 19 (Mon) 2:30, 232.118, 328.265, -2.53562, 232.118, 328.264, -122.536, 232.118, 328.265, -122.536, 232.118, 328.265, 117.464, 232.118, 328.265, -2.53562, 232.118, 328.265, -122.536, 232.118, 328.265, 117.464, 231.795, 327.808, 117.44, 231.795, 327.808, -2.55984, 231.795, 327.808, -122.56, 231.795, 327.808, 117.44, 231.795, 327.808, -2.55984, 231.553, 327.465, 117.422, 231.553, 327.465, -2.57803, 231.553, 327.465, -122.578, 232.279, 328.493, -122.524, 232.279, 328.493, 117.476, 232.279, 328.493, -2.52361, 232.279, 328.493, -122.524, 232.279, 328.493, 117.476, 232.117, 328.264, 117.464, 232.117, 328.264, -2.53575, 231.795, 327.808, -122.56, 232.118, 328.264, -122.536, 232.117, 328.264, 117.464, 232.037, 328.149, -122.542, 232.036, 328.149, 117.458, 232.037, 328.149, -2.54183, 232.037, 328.149, -122.542, 232.036, 328.149, 117.458, 231.391, 327.237, 117.41, 231.392, 327.237, -2.59018, 231.392, 327.237, -122.59, 232.279, 328.493, -2.52361, 231.391, 327.237, 117.41, 231.392, 327.237, -2.59018, 231.392, 327.237, -122.59, 231.311, 327.123, 117.404, 231.311, 327.123, -2.59625, 231.311, 327.123, -122.596, 231.311, 327.123, 117.404, 231.311, 327.123, -2.59625, 231.311, 327.123, -122.596, 232.522, 328.836, 117.495, 232.117, 328.264, -2.53575, 232.522, 328.836, -2.50542, 232.522, 328.836, -122.505, 232.522, 328.836, 117.495, 232.522, 328.836, -2.50542, 232.522, 328.836, -122.505, 232.36, 328.607, 117.482, 232.36, 328.607, -2.51756, 232.36, 328.607, -122.518, 232.36, 328.607, 117.482, 232.36, 328.607, -2.51756, 232.037, 328.149, -2.54183, 232.36, 328.607, -122.518, 232.279, 328.492, 117.476, 232.279, 328.492, -2.52363, 232.279, 328.493, -122.524, 232.279, 328.492, 117.476, 232.279, 328.492, -2.52363, 232.279, 328.493, -122.524, 231.553, 327.465, 117.422, 231.553, 327.465, -2.57803, 231.553, 327.465, -122.578, 
2019 Aug 19 (Mon) 3:00, 232.814, 329.249, -2.56895, 232.813, 329.248, -122.569, 232.814, 329.249, -122.569, 232.814, 329.249, 117.431, 232.814, 329.249, -2.56895, 232.814, 329.249, -122.569, 232.814, 329.249, 117.431, 232.503, 328.809, 117.403, 232.503, 328.809, -2.59664, 232.503, 328.809, -122.597, 232.503, 328.809, 117.403, 232.503, 328.809, -2.59664, 232.27, 328.479, 117.383, 232.27, 328.479, -2.61744, 232.27, 328.479, -122.617, 232.969, 329.468, -122.555, 232.969, 329.468, 117.445, 232.969, 329.468, -2.5552, 232.969, 329.468, -122.555, 232.969, 329.468, 117.445, 232.813, 329.248, 117.431, 232.813, 329.248, -2.56908, 232.503, 328.809, -122.597, 232.813, 329.248, -122.569, 232.813, 329.248, 117.431, 232.736, 329.138, -122.576, 232.735, 329.138, 117.424, 232.736, 329.138, -2.57603, 232.736, 329.138, -122.576, 232.735, 329.138, 117.424, 232.114, 328.259, 117.369, 232.115, 328.26, -2.63133, 232.115, 328.26, -122.631, 232.969, 329.468, -2.5552, 232.114, 328.259, 117.369, 232.115, 328.26, -2.63133, 232.115, 328.26, -122.631, 232.037, 328.15, 117.362, 232.037, 328.15, -2.63828, 232.037, 328.15, -122.638, 232.037, 328.15, 117.362, 232.037, 328.15, -2.63828, 232.037, 328.15, -122.638, 233.203, 329.799, 117.466, 232.813, 329.248, -2.56908, 233.203, 329.799, -2.5344, 233.203, 329.799, -122.534, 233.203, 329.799, 117.466, 233.203, 329.799, -2.5344, 233.203, 329.799, -122.534, 233.047, 329.578, 117.452, 233.047, 329.578, -2.54828, 233.047, 329.578, -122.548, 233.047, 329.578, 117.452, 233.047, 329.578, -2.54828, 232.736, 329.138, -2.57603, 233.047, 329.578, -122.548, 232.969, 329.468, 117.445, 232.969, 329.468, -2.55523, 232.969, 329.468, -122.555, 232.969, 329.468, 117.445, 232.969, 329.468, -2.55523, 232.969, 329.468, -122.555, 232.27, 328.479, 117.383, 232.27, 328.479, -2.61744, 232.27, 328.479, -122.617, 
2019 Aug 19 (Mon) 3:30, 232.005, 328.105, -2.62017, 232.005, 328.104, -122.62, 232.005, 328.105, -122.62, 232.005, 328.105, 117.38, 232.005, 328.105, -2.62017, 232.005, 328.105, -122.62, 232.005, 328.105, 117.38, 231.674, 327.637, 117.354, 231.674, 327.637, -2.64579, 231.675, 327.637, -122.646, 231.674, 327.637, 117.354, 231.674, 327.637, -2.64579, 231.426, 327.286, 117.335, 231.426, 327.286, -2.66504, 231.427, 327.286, -122.665, 232.17, 328.339, -122.607, 232.17, 328.338, 117.393, 232.17, 328.338, -2.60746, 232.17, 328.339, -122.607, 232.17, 328.338, 117.393, 232.004, 328.104, 117.38, 232.004, 328.104, -2.62031, 231.675, 327.637, -122.646, 232.005, 328.104, -122.62, 232.004, 328.104, 117.38, 231.922, 327.987, -122.627, 231.922, 327.987, 117.373, 231.922, 327.987, -2.62673, 231.922, 327.987, -122.627, 231.922, 327.987, 117.373, 231.261, 327.052, 117.322, 231.261, 327.053, -2.67789, 231.261, 327.053, -122.678, 232.17, 328.338, -2.60746, 231.261, 327.052, 117.322, 231.261, 327.053, -2.67789, 231.261, 327.053, -122.678, 231.178, 326.936, 117.316, 231.178, 326.936, -2.68431, 231.179, 326.936, -122.684, 231.178, 326.936, 117.316, 231.178, 326.936, -2.68431, 231.179, 326.936, -122.684, 232.419, 328.69, 117.412, 232.004, 328.104, -2.62031, 232.419, 328.69, -2.58821, 232.419, 328.69, -122.588, 232.419, 328.69, 117.412, 232.419, 328.69, -2.58821, 232.419, 328.69, -122.588, 232.253, 328.455, 117.399, 232.253, 328.456, -2.60106, 232.253, 328.456, -122.601, 232.253, 328.455, 117.399, 232.253, 328.456, -2.60106, 231.922, 327.987, -2.62673, 232.253, 328.456, -122.601, 232.17, 328.338, 117.392, 232.17, 328.338, -2.60749, 232.17, 328.338, -122.608, 232.17, 328.338, 117.392, 232.17, 328.338, -2.60749, 232.17, 328.338, -122.608, 231.426, 327.286, 117.335, 231.426, 327.286, -2.66504, 231.427, 327.286, -122.665, 
2019 Aug 19 (Mon) 4:00, 231.134, 326.872, -2.53327, 231.133, 326.871, -122.533, 231.134, 326.872, -122.533, 231.134, 326.872, 117.467, 231.134, 326.872, -2.53327, 231.134, 326.872, -122.533, 231.134, 326.872, 117.467, 230.79, 326.387, 117.446, 230.791, 326.387, -2.55352, 230.791, 326.387, -122.554, 230.79, 326.387, 117.446, 230.791, 326.387, -2.55352, 230.533, 326.023, 117.431, 230.533, 326.023, -2.56874, 230.534, 326.024, -122.569, 231.305, 327.114, -122.523, 231.305, 327.114, 117.477, 231.305, 327.114, -2.52323, 231.305, 327.114, -122.523, 231.305, 327.114, 117.477, 231.133, 326.871, 117.467, 231.133, 326.871, -2.53339, 230.791, 326.387, -122.554, 231.133, 326.871, -122.533, 231.133, 326.871, 117.467, 231.047, 326.75, -122.539, 231.047, 326.749, 117.461, 231.047, 326.749, -2.53847, 231.047, 326.75, -122.539, 231.047, 326.749, 117.461, 230.362, 325.781, 117.421, 230.362, 325.781, -2.57889, 230.362, 325.781, -122.579, 231.305, 327.114, -2.52323, 230.362, 325.781, 117.421, 230.362, 325.781, -2.57889, 230.362, 325.781, -122.579, 230.276, 325.66, 117.416, 230.276, 325.66, -2.58397, 230.276, 325.66, -122.584, 230.276, 325.66, 117.416, 230.276, 325.66, -2.58397, 230.276, 325.66, -122.584, 231.563, 327.479, 117.492, 231.133, 326.871, -2.53339, 231.563, 327.479, -2.50802, 231.563, 327.479, -122.508, 231.563, 327.479, 117.492, 231.563, 327.479, -2.50802, 231.563, 327.479, -122.508, 231.39, 327.236, 117.482, 231.391, 327.236, -2.51817, 231.391, 327.236, -122.518, 231.39, 327.236, 117.482, 231.391, 327.236, -2.51817, 231.047, 326.749, -2.53847, 231.391, 327.236, -122.518, 231.304, 327.114, 117.477, 231.305, 327.114, -2.52325, 231.305, 327.114, -122.523, 231.304, 327.114, 117.477, 231.305, 327.114, -2.52325, 231.305, 327.114, -122.523, 230.533, 326.023, 117.431, 230.533, 326.023, -2.56874, 230.534, 326.024, -122.569, 
2019 Aug 19 (Mon) 4:30, 230.015, 325.29, -2.69744, 230.014, 325.289, -122.698, 230.015, 325.29, -122.698, 230.015, 325.29, 117.302, 230.015, 325.29, -2.69744, 230.015, 325.29, -122.698, 230.015, 325.29, 117.302, 229.638, 324.757, 117.283, 229.638, 324.758, -2.71683, 229.638, 324.758, -122.717, 229.638, 324.757, 117.283, 229.638, 324.758, -2.71683, 229.356, 324.358, 117.269, 229.356, 324.358, -2.7314, 229.356, 324.359, -122.731, 230.203, 325.556, -122.688, 230.203, 325.556, 117.312, 230.203, 325.556, -2.68783, 230.203, 325.556, -122.688, 230.203, 325.556, 117.312, 230.014, 325.288, 117.302, 230.014, 325.289, -2.69756, 229.638, 324.758, -122.717, 230.014, 325.289, -122.698, 230.014, 325.288, 117.302, 229.92, 325.155, -122.702, 229.919, 325.155, 117.298, 229.919, 325.155, -2.70243, 229.92, 325.155, -122.702, 229.919, 325.155, 117.298, 229.168, 324.092, 117.259, 229.168, 324.092, -2.74113, 229.168, 324.093, -122.741, 230.203, 325.556, -2.68783, 229.168, 324.092, 117.259, 229.168, 324.092, -2.74113, 229.168, 324.093, -122.741, 229.074, 323.959, 117.254, 229.074, 323.959, -2.74599, 229.074, 323.96, -122.746, 229.074, 323.959, 117.254, 229.074, 323.959, -2.74599, 229.074, 323.96, -122.746, 230.486, 325.956, 117.327, 230.014, 325.289, -2.69756, 230.486, 325.956, -2.67326, 230.486, 325.957, -122.673, 230.486, 325.956, 117.327, 230.486, 325.956, -2.67326, 230.486, 325.957, -122.673, 230.297, 325.689, 117.317, 230.297, 325.689, -2.68299, 230.297, 325.689, -122.683, 230.297, 325.689, 117.317, 230.297, 325.689, -2.68299, 229.919, 325.155, -2.70243, 230.297, 325.689, -122.683, 230.202, 325.555, 117.312, 230.202, 325.555, -2.68786, 230.203, 325.556, -122.688, 230.202, 325.555, 117.312, 230.202, 325.555, -2.68786, 230.203, 325.556, -122.688, 229.356, 324.358, 117.269, 229.356, 324.358, -2.7314, 229.356, 324.359, -122.731, 
2019 Aug 19 (Mon) 5:00, 230.679, 326.23, -2.87416, 230.678, 326.228, -122.874, 230.679, 326.23, -122.874, 230.679, 326.229, 117.126, 230.679, 326.23, -2.87416, 230.679, 326.23, -122.874, 230.679, 326.229, 117.126, 230.305, 325.7, 117.1, 230.305, 325.7, -2.90011, 230.305, 325.7, -122.9, 230.305, 325.7, 117.1, 230.305, 325.7, -2.90011, 230.024, 325.303, 117.08, 230.024, 325.303, -2.9196, 230.024, 325.303, -122.92, 230.866, 326.494, -122.861, 230.866, 326.493, 117.139, 230.866, 326.494, -2.8613, 230.866, 326.494, -122.861, 230.866, 326.493, 117.139, 230.678, 326.228, 117.126, 230.678, 326.228, -2.87431, 230.305, 325.7, -122.9, 230.678, 326.228, -122.874, 230.678, 326.228, 117.126, 230.584, 326.096, -122.881, 230.584, 326.095, 117.119, 230.584, 326.095, -2.88083, 230.584, 326.096, -122.881, 230.584, 326.095, 117.119, 229.837, 325.039, 117.067, 229.837, 325.039, -2.93262, 229.837, 325.039, -122.933, 230.866, 326.494, -2.8613, 229.837, 325.039, 117.067, 229.837, 325.039, -2.93262, 229.837, 325.039, -122.933, 229.744, 324.906, 117.061, 229.744, 324.907, -2.93914, 229.744, 324.907, -122.939, 229.744, 324.906, 117.061, 229.744, 324.907, -2.93914, 229.744, 324.907, -122.939, 231.147, 326.892, 117.158, 230.678, 326.228, -2.87431, 231.148, 326.892, -2.8418, 231.148, 326.892, -122.842, 231.147, 326.892, 117.158, 231.148, 326.892, -2.8418, 231.148, 326.892, -122.842, 230.959, 326.626, 117.145, 230.96, 326.626, -2.85482, 230.96, 326.626, -122.855, 230.959, 326.626, 117.145, 230.96, 326.626, -2.85482, 230.584, 326.095, -2.88083, 230.96, 326.626, -122.855, 230.866, 326.493, 117.139, 230.866, 326.493, -2.86133, 230.866, 326.493, -122.861, 230.866, 326.493, 117.139, 230.866, 326.493, -2.86133, 230.866, 326.493, -122.861, 230.024, 325.303, 117.08, 230.024, 325.303, -2.9196, 230.024, 325.303, -122.92, 
2019 Aug 19 (Mon) 5:30, 230.819, 326.427, -3.34413, 230.818, 326.426, -123.344, 230.819, 326.427, -123.344, 230.819, 326.427, 116.656, 230.819, 326.427, -3.34413, 230.819, 326.427, -123.344, 230.819, 326.427, 116.656, 230.417, 325.859, 116.619, 230.417, 325.859, -3.38103, 230.417, 325.859, -123.381, 230.417, 325.859, 116.619, 230.417, 325.859, -3.38103, 230.116, 325.433, 116.591, 230.116, 325.433, -3.40877, 230.116, 325.434, -123.409, 231.019, 326.71, -123.326, 231.019, 326.71, 116.674, 231.019, 326.71, -3.32585, 231.019, 326.71, -123.326, 231.019, 326.71, 116.674, 230.818, 326.425, 116.656, 230.818, 326.425, -3.34437, 230.417, 325.859, -123.381, 230.818, 326.426, -123.344, 230.818, 326.425, 116.656, 230.717, 326.283, -123.354, 230.717, 326.283, 116.646, 230.717, 326.283, -3.35363, 230.717, 326.283, -123.354, 230.717, 326.283, 116.646, 229.915, 325.15, 116.573, 229.916, 325.15, -3.42729, 229.916, 325.15, -123.427, 231.019, 326.71, -3.32585, 229.915, 325.15, 116.573, 229.916, 325.15, -3.42729, 229.916, 325.15, -123.427, 229.815, 325.008, 116.563, 229.815, 325.008, -3.43656, 229.815, 325.008, -123.437, 229.815, 325.008, 116.563, 229.815, 325.008, -3.43656, 229.815, 325.008, -123.437, 231.321, 327.138, 116.702, 230.818, 326.425, -3.34437, 231.321, 327.138, -3.29811, 231.321, 327.138, -123.298, 231.321, 327.138, 116.702, 231.321, 327.138, -3.29811, 231.321, 327.138, -123.298, 231.12, 326.852, 116.683, 231.12, 326.852, -3.31663, 231.12, 326.853, -123.317, 231.12, 326.852, 116.683, 231.12, 326.852, -3.31663, 230.717, 326.283, -3.35363, 231.12, 326.853, -123.317, 231.019, 326.71, 116.674, 231.019, 326.71, -3.3259, 231.019, 326.71, -123.326, 231.019, 326.71, 116.674, 231.019, 326.71, -3.3259, 231.019, 326.71, -123.326, 230.116, 325.433, 116.591, 230.116, 325.433, -3.40877, 230.116, 325.434, -123.409, 
2019 Aug 19 (Mon) 6:00, 230.297, 325.689, -3.62042, 230.296, 325.687, -123.621, 230.297, 325.689, -123.62, 230.297, 325.689, 116.38, 230.297, 325.689, -3.62042, 230.297, 325.689, -123.62, 230.297, 325.689, 116.38, 229.867, 325.081, 116.339, 229.867, 325.081, -3.66143, 229.867, 325.081, -123.661, 229.867, 325.081, 116.339, 229.867, 325.081, -3.66143, 229.545, 324.625, 116.308, 229.545, 324.625, -3.69225, 229.545, 324.626, -123.692, 230.511, 325.992, -123.6, 230.511, 325.992, 116.4, 230.511, 325.992, -3.60013, 230.511, 325.992, -123.6, 230.511, 325.992, 116.4, 230.295, 325.687, 116.379, 230.295, 325.687, -3.62071, 229.867, 325.081, -123.661, 230.296, 325.687, -123.621, 230.295, 325.687, 116.379, 230.188, 325.535, -123.631, 230.188, 325.534, 116.369, 230.188, 325.535, -3.63101, 230.188, 325.535, -123.631, 230.188, 325.534, 116.369, 229.33, 324.322, 116.287, 229.33, 324.322, -3.71283, 229.33, 324.322, -123.713, 230.511, 325.992, -3.60013, 229.33, 324.322, 116.287, 229.33, 324.322, -3.71283, 229.33, 324.322, -123.713, 229.223, 324.17, 116.277, 229.223, 324.17, -3.72313, 229.223, 324.17, -123.723, 229.223, 324.17, 116.277, 229.223, 324.17, -3.72313, 229.223, 324.17, -123.723, 230.834, 326.449, 116.431, 230.295, 325.687, -3.62071, 230.834, 326.449, -3.56931, 230.834, 326.449, -123.569, 230.834, 326.449, 116.431, 230.834, 326.449, -3.56931, 230.834, 326.449, -123.569, 230.619, 326.144, 116.41, 230.619, 326.144, -3.58989, 230.619, 326.144, -123.59, 230.619, 326.144, 116.41, 230.619, 326.144, -3.58989, 230.188, 325.535, -3.63101, 230.619, 326.144, -123.59, 230.511, 325.991, 116.4, 230.511, 325.991, -3.60019, 230.511, 325.991, -123.6, 230.511, 325.991, 116.4, 230.511, 325.991, -3.60019, 230.511, 325.991, -123.6, 229.545, 324.625, 116.308, 229.545, 324.625, -3.69225, 229.545, 324.626, -123.692, 
2019 Aug 19 (Mon) 6:30, 225.153, 318.414, -3.60465, 225.151, 318.411, -123.605, 225.153, 318.414, -123.605, 225.153, 318.414, 116.395, 225.153, 318.414, -3.60465, 225.153, 318.414, -123.605, 225.153, 318.414, 116.395, 224.619, 317.659, 116.375, 224.619, 317.659, -3.62474, 224.619, 317.66, -123.625, 224.619, 317.659, 116.375, 224.619, 317.659, -3.62474, 224.219, 317.093, 116.36, 224.219, 317.094, -3.63985, 224.219, 317.094, -123.64, 225.418, 318.79, -123.595, 225.418, 318.789, 116.405, 225.418, 318.79, -3.59474, 225.418, 318.79, -123.595, 225.418, 318.789, 116.405, 225.15, 318.411, 116.395, 225.15, 318.411, -3.60483, 224.619, 317.66, -123.625, 225.151, 318.411, -123.605, 225.15, 318.411, 116.395, 225.017, 318.222, -123.61, 225.016, 318.221, 116.39, 225.017, 318.221, -3.60988, 225.017, 318.222, -123.61, 225.016, 318.221, 116.39, 223.952, 316.717, 116.35, 223.953, 316.717, -3.64994, 223.953, 316.717, -123.65, 225.418, 318.79, -3.59474, 223.952, 316.717, 116.35, 223.953, 316.717, -3.64994, 223.953, 316.717, -123.65, 223.819, 316.528, 116.345, 223.819, 316.529, -3.65499, 223.82, 316.529, -123.655, 223.819, 316.528, 116.345, 223.819, 316.529, -3.65499, 223.82, 316.529, -123.655, 225.82, 319.358, 116.42, 225.15, 318.411, -3.60483, 225.82, 319.358, -3.57963, 225.821, 319.358, -123.58, 225.82, 319.358, 116.42, 225.82, 319.358, -3.57963, 225.821, 319.358, -123.58, 225.552, 318.979, 116.41, 225.552, 318.979, -3.58973, 225.552, 318.979, -123.59, 225.552, 318.979, 116.41, 225.552, 318.979, -3.58973, 225.017, 318.221, -3.60988, 225.552, 318.979, -123.59, 225.418, 318.789, 116.405, 225.418, 318.789, -3.59478, 225.418, 318.789, -123.595, 225.418, 318.789, 116.405, 225.418, 318.789, -3.59478, 225.418, 318.789, -123.595, 224.219, 317.093, 116.36, 224.219, 317.094, -3.63985, 224.219, 317.094, -123.64, 
2019 Aug 19 (Mon) 7:00, 225.852, 319.403, -3.94273, 225.85, 319.4, -123.943, 225.852, 319.403, -123.943, 225.852, 319.403, 116.057, 225.852, 319.403, -3.94273, 225.852, 319.403, -123.943, 225.852, 319.403, 116.057, 225.311, 318.638, 116.027, 225.311, 318.638, -3.97336, 225.312, 318.639, -123.973, 225.311, 318.638, 116.027, 225.311, 318.638, -3.97336, 224.906, 318.065, 116.004, 224.906, 318.065, -3.9964, 224.906, 318.066, -123.996, 226.121, 319.784, -123.928, 226.121, 319.783, 116.072, 226.121, 319.783, -3.92762, 226.121, 319.784, -123.928, 226.121, 319.783, 116.072, 225.849, 319.399, 116.057, 225.85, 319.4, -3.943, 225.312, 318.639, -123.973, 225.85, 319.4, -123.943, 225.849, 319.399, 116.057, 225.714, 319.208, -123.951, 225.714, 319.208, 116.049, 225.714, 319.208, -3.95071, 225.714, 319.208, -123.951, 225.714, 319.208, 116.049, 224.636, 317.683, 115.988, 224.636, 317.684, -4.01179, 224.636, 317.684, -124.012, 226.121, 319.783, -3.92762, 224.636, 317.683, 115.988, 224.636, 317.684, -4.01179, 224.636, 317.684, -124.012, 224.501, 317.493, 115.98, 224.501, 317.493, -4.01949, 224.502, 317.493, -124.02, 224.501, 317.493, 115.98, 224.501, 317.493, -4.01949, 224.502, 317.493, -124.02, 226.528, 320.359, 116.095, 225.85, 319.4, -3.943, 226.528, 320.359, -3.90458, 226.528, 320.36, -123.905, 226.528, 320.359, 116.095, 226.528, 320.359, -3.90458, 226.528, 320.36, -123.905, 226.256, 319.975, 116.08, 226.256, 319.975, -3.91997, 226.257, 319.975, -123.92, 226.256, 319.975, 116.08, 226.256, 319.975, -3.91997, 225.714, 319.208, -3.95071, 226.257, 319.975, -123.92, 226.12, 319.783, 116.072, 226.121, 319.783, -3.92767, 226.121, 319.783, -123.928, 226.12, 319.783, 116.072, 226.121, 319.783, -3.92767, 226.121, 319.783, -123.928, 224.906, 318.065, 116.004, 224.906, 318.065, -3.9964, 224.906, 318.066, -123.996, 
2019 Aug 19 (Mon) 7:30, 224.572, 317.593, -4.20398, 224.57, 317.59, -124.204, 224.572, 317.593, -124.204, 224.572, 317.593, 115.796, 224.572, 317.593, -4.20398, 224.572, 317.593, -124.204, 224.572, 317.593, 115.796, 223.989, 316.769, 115.764, 223.989, 316.769, -4.23544, 223.99, 316.769, -124.236, 223.989, 316.769, 115.764, 223.989, 316.769, -4.23544, 223.553, 316.151, 115.741, 223.553, 316.151, -4.2591, 223.553, 316.152, -124.259, 224.863, 318.004, -124.189, 224.862, 318.003, 115.811, 224.862, 318.003, -4.18848, 224.863, 318.004, -124.189, 224.862, 318.003, 115.811, 224.569, 317.589, 115.796, 224.57, 317.589, -4.20429, 223.99, 316.769, -124.236, 224.57, 317.59, -124.204, 224.569, 317.589, 115.796, 224.423, 317.383, -124.212, 224.423, 317.382, 115.788, 224.423, 317.382, -4.2122, 224.423, 317.383, -124.212, 224.423, 317.382, 115.788, 223.261, 315.739, 115.725, 223.262, 315.74, -4.27491, 223.262, 315.74, -124.275, 224.862, 318.003, -4.18848, 223.261, 315.739, 115.725, 223.262, 315.74, -4.27491, 223.262, 315.74, -124.275, 223.116, 315.534, 115.717, 223.116, 315.534, -4.28282, 223.116, 315.534, -124.283, 223.116, 315.534, 115.717, 223.116, 315.534, -4.28282, 223.116, 315.534, -124.283, 225.302, 318.625, 115.835, 224.57, 317.589, -4.20429, 225.302, 318.625, -4.16482, 225.302, 318.625, -124.165, 225.302, 318.625, 115.835, 225.302, 318.625, -4.16482, 225.302, 318.625, -124.165, 225.008, 318.21, 115.819, 225.008, 318.21, -4.18062, 225.009, 318.21, -124.181, 225.008, 318.21, 115.819, 225.008, 318.21, -4.18062, 224.423, 317.382, -4.2122, 225.009, 318.21, -124.181, 224.862, 318.002, 115.811, 224.862, 318.003, -4.18854, 224.862, 318.003, -124.189, 224.862, 318.002, 115.811, 224.862, 318.003, -4.18854, 224.862, 318.003, -124.189, 223.553, 316.151, 115.741, 223.553, 316.151, -4.2591, 223.553, 316.152, -124.259, 
2019 Aug 19 (Mon) 8:00, 225.336, 318.673, -4.15779, 225.334, 318.67, -124.158, 225.336, 318.673, -124.158, 225.336, 318.673, 115.842, 225.336, 318.673, -4.15779, 225.336, 318.673, -124.158, 225.336, 318.673, 115.842, 224.771, 317.875, 115.809, 224.771, 317.875, -4.19126, 224.772, 317.875, -124.191, 224.771, 317.875, 115.809, 224.771, 317.875, -4.19126, 224.348, 317.276, 115.783, 224.348, 317.277, -4.21644, 224.349, 317.277, -124.217, 225.617, 319.071, -124.141, 225.617, 319.07, 115.859, 225.617, 319.07, -4.14128, 225.617, 319.071, -124.141, 225.617, 319.07, 115.859, 225.333, 318.669, 115.842, 225.333, 318.669, -4.1581, 224.772, 317.875, -124.191, 225.334, 318.67, -124.158, 225.333, 318.669, 115.842, 225.192, 318.469, -124.167, 225.192, 318.469, 115.833, 225.192, 318.469, -4.16652, 225.192, 318.469, -124.167, 225.192, 318.469, 115.833, 224.066, 316.878, 115.767, 224.067, 316.878, -4.23326, 224.067, 316.878, -124.233, 225.617, 319.07, -4.14128, 224.066, 316.878, 115.767, 224.067, 316.878, -4.23326, 224.067, 316.878, -124.233, 223.925, 316.678, 115.758, 223.926, 316.679, -4.24168, 223.926, 316.679, -124.242, 223.925, 316.678, 115.758, 223.926, 316.679, -4.24168, 223.926, 316.679, -124.242, 226.042, 319.672, 115.884, 225.333, 318.669, -4.1581, 226.042, 319.672, -4.11611, 226.042, 319.672, -124.116, 226.042, 319.672, 115.884, 226.042, 319.672, -4.11611, 226.042, 319.672, -124.116, 225.758, 319.27, 115.867, 225.758, 319.27, -4.13293, 225.758, 319.271, -124.133, 225.758, 319.27, 115.867, 225.758, 319.27, -4.13293, 225.192, 318.469, -4.16652, 225.758, 319.271, -124.133, 225.616, 319.069, 115.859, 225.616, 319.07, -4.14135, 225.616, 319.07, -124.141, 225.616, 319.069, 115.859, 225.616, 319.07, -4.14135, 225.616, 319.07, -124.141, 224.348, 317.276, 115.783, 224.348, 317.277, -4.21644, 224.349, 317.277, -124.217, 
2019 Aug 19 (Mon) 8:30, 224.397, 317.345, -3.72096, 224.394, 317.342, -123.721, 224.397, 317.345, -123.721, 224.397, 317.345, 116.279, 224.397, 317.345, -3.72096, 224.397, 317.345, -123.721, 224.397, 317.345, 116.279, 223.84, 316.558, 116.259, 223.841, 316.558, -3.74061, 223.841, 316.559, -123.741, 223.84, 316.558, 116.259, 223.841, 316.558, -3.74061, 223.423, 315.968, 116.245, 223.424, 315.969, -3.7554, 223.424, 315.969, -123.755, 224.674, 317.737, -123.711, 224.674, 317.736, 116.289, 224.674, 317.737, -3.71126, 224.674, 317.737, -123.711, 224.674, 317.736, 116.289, 224.394, 317.341, 116.279, 224.394, 317.341, -3.72114, 223.841, 316.559, -123.741, 224.394, 317.342, -123.721, 224.394, 317.341, 116.279, 224.255, 317.144, -123.726, 224.255, 317.144, 116.274, 224.255, 317.144, -3.72608, 224.255, 317.144, -123.726, 224.255, 317.144, 116.274, 223.146, 315.575, 116.235, 223.146, 315.576, -3.76527, 223.146, 315.576, -123.765, 224.674, 317.737, -3.71126, 223.146, 315.575, 116.235, 223.146, 315.576, -3.76527, 223.146, 315.576, -123.765, 223.007, 315.379, 116.23, 223.007, 315.379, -3.77022, 223.007, 315.38, -123.77, 223.007, 315.379, 116.23, 223.007, 315.379, -3.77022, 223.007, 315.38, -123.77, 225.093, 318.329, 116.303, 224.394, 317.341, -3.72114, 225.093, 318.33, -3.69648, 225.093, 318.33, -123.697, 225.093, 318.329, 116.303, 225.093, 318.33, -3.69648, 225.093, 318.33, -123.697, 224.813, 317.933, 116.294, 224.813, 317.934, -3.70636, 224.813, 317.934, -123.706, 224.813, 317.933, 116.294, 224.813, 317.934, -3.70636, 224.255, 317.144, -3.72608, 224.813, 317.934, -123.706, 224.673, 317.736, 116.289, 224.673, 317.736, -3.7113, 224.673, 317.736, -123.711, 224.673, 317.736, 116.289, 224.673, 317.736, -3.7113, 224.673, 317.736, -123.711, 223.423, 315.968, 116.245, 223.424, 315.969, -3.7554, 223.424, 315.969, -123.755, 
2019 Aug 19 (Mon) 9:00, 224.683, 317.75, -3.67871, 224.681, 317.747, -123.679, 224.684, 317.75, -123.679, 224.683, 317.75, 116.321, 224.683, 317.75, -3.67871, 224.684, 317.75, -123.679, 224.683, 317.75, 116.321, 224.135, 316.975, 116.301, 224.135, 316.975, -3.69857, 224.136, 316.976, -123.699, 224.135, 316.975, 116.301, 224.135, 316.975, -3.69857, 223.725, 316.395, 116.286, 223.725, 316.395, -3.71351, 223.725, 316.395, -123.714, 224.956, 318.136, -123.669, 224.956, 318.136, 116.331, 224.956, 318.136, -3.66891, 224.956, 318.136, -123.669, 224.956, 318.136, 116.331, 224.681, 317.747, 116.321, 224.681, 317.747, -3.67889, 224.136, 316.976, -123.699, 224.681, 317.747, -123.679, 224.681, 317.747, 116.321, 224.544, 317.553, -123.684, 224.543, 317.552, 116.316, 224.543, 317.552, -3.68389, 224.544, 317.553, -123.684, 224.543, 317.552, 116.316, 223.451, 316.008, 116.276, 223.451, 316.008, -3.72349, 223.452, 316.008, -123.724, 224.956, 318.136, -3.66891, 223.451, 316.008, 116.276, 223.451, 316.008, -3.72349, 223.452, 316.008, -123.724, 223.314, 315.814, 116.271, 223.315, 315.814, -3.72848, 223.315, 315.815, -123.729, 223.314, 315.814, 116.271, 223.315, 315.814, -3.72848, 223.315, 315.815, -123.729, 225.369, 318.719, 116.346, 224.681, 317.747, -3.67889, 225.369, 318.72, -3.65398, 225.369, 318.72, -123.654, 225.369, 318.719, 116.346, 225.369, 318.72, -3.65398, 225.369, 318.72, -123.654, 225.093, 318.33, 116.336, 225.093, 318.33, -3.66396, 225.093, 318.33, -123.664, 225.093, 318.33, 116.336, 225.093, 318.33, -3.66396, 224.543, 317.552, -3.68389, 225.093, 318.33, -123.664, 224.955, 318.135, 116.331, 224.955, 318.135, -3.66895, 224.956, 318.135, -123.669, 224.955, 318.135, 116.331, 224.955, 318.135, -3.66895, 224.956, 318.135, -123.669, 223.725, 316.395, 116.286, 223.725, 316.395, -3.71351, 223.725, 316.395, -123.714, 
2019 Aug 19 (Mon) 9:30, 227.151, 321.24, -3.73298, 227.149, 321.237, -123.733, 227.151, 321.24, -123.733, 227.15, 321.239, 116.267, 227.151, 321.24, -3.73298, 227.151, 321.24, -123.733, 227.15, 321.239, 116.267, 226.649, 320.531, 116.236, 226.65, 320.531, -3.76405, 226.65, 320.531, -123.764, 226.649, 320.531, 116.236, 226.65, 320.531, -3.76405, 226.274, 320, 116.213, 226.274, 320, -3.78742, 226.274, 320, -123.787, 227.4, 321.593, -123.718, 227.4, 321.592, 116.282, 227.4, 321.592, -3.71763, 227.4, 321.593, -123.718, 227.4, 321.592, 116.282, 227.149, 321.237, 116.267, 227.149, 321.237, -3.73323, 226.65, 320.531, -123.764, 227.149, 321.237, -123.733, 227.149, 321.237, 116.267, 227.023, 321.059, -123.741, 227.023, 321.059, 116.259, 227.023, 321.059, -3.74105, 227.023, 321.059, -123.741, 227.023, 321.059, 116.259, 226.024, 319.646, 116.197, 226.024, 319.646, -3.80303, 226.024, 319.646, -123.803, 227.4, 321.592, -3.71763, 226.024, 319.646, 116.197, 226.024, 319.646, -3.80303, 226.024, 319.646, -123.803, 225.899, 319.469, 116.189, 225.899, 319.469, -3.81084, 225.899, 319.47, -123.811, 225.899, 319.469, 116.189, 225.899, 319.469, -3.81084, 225.899, 319.47, -123.811, 227.777, 322.126, 116.306, 227.149, 321.237, -3.73323, 227.777, 322.126, -3.69426, 227.778, 322.126, -123.694, 227.777, 322.126, 116.306, 227.777, 322.126, -3.69426, 227.778, 322.126, -123.694, 227.525, 321.77, 116.29, 227.526, 321.77, -3.70987, 227.526, 321.77, -123.71, 227.525, 321.77, 116.29, 227.526, 321.77, -3.70987, 227.023, 321.059, -3.74105, 227.526, 321.77, -123.71, 227.4, 321.592, 116.282, 227.4, 321.592, -3.71768, 227.4, 321.592, -123.718, 227.4, 321.592, 116.282, 227.4, 321.592, -3.71768, 227.4, 321.592, -123.718, 226.274, 320, 116.213, 226.274, 320, -3.78742, 226.274, 320, -123.787, 
2019 Aug 19 (Mon) 10:00, 229.154, 324.072, -3.65368, 229.152, 324.07, -123.654, 229.154, 324.072, -123.654, 229.154, 324.072, 116.346, 229.154, 324.072, -3.65368, 229.154, 324.072, -123.654, 229.154, 324.072, 116.346, 228.698, 323.428, 116.309, 228.699, 323.429, -3.69094, 228.699, 323.429, -123.691, 228.698, 323.428, 116.309, 228.699, 323.429, -3.69094, 228.357, 322.946, 116.281, 228.357, 322.946, -3.71894, 228.358, 322.946, -123.719, 229.381, 324.393, -123.635, 229.38, 324.393, 116.365, 229.381, 324.393, -3.63526, 229.381, 324.393, -123.635, 229.38, 324.393, 116.365, 229.152, 324.07, 116.346, 229.152, 324.07, -3.65396, 228.699, 323.429, -123.691, 229.152, 324.07, -123.654, 229.152, 324.07, 116.346, 229.038, 323.909, -123.663, 229.038, 323.909, 116.337, 229.038, 323.909, -3.66332, 229.038, 323.909, -123.663, 229.038, 323.909, 116.337, 228.13, 322.624, 116.262, 228.13, 322.625, -3.73765, 228.13, 322.625, -123.738, 229.381, 324.393, -3.63526, 228.13, 322.624, 116.262, 228.13, 322.625, -3.73765, 228.13, 322.625, -123.738, 228.016, 322.464, 116.253, 228.016, 322.464, -3.74701, 228.017, 322.464, -123.747, 228.016, 322.464, 116.253, 228.016, 322.464, -3.74701, 228.017, 322.464, -123.747, 229.723, 324.878, 116.393, 229.152, 324.07, -3.65396, 229.723, 324.878, -3.60725, 229.723, 324.878, -123.607, 229.723, 324.878, 116.393, 229.723, 324.878, -3.60725, 229.723, 324.878, -123.607, 229.494, 324.554, 116.374, 229.495, 324.554, -3.62595, 229.495, 324.554, -123.626, 229.494, 324.554, 116.374, 229.495, 324.554, -3.62595, 229.038, 323.909, -3.66332, 229.495, 324.554, -123.626, 229.38, 324.392, 116.365, 229.38, 324.393, -3.63531, 229.38, 324.393, -123.635, 229.38, 324.392, 116.365, 229.38, 324.393, -3.63531, 229.38, 324.393, -123.635, 228.357, 322.946, 116.281, 228.357, 322.946, -3.71894, 228.358, 322.946, -123.719, 
2019 Aug 19 (Mon) 10:30, 230.525, 326.012, -3.53549, 230.524, 326.011, -123.536, 230.526, 326.012, -123.536, 230.525, 326.012, 116.464, 230.525, 326.012, -3.53549, 230.526, 326.012, -123.536, 230.525, 326.012, 116.464, 230.106, 325.419, 116.424, 230.106, 325.419, -3.5755, 230.106, 325.419, -123.576, 230.106, 325.419, 116.424, 230.106, 325.419, -3.5755, 229.791, 324.974, 116.394, 229.791, 324.974, -3.60557, 229.791, 324.974, -123.606, 230.735, 326.308, -123.516, 230.735, 326.308, 116.484, 230.735, 326.308, -3.51568, 230.735, 326.308, -123.516, 230.735, 326.308, 116.484, 230.524, 326.01, 116.464, 230.524, 326.011, -3.53576, 230.106, 325.419, -123.576, 230.524, 326.011, -123.536, 230.524, 326.01, 116.464, 230.419, 325.862, -123.546, 230.419, 325.862, 116.454, 230.419, 325.862, -3.54581, 230.419, 325.862, -123.546, 230.419, 325.862, 116.454, 229.581, 324.677, 116.374, 229.582, 324.677, -3.62565, 229.582, 324.677, -123.626, 230.735, 326.308, -3.51568, 229.581, 324.677, 116.374, 229.582, 324.677, -3.62565, 229.582, 324.677, -123.626, 229.477, 324.529, 116.364, 229.477, 324.529, -3.6357, 229.477, 324.529, -123.636, 229.477, 324.529, 116.364, 229.477, 324.529, -3.6357, 229.477, 324.529, -123.636, 231.051, 326.755, 116.514, 230.524, 326.011, -3.53576, 231.051, 326.755, -3.48561, 231.051, 326.755, -123.486, 231.051, 326.755, 116.514, 231.051, 326.755, -3.48561, 231.051, 326.755, -123.486, 230.84, 326.457, 116.494, 230.84, 326.457, -3.50569, 230.84, 326.457, -123.506, 230.84, 326.457, 116.494, 230.84, 326.457, -3.50569, 230.419, 325.862, -3.54581, 230.84, 326.457, -123.506, 230.734, 326.308, 116.484, 230.734, 326.308, -3.51574, 230.735, 326.308, -123.516, 230.734, 326.308, 116.484, 230.734, 326.308, -3.51574, 230.735, 326.308, -123.516, 229.791, 324.974, 116.394, 229.791, 324.974, -3.60557, 229.791, 324.974, -123.606, 
2019 Aug 19 (Mon) 11:00, 229.082, 323.971, -3.52366, 229.081, 323.969, -123.524, 229.082, 323.971, -123.524, 229.082, 323.971, 116.476, 229.082, 323.971, -3.52366, 229.082, 323.971, -123.524, 229.082, 323.971, 116.476, 228.634, 323.337, 116.442, 228.634, 323.337, -3.55772, 228.634, 323.337, -123.558, 228.634, 323.337, 116.442, 228.634, 323.337, -3.55772, 228.298, 322.862, 116.417, 228.298, 322.862, -3.58332, 228.298, 322.862, -123.583, 229.306, 324.287, -123.507, 229.306, 324.287, 116.493, 229.306, 324.287, -3.50681, 229.306, 324.287, -123.507, 229.306, 324.287, 116.493, 229.081, 323.969, 116.476, 229.081, 323.969, -3.52391, 228.634, 323.337, -123.558, 229.081, 323.969, -123.524, 229.081, 323.969, 116.476, 228.968, 323.81, -123.533, 228.968, 323.81, 116.467, 228.968, 323.81, -3.53247, 228.968, 323.81, -123.533, 228.968, 323.81, 116.467, 228.074, 322.545, 116.4, 228.074, 322.545, -3.60042, 228.074, 322.545, -123.6, 229.306, 324.287, -3.50681, 228.074, 322.545, 116.4, 228.074, 322.545, -3.60042, 228.074, 322.545, -123.6, 227.962, 322.386, 116.391, 227.962, 322.387, -3.60898, 227.962, 322.387, -123.609, 227.962, 322.386, 116.391, 227.962, 322.387, -3.60898, 227.962, 322.387, -123.609, 229.643, 324.764, 116.519, 229.081, 323.969, -3.52391, 229.643, 324.765, -3.48121, 229.643, 324.765, -123.481, 229.643, 324.764, 116.519, 229.643, 324.765, -3.48121, 229.643, 324.765, -123.481, 229.418, 324.446, 116.502, 229.418, 324.446, -3.49831, 229.418, 324.446, -123.498, 229.418, 324.446, 116.502, 229.418, 324.446, -3.49831, 228.968, 323.81, -3.53247, 229.418, 324.446, -123.498, 229.305, 324.287, 116.493, 229.305, 324.287, -3.50686, 229.305, 324.287, -123.507, 229.305, 324.287, 116.493, 229.305, 324.287, -3.50686, 229.305, 324.287, -123.507, 228.298, 322.862, 116.417, 228.298, 322.862, -3.58332, 228.298, 322.862, -123.583, 
2019 Aug 19 (Mon) 11:30, 228.885, 323.692, -3.65163, 228.883, 323.69, -123.652, 228.885, 323.692, -123.652, 228.885, 323.692, 116.348, 228.885, 323.692, -3.65163, 228.885, 323.692, -123.652, 228.885, 323.692, 116.348, 228.424, 323.04, 116.312, 228.424, 323.041, -3.68777, 228.424, 323.041, -123.688, 228.424, 323.04, 116.312, 228.424, 323.041, -3.68777, 228.079, 322.552, 116.285, 228.079, 322.553, -3.71495, 228.079, 322.553, -123.715, 229.114, 324.017, -123.634, 229.114, 324.016, 116.366, 229.114, 324.016, -3.63375, 229.114, 324.017, -123.634, 229.114, 324.016, 116.366, 228.883, 323.69, 116.348, 228.883, 323.69, -3.6519, 228.424, 323.041, -123.688, 228.883, 323.69, -123.652, 228.883, 323.69, 116.348, 228.768, 323.527, -123.661, 228.768, 323.526, 116.339, 228.768, 323.526, -3.66098, 228.768, 323.527, -123.661, 228.768, 323.526, 116.339, 227.849, 322.227, 116.267, 227.849, 322.227, -3.7331, 227.849, 322.228, -123.733, 229.114, 324.016, -3.63375, 227.849, 322.227, 116.267, 227.849, 322.227, -3.7331, 227.849, 322.228, -123.733, 227.734, 322.065, 116.258, 227.734, 322.065, -3.74218, 227.734, 322.065, -123.742, 227.734, 322.065, 116.258, 227.734, 322.065, -3.74218, 227.734, 322.065, -123.742, 229.461, 324.507, 116.393, 228.883, 323.69, -3.6519, 229.461, 324.507, -3.60658, 229.461, 324.507, -123.607, 229.461, 324.507, 116.393, 229.461, 324.507, -3.60658, 229.461, 324.507, -123.607, 229.229, 324.179, 116.375, 229.23, 324.18, -3.62473, 229.23, 324.18, -123.625, 229.229, 324.179, 116.375, 229.23, 324.18, -3.62473, 228.768, 323.526, -3.66098, 229.23, 324.18, -123.625, 229.114, 324.016, 116.366, 229.114, 324.016, -3.63381, 229.114, 324.016, -123.634, 229.114, 324.016, 116.366, 229.114, 324.016, -3.63381, 229.114, 324.016, -123.634, 228.079, 322.552, 116.285, 228.079, 322.553, -3.71495, 228.079, 322.553, -123.715, 
2019 Aug 19 (Mon) 12:00, 228.592, 323.278, -3.7026, 228.591, 323.276, -123.703, 228.592, 323.279, -123.703, 228.592, 323.278, 116.297, 228.592, 323.278, -3.7026, 228.592, 323.279, -123.703, 228.592, 323.278, 116.297, 228.123, 322.614, 116.261, 228.123, 322.614, -3.73873, 228.123, 322.614, -123.739, 228.123, 322.614, 116.261, 228.123, 322.614, -3.73873, 227.77, 322.116, 116.234, 227.771, 322.116, -3.7659, 227.771, 322.117, -123.766, 228.826, 323.61, -123.685, 228.826, 323.609, 116.315, 228.826, 323.609, -3.68473, 228.826, 323.61, -123.685, 228.826, 323.609, 116.315, 228.591, 323.276, 116.297, 228.591, 323.276, -3.70288, 228.123, 322.614, -123.739, 228.591, 323.276, -123.703, 228.591, 323.276, 116.297, 228.473, 323.11, -123.712, 228.473, 323.109, 116.288, 228.473, 323.11, -3.71196, 228.473, 323.11, -123.712, 228.473, 323.109, 116.288, 227.536, 321.784, 116.216, 227.536, 321.785, -3.78404, 227.536, 321.785, -123.784, 228.826, 323.609, -3.68473, 227.536, 321.784, 116.216, 227.536, 321.785, -3.78404, 227.536, 321.785, -123.784, 227.419, 321.619, 116.207, 227.419, 321.619, -3.79312, 227.419, 321.619, -123.793, 227.419, 321.619, 116.207, 227.419, 321.619, -3.79312, 227.419, 321.619, -123.793, 229.18, 324.109, 116.342, 228.591, 323.276, -3.70288, 229.18, 324.11, -3.65757, 229.18, 324.11, -123.658, 229.18, 324.109, 116.342, 229.18, 324.11, -3.65757, 229.18, 324.11, -123.658, 228.944, 323.776, 116.324, 228.944, 323.776, -3.67571, 228.944, 323.776, -123.676, 228.944, 323.776, 116.324, 228.944, 323.776, -3.67571, 228.473, 323.11, -3.71196, 228.944, 323.776, -123.676, 228.826, 323.609, 116.315, 228.826, 323.609, -3.68479, 228.826, 323.609, -123.685, 228.826, 323.609, 116.315, 228.826, 323.609, -3.68479, 228.826, 323.609, -123.685, 227.77, 322.116, 116.234, 227.771, 322.116, -3.7659, 227.771, 322.117, -123.766, 
2019 Aug 19 (Mon) 12:30, 227.173, 321.271, -3.65795, 227.171, 321.269, -123.658, 227.173, 321.272, -123.658, 227.173, 321.271, 116.342, 227.173, 321.271, -3.65795, 227.173, 321.272, -123.658, 227.173, 321.271, 116.342, 226.677, 320.57, 116.313, 226.677, 320.57, -3.68742, 226.678, 320.57, -123.687, 226.677, 320.57, 116.313, 226.677, 320.57, -3.68742, 226.306, 320.044, 116.29, 226.306, 320.045, -3.70958, 226.306, 320.045, -123.71, 227.42, 321.621, -123.643, 227.42, 321.62, 116.357, 227.42, 321.621, -3.64339, 227.42, 321.621, -123.643, 227.42, 321.62, 116.357, 227.171, 321.268, 116.342, 227.171, 321.269, -3.65819, 226.678, 320.57, -123.687, 227.171, 321.269, -123.658, 227.171, 321.268, 116.342, 227.047, 321.093, -123.666, 227.047, 321.093, 116.334, 227.047, 321.093, -3.6656, 227.047, 321.093, -123.666, 227.047, 321.093, 116.334, 226.058, 319.694, 116.276, 226.058, 319.695, -3.72438, 226.058, 319.695, -123.724, 227.42, 321.621, -3.64339, 226.058, 319.694, 116.276, 226.058, 319.695, -3.72438, 226.058, 319.695, -123.724, 225.934, 319.519, 116.268, 225.934, 319.519, -3.73179, 225.935, 319.52, -123.732, 225.934, 319.519, 116.268, 225.934, 319.519, -3.73179, 225.935, 319.52, -123.732, 227.793, 322.149, 116.379, 227.171, 321.269, -3.65819, 227.794, 322.149, -3.62123, 227.794, 322.149, -123.621, 227.793, 322.149, 116.379, 227.794, 322.149, -3.62123, 227.794, 322.149, -123.621, 227.544, 321.796, 116.364, 227.544, 321.796, -3.63603, 227.544, 321.796, -123.636, 227.544, 321.796, 116.364, 227.544, 321.796, -3.63603, 227.047, 321.093, -3.6656, 227.544, 321.796, -123.636, 227.42, 321.62, 116.356, 227.42, 321.62, -3.64344, 227.42, 321.62, -123.644, 227.42, 321.62, 116.356, 227.42, 321.62, -3.64344, 227.42, 321.62, -123.644, 226.306, 320.044, 116.29, 226.306, 320.045, -3.70958, 226.306, 320.045, -123.71, 
2019 Aug 19 (Mon) 13:00, 229.901, 325.128, -3.86523, 229.899, 325.127, -123.866, 229.901, 325.129, -123.865, 229.9, 325.128, 116.135, 229.901, 325.128, -3.86523, 229.901, 325.129, -123.865, 229.9, 325.128, 116.135, 229.447, 324.487, 116.09, 229.447, 324.487, -3.91016, 229.447, 324.488, -123.91, 229.447, 324.487, 116.09, 229.447, 324.487, -3.91016, 229.107, 324.007, 116.056, 229.108, 324.007, -3.94394, 229.108, 324.007, -123.944, 230.127, 325.448, -123.843, 230.126, 325.448, 116.157, 230.126, 325.448, -3.84301, 230.127, 325.448, -123.843, 230.126, 325.448, 116.157, 229.899, 325.126, 116.134, 229.899, 325.126, -3.86557, 229.447, 324.488, -123.91, 229.899, 325.127, -123.866, 229.899, 325.126, 116.134, 229.786, 324.966, -123.877, 229.785, 324.966, 116.123, 229.785, 324.966, -3.87685, 229.786, 324.966, -123.877, 229.785, 324.966, 116.123, 228.881, 323.687, 116.033, 228.881, 323.687, -3.96649, 228.881, 323.687, -123.967, 230.126, 325.448, -3.84301, 228.881, 323.687, 116.033, 228.881, 323.687, -3.96649, 228.881, 323.687, -123.967, 228.768, 323.527, 116.022, 228.768, 323.527, -3.97778, 228.768, 323.527, -123.978, 228.768, 323.527, 116.022, 228.768, 323.527, -3.97778, 228.768, 323.527, -123.978, 230.468, 325.93, 116.191, 229.899, 325.126, -3.86557, 230.468, 325.93, -3.80924, 230.468, 325.931, -123.809, 230.468, 325.93, 116.191, 230.468, 325.93, -3.80924, 230.468, 325.931, -123.809, 230.24, 325.608, 116.168, 230.24, 325.608, -3.83179, 230.24, 325.609, -123.832, 230.24, 325.608, 116.168, 230.24, 325.608, -3.83179, 229.785, 324.966, -3.87685, 230.24, 325.609, -123.832, 230.126, 325.447, 116.157, 230.126, 325.448, -3.84308, 230.126, 325.448, -123.843, 230.126, 325.447, 116.157, 230.126, 325.448, -3.84308, 230.126, 325.448, -123.843, 229.107, 324.007, 116.056, 229.108, 324.007, -3.94394, 229.108, 324.007, -123.944, 
2019 Aug 19 (Mon) 13:30, 229.563, 324.651, -3.63594, 229.562, 324.649, -123.636, 229.563, 324.651, -123.636, 229.563, 324.651, 116.364, 229.563, 324.651, -3.63594, 229.563, 324.651, -123.636, 229.563, 324.651, 116.364, 229.117, 324.02, 116.326, 229.117, 324.021, -3.67442, 229.117, 324.021, -123.674, 229.117, 324.02, 116.326, 229.117, 324.021, -3.67442, 228.783, 323.548, 116.297, 228.783, 323.548, -3.70333, 228.783, 323.548, -123.703, 229.785, 324.965, -123.617, 229.785, 324.965, 116.383, 229.785, 324.965, -3.61691, 229.785, 324.965, -123.617, 229.785, 324.965, 116.383, 229.561, 324.649, 116.364, 229.561, 324.649, -3.63622, 229.117, 324.021, -123.674, 229.562, 324.649, -123.636, 229.561, 324.649, 116.364, 229.45, 324.491, -123.646, 229.45, 324.491, 116.354, 229.45, 324.491, -3.64589, 229.45, 324.491, -123.646, 229.45, 324.491, 116.354, 228.56, 323.233, 116.277, 228.56, 323.233, -3.72265, 228.561, 323.234, -123.723, 229.785, 324.965, -3.61691, 228.56, 323.233, 116.277, 228.56, 323.233, -3.72265, 228.561, 323.234, -123.723, 228.449, 323.076, 116.268, 228.449, 323.076, -3.73231, 228.449, 323.076, -123.732, 228.449, 323.076, 116.268, 228.449, 323.076, -3.73231, 228.449, 323.076, -123.732, 230.12, 325.439, 116.412, 229.561, 324.649, -3.63622, 230.12, 325.44, -3.58799, 230.121, 325.44, -123.588, 230.12, 325.439, 116.412, 230.12, 325.44, -3.58799, 230.121, 325.44, -123.588, 229.897, 325.123, 116.393, 229.897, 325.123, -3.6073, 229.897, 325.123, -123.607, 229.897, 325.123, 116.393, 229.897, 325.123, -3.6073, 229.45, 324.491, -3.64589, 229.897, 325.123, -123.607, 229.785, 324.964, 116.383, 229.785, 324.965, -3.61697, 229.785, 324.965, -123.617, 229.785, 324.964, 116.383, 229.785, 324.965, -3.61697, 229.785, 324.965, -123.617, 228.783, 323.548, 116.297, 228.783, 323.548, -3.70333, 228.783, 323.548, -123.703, 
2019 Aug 19 (Mon) 14:00, 226.854, 320.821, -3.49864, 226.853, 320.818, -123.499, 226.855, 320.821, -123.499, 226.854, 320.82, 116.501, 226.854, 320.821, -3.49864, 226.855, 320.821, -123.499, 226.854, 320.82, 116.501, 226.362, 320.124, 116.477, 226.362, 320.124, -3.52323, 226.362, 320.125, -123.523, 226.362, 320.124, 116.477, 226.362, 320.124, -3.52323, 225.993, 319.602, 116.458, 225.993, 319.603, -3.54171, 225.993, 319.603, -123.542, 227.1, 321.167, -123.487, 227.099, 321.167, 116.513, 227.1, 321.167, -3.48649, 227.1, 321.167, -123.487, 227.099, 321.167, 116.513, 226.852, 320.818, 116.501, 226.852, 320.818, -3.49884, 226.362, 320.125, -123.523, 226.853, 320.818, -123.499, 226.852, 320.818, 116.501, 226.729, 320.643, -123.505, 226.729, 320.643, 116.495, 226.729, 320.643, -3.50502, 226.729, 320.643, -123.505, 226.729, 320.643, 116.495, 225.747, 319.255, 116.446, 225.747, 319.255, -3.55406, 225.748, 319.255, -123.554, 227.1, 321.167, -3.48649, 225.747, 319.255, 116.446, 225.747, 319.255, -3.55406, 225.748, 319.255, -123.554, 225.624, 319.081, 116.44, 225.624, 319.081, -3.56024, 225.625, 319.081, -123.56, 225.624, 319.081, 116.44, 225.624, 319.081, -3.56024, 225.625, 319.081, -123.56, 227.47, 321.691, 116.532, 226.852, 320.818, -3.49884, 227.47, 321.692, -3.46801, 227.47, 321.692, -123.468, 227.47, 321.691, 116.532, 227.47, 321.692, -3.46801, 227.47, 321.692, -123.468, 227.223, 321.341, 116.52, 227.223, 321.342, -3.48035, 227.223, 321.342, -123.48, 227.223, 321.341, 116.52, 227.223, 321.342, -3.48035, 226.729, 320.643, -3.50502, 227.223, 321.342, -123.48, 227.099, 321.166, 116.513, 227.099, 321.167, -3.48653, 227.099, 321.167, -123.487, 227.099, 321.166, 116.513, 227.099, 321.167, -3.48653, 227.099, 321.167, -123.487, 225.993, 319.602, 116.458, 225.993, 319.603, -3.54171, 225.993, 319.603, -123.542, 
2019 Aug 19 (Mon) 14:30, 225.822, 319.361, -3.35825, 225.82, 319.358, -123.358, 225.822, 319.361, -123.358, 225.822, 319.361, 116.642, 225.822, 319.361, -3.35825, 225.822, 319.361, -123.358, 225.822, 319.361, 116.642, 225.318, 318.647, 116.624, 225.318, 318.647, -3.37546, 225.318, 318.648, -123.376, 225.318, 318.647, 116.624, 225.318, 318.647, -3.37546, 224.939, 318.112, 116.612, 224.94, 318.113, -3.38841, 224.94, 318.113, -123.388, 226.073, 319.716, -123.35, 226.073, 319.716, 116.65, 226.073, 319.716, -3.34975, 226.073, 319.716, -123.35, 226.073, 319.716, 116.65, 225.82, 319.358, 116.642, 225.82, 319.358, -3.35839, 225.318, 318.648, -123.376, 225.82, 319.358, -123.358, 225.82, 319.358, 116.642, 225.694, 319.179, -123.363, 225.693, 319.179, 116.637, 225.694, 319.179, -3.36272, 225.694, 319.179, -123.363, 225.693, 319.179, 116.637, 224.688, 317.756, 116.603, 224.688, 317.756, -3.39706, 224.688, 317.757, -123.397, 226.073, 319.716, -3.34975, 224.688, 317.756, 116.603, 224.688, 317.756, -3.39706, 224.688, 317.757, -123.397, 224.562, 317.578, 116.599, 224.562, 317.578, -3.40138, 224.562, 317.579, -123.401, 224.562, 317.578, 116.599, 224.562, 317.578, -3.40138, 224.562, 317.579, -123.401, 226.453, 320.253, 116.663, 225.82, 319.358, -3.35839, 226.453, 320.253, -3.3368, 226.453, 320.254, -123.337, 226.453, 320.253, 116.663, 226.453, 320.253, -3.3368, 226.453, 320.254, -123.337, 226.2, 319.894, 116.654, 226.2, 319.895, -3.34545, 226.2, 319.895, -123.346, 226.2, 319.894, 116.654, 226.2, 319.895, -3.34545, 225.694, 319.179, -3.36272, 226.2, 319.895, -123.346, 226.073, 319.715, 116.65, 226.073, 319.715, -3.34978, 226.073, 319.716, -123.35, 226.073, 319.715, 116.65, 226.073, 319.715, -3.34978, 226.073, 319.716, -123.35, 224.939, 318.112, 116.612, 224.94, 318.113, -3.38841, 224.94, 318.113, -123.388, 
2019 Aug 19 (Mon) 15:00, 229.509, 324.574, -3.84887, 229.507, 324.573, -123.849, 229.509, 324.575, -123.849, 229.509, 324.574, 116.151, 229.509, 324.574, -3.84887, 229.509, 324.575, -123.849, 229.509, 324.574, 116.151, 229.048, 323.923, 116.108, 229.049, 323.924, -3.8919, 229.049, 323.924, -123.892, 229.048, 323.923, 116.108, 229.049, 323.924, -3.8919, 228.704, 323.436, 116.076, 228.704, 323.436, -3.92424, 228.704, 323.436, -123.924, 229.738, 324.899, -123.828, 229.738, 324.899, 116.172, 229.738, 324.899, -3.82759, 229.738, 324.899, -123.828, 229.738, 324.899, 116.172, 229.507, 324.572, 116.151, 229.507, 324.572, -3.84919, 229.049, 323.924, -123.892, 229.507, 324.573, -123.849, 229.507, 324.572, 116.151, 229.392, 324.409, -123.86, 229.392, 324.409, 116.14, 229.392, 324.409, -3.86, 229.392, 324.409, -123.86, 229.392, 324.409, 116.14, 228.474, 323.111, 116.054, 228.474, 323.111, -3.94585, 228.474, 323.111, -123.946, 229.738, 324.899, -3.82759, 228.474, 323.111, 116.054, 228.474, 323.111, -3.94585, 228.474, 323.111, -123.946, 228.359, 322.948, 116.043, 228.359, 322.948, -3.95666, 228.359, 322.949, -123.957, 228.359, 322.948, 116.043, 228.359, 322.948, -3.95666, 228.359, 322.949, -123.957, 230.085, 325.389, 116.205, 229.507, 324.572, -3.84919, 230.085, 325.389, -3.79524, 230.085, 325.389, -123.795, 230.085, 325.389, 116.205, 230.085, 325.389, -3.79524, 230.085, 325.389, -123.795, 229.853, 325.062, 116.183, 229.853, 325.062, -3.81684, 229.854, 325.062, -123.817, 229.853, 325.062, 116.183, 229.853, 325.062, -3.81684, 229.392, 324.409, -3.86, 229.854, 325.062, -123.817, 229.738, 324.898, 116.172, 229.738, 324.898, -3.82765, 229.738, 324.899, -123.828, 229.738, 324.898, 116.172, 229.738, 324.898, -3.82765, 229.738, 324.899, -123.828, 228.704, 323.436, 116.076, 228.704, 323.436, -3.92424, 228.704, 323.436, -123.924, 
2019 Aug 19 (Mon) 15:30, 227.202, 321.312, -4.01085, 227.2, 321.309, -124.011, 227.202, 321.312, -124.011, 227.202, 321.312, 115.989, 227.202, 321.312, -4.01085, 227.202, 321.312, -124.011, 227.202, 321.312, 115.989, 226.684, 320.58, 115.951, 226.685, 320.58, -4.04843, 226.685, 320.581, -124.049, 226.684, 320.58, 115.951, 226.685, 320.58, -4.04843, 226.297, 320.032, 115.923, 226.297, 320.032, -4.07669, 226.297, 320.032, -124.077, 227.46, 321.676, -123.992, 227.459, 321.676, 116.008, 227.459, 321.676, -3.9923, 227.46, 321.676, -123.992, 227.459, 321.676, 116.008, 227.2, 321.309, 115.989, 227.2, 321.309, -4.01117, 226.685, 320.581, -124.049, 227.2, 321.309, -124.011, 227.2, 321.309, 115.989, 227.07, 321.126, -124.021, 227.07, 321.125, 115.979, 227.07, 321.126, -4.02062, 227.07, 321.126, -124.021, 227.07, 321.125, 115.979, 226.038, 319.666, 115.904, 226.039, 319.667, -4.09557, 226.039, 319.667, -124.096, 227.459, 321.676, -3.9923, 226.038, 319.666, 115.904, 226.039, 319.667, -4.09557, 226.039, 319.667, -124.096, 225.909, 319.484, 115.895, 225.909, 319.484, -4.10501, 225.91, 319.484, -124.105, 225.909, 319.484, 115.895, 225.909, 319.484, -4.10501, 225.91, 319.484, -124.105, 227.849, 322.227, 116.036, 227.2, 321.309, -4.01117, 227.849, 322.227, -3.96404, 227.849, 322.228, -123.964, 227.849, 322.227, 116.036, 227.849, 322.227, -3.96404, 227.849, 322.228, -123.964, 227.589, 321.859, 116.017, 227.589, 321.86, -3.98291, 227.589, 321.86, -123.983, 227.589, 321.859, 116.017, 227.589, 321.86, -3.98291, 227.07, 321.126, -4.02062, 227.589, 321.86, -123.983, 227.459, 321.676, 116.008, 227.459, 321.676, -3.99236, 227.459, 321.676, -123.992, 227.459, 321.676, 116.008, 227.459, 321.676, -3.99236, 227.459, 321.676, -123.992, 226.297, 320.032, 115.923, 226.297, 320.032, -4.07669, 226.297, 320.032, -124.077, 
2019 Aug 19 (Mon) 16:00, 228.075, 322.547, -4.36555, 228.073, 322.544, -124.366, 228.075, 322.547, -124.366, 228.075, 322.547, 115.634, 228.075, 322.547, -4.36555, 228.075, 322.547, -124.366, 228.075, 322.547, 115.634, 227.553, 321.809, 115.585, 227.553, 321.809, -4.41462, 227.554, 321.809, -124.415, 227.553, 321.809, 115.585, 227.553, 321.809, -4.41462, 227.162, 321.256, 115.548, 227.163, 321.256, -4.45152, 227.163, 321.257, -124.452, 228.335, 322.914, -124.341, 228.335, 322.914, 115.659, 228.335, 322.914, -4.34132, 228.335, 322.914, -124.341, 228.335, 322.914, 115.659, 228.073, 322.544, 115.634, 228.073, 322.544, -4.36597, 227.554, 321.809, -124.415, 228.073, 322.544, -124.366, 228.073, 322.544, 115.634, 227.942, 322.359, -124.378, 227.942, 322.359, 115.622, 227.942, 322.359, -4.3783, 227.942, 322.359, -124.378, 227.942, 322.359, 115.622, 226.902, 320.888, 115.524, 226.902, 320.888, -4.47617, 226.902, 320.888, -124.476, 228.335, 322.914, -4.34132, 226.902, 320.888, 115.524, 226.902, 320.888, -4.47617, 226.902, 320.888, -124.476, 226.772, 320.704, 115.511, 226.772, 320.704, -4.4885, 226.772, 320.704, -124.489, 226.772, 320.704, 115.511, 226.772, 320.704, -4.4885, 226.772, 320.704, -124.489, 228.728, 323.47, 115.696, 228.073, 322.544, -4.36597, 228.728, 323.47, -4.30442, 228.728, 323.47, -124.304, 228.728, 323.47, 115.696, 228.728, 323.47, -4.30442, 228.728, 323.47, -124.304, 228.465, 323.099, 115.671, 228.466, 323.099, -4.32907, 228.466, 323.099, -124.329, 228.465, 323.099, 115.671, 228.466, 323.099, -4.32907, 227.942, 322.359, -4.3783, 228.466, 323.099, -124.329, 228.334, 322.914, 115.659, 228.334, 322.914, -4.3414, 228.335, 322.914, -124.341, 228.334, 322.914, 115.659, 228.334, 322.914, -4.3414, 228.335, 322.914, -124.341, 227.162, 321.256, 115.548, 227.163, 321.256, -4.45152, 227.163, 321.257, -124.452, 
2019 Aug 19 (Mon) 16:30, 224.907, 318.067, -4.50338, 224.905, 318.063, -124.504, 224.907, 318.067, -124.503, 224.907, 318.067, 115.497, 224.907, 318.067, -4.50338, 224.907, 318.067, -124.503, 224.907, 318.067, 115.497, 224.313, 317.226, 115.457, 224.313, 317.226, -4.54307, 224.313, 317.226, -124.543, 224.313, 317.226, 115.457, 224.313, 317.226, -4.54307, 223.867, 316.596, 115.427, 223.867, 316.596, -4.57293, 223.867, 316.596, -124.573, 225.203, 318.485, -124.484, 225.203, 318.485, 115.516, 225.203, 318.485, -4.48382, 225.203, 318.485, -124.484, 225.203, 318.485, 115.516, 224.904, 318.063, 115.496, 224.904, 318.063, -4.50377, 224.313, 317.226, -124.543, 224.905, 318.063, -124.504, 224.904, 318.063, 115.496, 224.755, 317.852, -124.514, 224.755, 317.852, 115.486, 224.755, 317.852, -4.51376, 224.755, 317.852, -124.514, 224.755, 317.852, 115.486, 223.57, 316.176, 115.407, 223.57, 316.176, -4.59288, 223.571, 316.177, -124.593, 225.203, 318.485, -4.48382, 223.57, 316.176, 115.407, 223.57, 316.176, -4.59288, 223.571, 316.177, -124.593, 223.422, 315.966, 115.397, 223.422, 315.966, -4.60287, 223.422, 315.967, -124.603, 223.422, 315.966, 115.397, 223.422, 315.966, -4.60287, 223.422, 315.967, -124.603, 225.651, 319.119, 115.546, 224.904, 318.063, -4.50377, 225.651, 319.119, -4.45396, 225.651, 319.119, -124.454, 225.651, 319.119, 115.546, 225.651, 319.119, -4.45396, 225.651, 319.119, -124.454, 225.352, 318.696, 115.526, 225.352, 318.696, -4.47391, 225.352, 318.696, -124.474, 225.352, 318.696, 115.526, 225.352, 318.696, -4.47391, 224.755, 317.852, -4.51376, 225.352, 318.696, -124.474, 225.202, 318.484, 115.516, 225.202, 318.484, -4.4839, 225.203, 318.485, -124.484, 225.202, 318.484, 115.516, 225.202, 318.484, -4.4839, 225.203, 318.485, -124.484, 223.867, 316.596, 115.427, 223.867, 316.596, -4.57293, 223.867, 316.596, -124.573, 
2019 Aug 19 (Mon) 17:00, 224.161, 317.011, -5.02355, 224.158, 317.007, -125.024, 224.161, 317.011, -125.024, 224.161, 317.011, 114.976, 224.161, 317.011, -5.02355, 224.161, 317.011, -125.024, 224.161, 317.011, 114.976, 223.519, 316.104, 114.928, 223.519, 316.104, -5.0723, 223.52, 316.104, -125.072, 223.519, 316.104, 114.928, 223.519, 316.104, -5.0723, 223.039, 315.424, 114.891, 223.039, 315.424, -5.10898, 223.039, 315.425, -125.109, 224.48, 317.463, -125, 224.48, 317.462, 115, 224.48, 317.462, -4.99956, 224.48, 317.463, -125, 224.48, 317.462, 115, 224.157, 317.007, 114.976, 224.158, 317.007, -5.02408, 223.52, 316.104, -125.072, 224.158, 317.007, -125.024, 224.157, 317.007, 114.976, 223.997, 316.779, -125.036, 223.996, 316.779, 114.964, 223.997, 316.779, -5.03635, 223.997, 316.779, -125.036, 223.996, 316.779, 114.964, 222.718, 314.971, 114.866, 222.719, 314.972, -5.1335, 222.719, 314.972, -125.134, 224.48, 317.462, -4.99956, 222.718, 314.971, 114.866, 222.719, 314.972, -5.1335, 222.719, 314.972, -125.134, 222.558, 314.745, 114.854, 222.559, 314.745, -5.14577, 222.559, 314.746, -125.146, 222.558, 314.745, 114.854, 222.559, 314.745, -5.14577, 222.559, 314.746, -125.146, 224.963, 318.146, 115.037, 224.158, 317.007, -5.02408, 224.964, 318.146, -4.96288, 224.964, 318.147, -124.963, 224.963, 318.146, 115.037, 224.964, 318.146, -4.96288, 224.964, 318.147, -124.963, 224.64, 317.69, 115.013, 224.641, 317.69, -4.98739, 224.641, 317.69, -124.987, 224.64, 317.69, 115.013, 224.641, 317.69, -4.98739, 223.997, 316.779, -5.03635, 224.641, 317.69, -124.987, 224.479, 317.461, 115, 224.479, 317.462, -4.99967, 224.479, 317.462, -125, 224.479, 317.461, 115, 224.479, 317.462, -4.99967, 224.479, 317.462, -125, 223.039, 315.424, 114.891, 223.039, 315.424, -5.10898, 223.039, 315.425, -125.109, 
2019 Aug 19 (Mon) 17:30, 220.149, 311.337, -5.38001, 220.144, 311.331, -125.381, 220.149, 311.338, -125.38, 220.149, 311.337, 114.62, 220.149, 311.337, -5.38001, 220.149, 311.338, -125.38, 220.149, 311.337, 114.62, 219.404, 310.285, 114.579, 219.405, 310.285, -5.42101, 219.405, 310.285, -125.421, 219.404, 310.285, 114.579, 219.405, 310.285, -5.42101, 218.847, 309.496, 114.548, 218.847, 309.496, -5.45188, 218.847, 309.497, -125.452, 220.519, 311.86, -125.36, 220.518, 311.86, 114.64, 220.518, 311.86, -5.35989, 220.519, 311.86, -125.36, 220.518, 311.86, 114.64, 220.144, 311.331, 114.619, 220.144, 311.331, -5.38053, 219.405, 310.285, -125.421, 220.144, 311.331, -125.381, 220.144, 311.331, 114.619, 219.957, 311.067, -125.391, 219.957, 311.066, 114.609, 219.957, 311.066, -5.39086, 219.957, 311.067, -125.391, 219.957, 311.066, 114.609, 218.475, 308.971, 114.527, 218.476, 308.971, -5.47252, 218.476, 308.971, -125.473, 220.518, 311.86, -5.35989, 218.475, 308.971, 114.527, 218.476, 308.971, -5.47252, 218.476, 308.971, -125.473, 218.29, 308.708, 114.517, 218.29, 308.709, -5.48286, 218.29, 308.709, -125.483, 218.29, 308.708, 114.517, 218.29, 308.709, -5.48286, 218.29, 308.709, -125.483, 221.08, 312.655, 114.671, 220.144, 311.331, -5.38053, 221.08, 312.655, -5.32902, 221.08, 312.655, -125.329, 221.08, 312.655, 114.671, 221.08, 312.655, -5.32902, 221.08, 312.655, -125.329, 220.705, 312.124, 114.65, 220.705, 312.124, -5.34966, 220.705, 312.124, -125.35, 220.705, 312.124, 114.65, 220.705, 312.124, -5.34966, 219.957, 311.066, -5.39086, 220.705, 312.124, -125.35, 220.517, 311.859, 114.64, 220.518, 311.859, -5.35999, 220.518, 311.859, -125.36, 220.517, 311.859, 114.64, 220.518, 311.859, -5.35999, 220.518, 311.859, -125.36, 218.847, 309.496, 114.548, 218.847, 309.496, -5.45188, 218.847, 309.497, -125.452, 
2019 Aug 19 (Mon) 18:00, 217.716, 307.897, -5.8513, 217.711, 307.89, -125.852, 217.717, 307.898, -125.851, 217.716, 307.897, 114.149, 217.716, 307.897, -5.8513, 217.717, 307.898, -125.851, 217.716, 307.897, 114.149, 216.895, 306.736, 114.106, 216.895, 306.736, -5.89365, 216.895, 306.736, -125.894, 216.895, 306.736, 114.106, 216.895, 306.736, -5.89365, 216.28, 305.865, 114.074, 216.28, 305.866, -5.92554, 216.28, 305.866, -125.926, 218.124, 308.474, -125.831, 218.124, 308.474, 114.169, 218.124, 308.474, -5.83057, 218.124, 308.474, -125.831, 218.124, 308.474, 114.169, 217.711, 307.889, 114.148, 217.711, 307.89, -5.8519, 216.895, 306.736, -125.894, 217.711, 307.89, -125.852, 217.711, 307.889, 114.148, 217.504, 307.598, -125.863, 217.504, 307.597, 114.137, 217.504, 307.597, -5.86259, 217.504, 307.598, -125.863, 217.504, 307.597, 114.137, 215.87, 305.286, 114.053, 215.87, 305.286, -5.94687, 215.87, 305.286, -125.947, 218.124, 308.474, -5.83057, 215.87, 305.286, 114.053, 215.87, 305.286, -5.94687, 215.87, 305.286, -125.947, 215.665, 304.996, 114.042, 215.665, 304.996, -5.95756, 215.665, 304.997, -125.958, 215.665, 304.996, 114.042, 215.665, 304.996, -5.95756, 215.665, 304.997, -125.958, 218.745, 309.352, 114.201, 217.711, 307.89, -5.8519, 218.745, 309.352, -5.79867, 218.745, 309.352, -125.799, 218.745, 309.352, 114.201, 218.745, 309.352, -5.79867, 218.745, 309.352, -125.799, 218.33, 308.765, 114.18, 218.33, 308.765, -5.82001, 218.33, 308.766, -125.82, 218.33, 308.765, 114.18, 218.33, 308.765, -5.82001, 217.504, 307.597, -5.86259, 218.33, 308.766, -125.82, 218.123, 308.472, 114.169, 218.123, 308.473, -5.83069, 218.123, 308.473, -125.831, 218.123, 308.472, 114.169, 218.123, 308.473, -5.83069, 218.123, 308.473, -125.831, 216.28, 305.865, 114.074, 216.28, 305.866, -5.92554, 216.28, 305.866, -125.926, 
2019 Aug 19 (Mon) 18:30, 182.057, 257.467, -21.8199, 173.169, 244.899, -144.701, 173.668, 245.603, -144.916, 171.222, 242.144, 94.2183, 182.057, 257.467, -21.8199, 173.668, 245.603, -144.916, 171.222, 242.144, 94.2183, 168.406, 238.162, 93.6115, 180.062, 254.646, -22.1897, 170.694, 241.398, -145.318, 168.406, 238.162, 93.6115, 180.062, 254.646, -22.1897, 166.331, 235.227, 93.0969, 178.834, 252.91, -22.4161, 168.345, 238.076, -145.605, 174.761, 247.15, -144.592, 172.954, 244.594, 94.3317, 187.43, 265.065, -21.3235, 174.761, 247.15, -144.592, 172.954, 244.594, 94.3317, 174.627, 246.961, 93.9959, 184.251, 260.571, -21.3688, 170.694, 241.398, -145.318, 173.169, 244.899, -144.701, 171.831, 243.005, 93.9603, 172.48, 243.924, -144.626, 170.898, 241.687, 93.6837, 187.574, 265.27, -21.354, 175.287, 247.894, -144.59, 170.898, 241.687, 93.6837, 164.986, 233.325, 92.6776, 181.275, 256.362, -22.4569, 166.596, 235.602, -145.771, 184.428, 260.82, -21.3591, 164.986, 233.325, 92.6776, 181.275, 256.362, -22.4569, 166.596, 235.602, -145.771, 164.269, 232.312, 92.5766, 177.606, 251.172, -22.6464, 166.018, 234.785, -145.898, 164.269, 232.312, 92.5766, 177.606, 251.172, -22.6464, 166.018, 234.785, -145.898, 174.791, 247.192, 94.9127, 187.25, 264.812, -21.3332, 184.826, 261.383, -21.3149, 177.291, 250.727, -144.405, 174.791, 247.192, 94.9127, 187.834, 265.637, -21.2793, 177.291, 250.727, -144.405, 173.295, 245.076, 94.8832, 183.047, 258.868, -21.7389, 179.9, 254.418, -144.493, 173.295, 245.076, 94.8832, 183.047, 258.868, -21.7389, 187.574, 265.27, -21.354, 177.019, 250.343, -144.529, 172.811, 244.392, 94.9254, 182.029, 257.428, -21.928, 176.889, 250.158, -144.642, 175.624, 248.37, 94.961, 182.029, 257.428, -21.928, 179.768, 254.23, -144.606, 166.331, 235.227, 93.0969, 178.834, 252.91, -22.4161, 168.345, 238.076, -145.605, 
2019 Aug 19 (Mon) 19:00, 181.245, 256.319, -21.7229, 172.455, 243.888, -144.597, 172.952, 244.591, -144.812, 170.535, 241.173, 94.3256, 181.245, 256.319, -21.7229, 172.952, 244.591, -144.812, 170.535, 241.173, 94.3256, 167.712, 237.181, 93.7247, 179.235, 253.477, -22.0868, 169.971, 240.375, -145.209, 167.712, 237.181, 93.7247, 179.235, 253.477, -22.0868, 165.631, 234.238, 93.2146, 177.995, 251.723, -22.3087, 167.616, 237.045, -145.493, 174.051, 246.145, -144.491, 172.268, 243.624, 94.4364, 186.603, 263.896, -21.2292, 174.051, 246.145, -144.491, 172.268, 243.624, 94.4364, 173.925, 245.967, 94.104, 183.426, 259.403, -21.2716, 169.971, 240.375, -145.209, 172.455, 243.888, -144.597, 171.14, 242.028, 94.0682, 171.763, 242.91, -144.521, 170.206, 240.708, 93.7932, 186.727, 264.071, -21.2551, 174.558, 246.863, -144.485, 170.206, 240.708, 93.7932, 164.283, 232.331, 92.7984, 180.412, 255.141, -22.3462, 165.864, 234.567, -145.656, 183.615, 259.67, -21.2649, 164.283, 232.331, 92.7984, 180.412, 255.141, -22.3462, 165.864, 234.567, -145.656, 163.565, 231.316, 92.6988, 176.754, 249.967, -22.5345, 165.284, 233.746, -145.782, 163.565, 231.316, 92.6988, 176.754, 249.967, -22.5345, 165.284, 233.746, -145.782, 174.113, 246.233, 95.0127, 186.411, 263.625, -21.2359, 184.03, 260.258, -21.2253, 176.586, 249.731, -144.307, 174.113, 246.233, 95.0127, 187.025, 264.494, -21.1895, 176.586, 249.731, -144.307, 172.612, 244.111, 94.986, 182.248, 257.738, -21.6464, 179.173, 253.389, -144.393, 172.612, 244.111, 94.986, 182.248, 257.738, -21.6464, 186.727, 264.071, -21.2551, 176.304, 249.331, -144.428, 172.125, 243.422, 95.0296, 181.228, 256.296, -21.8341, 176.168, 249.139, -144.54, 174.926, 247.383, 95.0653, 181.228, 256.296, -21.8341, 179.035, 253.194, -144.504, 165.631, 234.238, 93.2146, 177.995, 251.723, -22.3087, 167.616, 237.045, -145.493, 
2019 Aug 19 (Mon) 19:30, 219.003, 309.717, -6.6207, 218.997, 309.709, -126.622, 219.003, 309.717, -126.621, 219.003, 309.716, 113.379, 219.003, 309.717, -6.6207, 219.003, 309.717, -126.621, 219.003, 309.716, 113.379, 218.162, 308.528, 113.313, 218.162, 308.528, -6.68677, 218.163, 308.529, -126.687, 218.162, 308.528, 113.313, 218.162, 308.528, -6.68677, 217.533, 307.638, 113.263, 217.533, 307.638, -6.73654, 217.533, 307.639, -126.737, 219.42, 310.307, -126.588, 219.42, 310.307, 113.412, 219.42, 310.307, -6.58837, 219.42, 310.307, -126.588, 219.42, 310.307, 113.412, 218.997, 309.709, 113.378, 218.997, 309.709, -6.62165, 218.163, 308.529, -126.687, 218.997, 309.709, -126.622, 218.997, 309.709, 113.378, 218.786, 309.41, -126.638, 218.786, 309.41, 113.362, 218.786, 309.41, -6.63833, 218.786, 309.41, -126.638, 218.786, 309.41, 113.362, 217.114, 307.045, 113.23, 217.114, 307.045, -6.76983, 217.114, 307.046, -126.77, 219.42, 310.307, -6.58837, 217.114, 307.045, 113.23, 217.114, 307.045, -6.76983, 217.114, 307.046, -126.77, 216.904, 306.749, 113.213, 216.904, 306.749, -6.7865, 216.905, 306.749, -126.787, 216.904, 306.749, 113.213, 216.904, 306.749, -6.7865, 216.905, 306.749, -126.787, 220.055, 311.205, 113.461, 218.997, 309.709, -6.62165, 220.055, 311.205, -6.5386, 220.055, 311.205, -126.539, 220.055, 311.205, 113.461, 220.055, 311.205, -6.5386, 220.055, 311.205, -126.539, 219.631, 310.605, 113.428, 219.631, 310.605, -6.57188, 219.631, 310.605, -126.572, 219.631, 310.605, 113.428, 219.631, 310.605, -6.57188, 218.786, 309.41, -6.63833, 219.631, 310.605, -126.572, 219.419, 310.305, 113.411, 219.419, 310.305, -6.58856, 219.419, 310.306, -126.589, 219.419, 310.305, 113.411, 219.419, 310.305, -6.58856, 219.419, 310.306, -126.589, 217.533, 307.638, 113.263, 217.533, 307.638, -6.73654, 217.533, 307.639, -126.737, 
2019 Aug 19 (Mon) 20:00, 221.273, 312.928, -6.49832, 221.269, 312.921, -126.499, 221.273, 312.928, -126.498, 221.273, 312.928, 113.502, 221.273, 312.928, -6.49832, 221.273, 312.928, -126.498, 221.273, 312.928, 113.502, 220.486, 311.814, 113.43, 220.486, 311.814, -6.57039, 220.486, 311.814, -126.57, 220.486, 311.814, 113.43, 220.486, 311.814, -6.57039, 219.896, 310.98, 113.375, 219.896, 310.98, -6.62467, 219.896, 310.98, -126.625, 221.665, 313.481, -126.463, 221.665, 313.481, 113.537, 221.665, 313.481, -6.46298, 221.665, 313.481, -126.463, 221.665, 313.481, 113.537, 221.269, 312.921, 113.501, 221.269, 312.921, -6.49928, 220.486, 311.814, -126.57, 221.269, 312.921, -126.499, 221.269, 312.921, 113.501, 221.071, 312.642, -126.518, 221.071, 312.641, 113.482, 221.071, 312.641, -6.51746, 221.071, 312.642, -126.518, 221.071, 312.641, 113.482, 219.503, 310.424, 113.339, 219.503, 310.425, -6.66096, 219.504, 310.425, -126.661, 221.665, 313.481, -6.46298, 219.503, 310.424, 113.339, 219.503, 310.425, -6.66096, 219.504, 310.425, -126.661, 219.307, 310.147, 113.321, 219.307, 310.147, -6.67914, 219.307, 310.147, -126.679, 219.307, 310.147, 113.321, 219.307, 310.147, -6.67914, 219.307, 310.147, -126.679, 222.259, 314.322, 113.591, 221.269, 312.921, -6.49928, 222.259, 314.322, -6.4087, 222.259, 314.322, -126.409, 222.259, 314.322, 113.591, 222.259, 314.322, -6.4087, 222.259, 314.322, -126.409, 221.862, 313.76, 113.555, 221.862, 313.76, -6.445, 221.862, 313.761, -126.445, 221.862, 313.76, 113.555, 221.862, 313.76, -6.445, 221.071, 312.641, -6.51746, 221.862, 313.761, -126.445, 221.664, 313.48, 113.537, 221.664, 313.48, -6.46318, 221.664, 313.48, -126.463, 221.664, 313.48, 113.537, 221.664, 313.48, -6.46318, 221.664, 313.48, -126.463, 219.896, 310.98, 113.375, 219.896, 310.98, -6.62467, 219.896, 310.98, -126.625, 
2019 Aug 19 (Mon) 20:30, 214.599, 303.489, -6.06486, 214.592, 303.479, -126.065, 214.599, 303.489, -126.065, 214.599, 303.488, 113.935, 214.599, 303.489, -6.06486, 214.599, 303.489, -126.065, 214.599, 303.488, 113.935, 213.702, 302.22, 113.9, 213.702, 302.22, -6.09949, 213.702, 302.22, -126.1, 213.702, 302.22, 113.9, 213.702, 302.22, -6.09949, 213.03, 301.27, 113.874, 213.03, 301.27, -6.12559, 213.03, 301.27, -126.126, 215.044, 304.118, -126.048, 215.043, 304.117, 113.952, 215.044, 304.118, -6.04794, 215.044, 304.118, -126.048, 215.043, 304.117, 113.952, 214.592, 303.479, 113.935, 214.592, 303.479, -6.0654, 213.702, 302.22, -126.1, 214.592, 303.479, -126.065, 214.592, 303.479, 113.935, 214.366, 303.16, -126.074, 214.366, 303.159, 113.926, 214.366, 303.16, -6.07415, 214.366, 303.16, -126.074, 214.366, 303.159, 113.926, 212.582, 300.637, 113.857, 212.583, 300.637, -6.14306, 212.583, 300.637, -126.143, 215.044, 304.118, -6.04794, 212.582, 300.637, 113.857, 212.583, 300.637, -6.14306, 212.583, 300.637, -126.143, 212.359, 300.321, 113.848, 212.359, 300.321, -6.15181, 212.359, 300.321, -126.152, 212.359, 300.321, 113.848, 212.359, 300.321, -6.15181, 212.359, 300.321, -126.152, 215.722, 305.076, 113.978, 214.592, 303.479, -6.0654, 215.722, 305.077, -6.02184, 215.722, 305.077, -126.022, 215.722, 305.076, 113.978, 215.722, 305.077, -6.02184, 215.722, 305.077, -126.022, 215.269, 304.436, 113.961, 215.269, 304.436, -6.0393, 215.269, 304.436, -126.039, 215.269, 304.436, 113.961, 215.269, 304.436, -6.0393, 214.366, 303.16, -6.07415, 215.269, 304.436, -126.039, 215.042, 304.115, 113.952, 215.042, 304.116, -6.04805, 215.042, 304.116, -126.048, 215.042, 304.115, 113.952, 215.042, 304.116, -6.04805, 215.042, 304.116, -126.048, 213.03, 301.27, 113.874, 213.03, 301.27, -6.12559, 213.03, 301.27, -126.126, 
2019 Aug 19 (Mon) 21:00, 218.116, 308.463, -6.16574, 218.111, 308.455, -126.167, 218.117, 308.463, -126.166, 218.116, 308.463, 113.834, 218.116, 308.463, -6.16574, 218.117, 308.463, -126.166, 218.116, 308.463, 113.834, 217.284, 307.287, 113.783, 217.285, 307.287, -6.21729, 217.285, 307.287, -126.217, 217.284, 307.287, 113.783, 217.285, 307.287, -6.21729, 216.661, 306.405, 113.744, 216.662, 306.406, -6.25612, 216.662, 306.406, -126.256, 218.529, 309.047, -126.141, 218.529, 309.047, 113.859, 218.529, 309.047, -6.1405, 218.529, 309.047, -126.141, 218.529, 309.047, 113.859, 218.111, 308.455, 113.833, 218.111, 308.455, -6.16648, 217.285, 307.287, -126.217, 218.111, 308.455, -126.167, 218.111, 308.455, 113.833, 217.902, 308.16, -126.18, 217.901, 308.159, 113.82, 217.902, 308.159, -6.17949, 217.902, 308.16, -126.18, 217.901, 308.159, 113.82, 216.246, 305.819, 113.718, 216.247, 305.819, -6.28209, 216.247, 305.819, -126.282, 218.529, 309.047, -6.1405, 216.246, 305.819, 113.718, 216.247, 305.819, -6.28209, 216.247, 305.819, -126.282, 216.039, 305.525, 113.705, 216.039, 305.526, -6.2951, 216.039, 305.526, -126.295, 216.039, 305.525, 113.705, 216.039, 305.526, -6.2951, 216.039, 305.526, -126.295, 219.158, 309.936, 113.898, 218.111, 308.455, -6.16648, 219.158, 309.936, -6.10167, 219.158, 309.936, -126.102, 219.158, 309.936, 113.898, 219.158, 309.936, -6.10167, 219.158, 309.936, -126.102, 218.738, 309.342, 113.872, 218.738, 309.342, -6.12764, 218.738, 309.342, -126.128, 218.738, 309.342, 113.872, 218.738, 309.342, -6.12764, 217.902, 308.159, -6.17949, 218.738, 309.342, -126.128, 218.528, 309.045, 113.859, 218.528, 309.046, -6.14065, 218.528, 309.046, -126.141, 218.528, 309.045, 113.859, 218.528, 309.046, -6.14065, 218.528, 309.046, -126.141, 216.661, 306.405, 113.744, 216.662, 306.406, -6.25612, 216.662, 306.406, -126.256, 
2019 Aug 19 (Mon) 21:30, 218.734, 309.337, -5.89605, 218.729, 309.33, -125.897, 218.734, 309.337, -125.896, 218.734, 309.337, 114.104, 218.734, 309.337, -5.89605, 218.734, 309.337, -125.896, 218.734, 309.337, 114.104, 217.931, 308.2, 114.056, 217.931, 308.201, -5.94362, 217.931, 308.201, -125.944, 217.931, 308.2, 114.056, 217.931, 308.201, -5.94362, 217.329, 307.349, 114.02, 217.329, 307.35, -5.97945, 217.329, 307.35, -125.98, 219.133, 309.901, -125.873, 219.133, 309.901, 114.127, 219.133, 309.901, -5.87275, 219.133, 309.901, -125.873, 219.133, 309.901, 114.127, 218.729, 309.329, 114.103, 218.729, 309.33, -5.89671, 217.931, 308.201, -125.944, 218.729, 309.33, -125.897, 218.729, 309.329, 114.103, 218.527, 309.044, -125.909, 218.527, 309.044, 114.091, 218.527, 309.044, -5.90871, 218.527, 309.044, -125.909, 218.527, 309.044, 114.091, 216.928, 306.782, 113.997, 216.928, 306.783, -6.0034, 216.928, 306.783, -126.003, 219.133, 309.901, -5.87275, 216.928, 306.782, 113.997, 216.928, 306.783, -6.0034, 216.928, 306.783, -126.003, 216.727, 306.499, 113.985, 216.728, 306.499, -6.0154, 216.728, 306.499, -126.015, 216.727, 306.499, 113.985, 216.728, 306.499, -6.0154, 216.728, 306.499, -126.015, 219.74, 310.759, 114.163, 218.729, 309.33, -5.89671, 219.74, 310.759, -5.83692, 219.74, 310.76, -125.837, 219.74, 310.759, 114.163, 219.74, 310.759, -5.83692, 219.74, 310.76, -125.837, 219.335, 310.186, 114.139, 219.335, 310.186, -5.86088, 219.335, 310.186, -125.861, 219.335, 310.186, 114.139, 219.335, 310.186, -5.86088, 218.527, 309.044, -5.90871, 219.335, 310.186, -125.861, 219.132, 309.899, 114.127, 219.132, 309.9, -5.87288, 219.132, 309.9, -125.873, 219.132, 309.899, 114.127, 219.132, 309.9, -5.87288, 219.132, 309.9, -125.873, 217.329, 307.349, 114.02, 217.329, 307.35, -5.97945, 217.329, 307.35, -125.98, 
2019 Aug 19 (Mon) 22:00, 220.679, 312.087, -5.39719, 220.674, 312.081, -125.398, 220.679, 312.087, -125.397, 220.679, 312.087, 114.603, 220.679, 312.087, -5.39719, 220.679, 312.087, -125.397, 220.679, 312.087, 114.603, 219.944, 311.048, 114.559, 219.944, 311.048, -5.44074, 219.944, 311.048, -125.441, 219.944, 311.048, 114.559, 219.944, 311.048, -5.44074, 219.394, 310.27, 114.526, 219.394, 310.27, -5.47354, 219.394, 310.27, -125.474, 221.044, 312.603, -125.376, 221.044, 312.603, 114.624, 221.044, 312.603, -5.37581, 221.044, 312.603, -125.376, 221.044, 312.603, 114.624, 220.674, 312.08, 114.602, 220.674, 312.081, -5.39773, 219.944, 311.048, -125.441, 220.674, 312.081, -125.398, 220.674, 312.08, 114.602, 220.49, 311.82, -125.409, 220.49, 311.819, 114.591, 220.49, 311.82, -5.40871, 220.49, 311.82, -125.409, 220.49, 311.819, 114.591, 219.027, 309.751, 114.504, 219.027, 309.751, -5.49546, 219.028, 309.752, -125.496, 221.044, 312.603, -5.37581, 219.027, 309.751, 114.504, 219.027, 309.751, -5.49546, 219.028, 309.752, -125.496, 218.844, 309.492, 114.493, 218.844, 309.492, -5.50644, 218.844, 309.493, -125.507, 218.844, 309.492, 114.493, 218.844, 309.492, -5.50644, 218.844, 309.493, -125.507, 221.598, 313.387, 114.657, 220.674, 312.081, -5.39773, 221.598, 313.387, -5.34302, 221.598, 313.387, -125.343, 221.598, 313.387, 114.657, 221.598, 313.387, -5.34302, 221.598, 313.387, -125.343, 221.228, 312.863, 114.635, 221.228, 312.863, -5.36494, 221.228, 312.864, -125.365, 221.228, 312.863, 114.635, 221.228, 312.863, -5.36494, 220.49, 311.82, -5.40871, 221.228, 312.864, -125.365, 221.043, 312.601, 114.624, 221.043, 312.602, -5.37592, 221.043, 312.602, -125.376, 221.043, 312.601, 114.624, 221.043, 312.602, -5.37592, 221.043, 312.602, -125.376, 219.394, 310.27, 114.526, 219.394, 310.27, -5.47354, 219.394, 310.27, -125.474, 
2019 Aug 19 (Mon) 22:30, 221.699, 313.529, -5.01237, 221.695, 313.524, -125.013, 221.699, 313.529, -125.012, 221.698, 313.529, 114.988, 221.699, 313.529, -5.01237, 221.699, 313.529, -125.012, 221.698, 313.529, 114.988, 221.008, 312.552, 114.949, 221.008, 312.552, -5.05098, 221.008, 312.553, -125.051, 221.008, 312.552, 114.949, 221.008, 312.552, -5.05098, 220.49, 311.82, 114.92, 220.49, 311.821, -5.08005, 220.491, 311.821, -125.08, 222.042, 314.015, -124.993, 222.042, 314.015, 115.007, 222.042, 314.015, -4.99339, 222.042, 314.015, -124.993, 222.042, 314.015, 115.007, 221.695, 313.524, 114.987, 221.695, 313.524, -5.01282, 221.008, 312.553, -125.051, 221.695, 313.524, -125.013, 221.695, 313.524, 114.987, 221.521, 313.279, -125.023, 221.521, 313.278, 114.977, 221.521, 313.278, -5.02255, 221.521, 313.279, -125.023, 221.521, 313.278, 114.977, 220.146, 311.333, 114.9, 220.146, 311.333, -5.09947, 220.146, 311.333, -125.1, 222.042, 314.015, -4.99339, 220.146, 311.333, 114.9, 220.146, 311.333, -5.09947, 220.146, 311.333, -125.1, 219.973, 311.089, 114.891, 219.973, 311.089, -5.1092, 219.974, 311.09, -125.109, 219.973, 311.089, 114.891, 219.973, 311.089, -5.1092, 219.974, 311.09, -125.109, 222.563, 314.752, 115.036, 221.695, 313.524, -5.01282, 222.563, 314.752, -4.96433, 222.563, 314.752, -124.964, 222.563, 314.752, 115.036, 222.563, 314.752, -4.96433, 222.563, 314.752, -124.964, 222.215, 314.259, 115.016, 222.215, 314.26, -4.98375, 222.215, 314.26, -124.984, 222.215, 314.259, 115.016, 222.215, 314.26, -4.98375, 221.521, 313.278, -5.02255, 222.215, 314.26, -124.984, 222.041, 314.013, 115.006, 222.041, 314.014, -4.99348, 222.041, 314.014, -124.994, 222.041, 314.013, 115.006, 222.041, 314.014, -4.99348, 222.041, 314.014, -124.994, 220.49, 311.82, 114.92, 220.49, 311.821, -5.08005, 220.491, 311.821, -125.08, 
2019 Aug 19 (Mon) 23:00, 223.409, 315.948, -4.4784, 223.406, 315.944, -124.479, 223.409, 315.949, -124.478, 223.409, 315.948, 115.522, 223.409, 315.948, -4.4784, 223.409, 315.949, -124.478, 223.409, 315.948, 115.522, 222.786, 315.066, 115.488, 222.786, 315.067, -4.51149, 222.786, 315.067, -124.512, 222.786, 315.066, 115.488, 222.786, 315.067, -4.51149, 222.318, 314.406, 115.464, 222.319, 314.406, -4.53638, 222.319, 314.406, -124.536, 223.719, 316.387, -124.462, 223.719, 316.387, 115.538, 223.719, 316.387, -4.46211, 223.719, 316.387, -124.462, 223.719, 316.387, 115.538, 223.406, 315.944, 115.521, 223.406, 315.944, -4.47875, 222.786, 315.067, -124.512, 223.406, 315.944, -124.479, 223.406, 315.944, 115.521, 223.25, 315.723, -124.487, 223.249, 315.722, 115.513, 223.25, 315.723, -4.48708, 223.25, 315.723, -124.487, 223.249, 315.722, 115.513, 222.007, 313.966, 115.447, 222.007, 313.966, -4.55302, 222.008, 313.966, -124.553, 223.719, 316.387, -4.46211, 222.007, 313.966, 115.447, 222.007, 313.966, -4.55302, 222.008, 313.966, -124.553, 221.852, 313.746, 115.439, 221.852, 313.746, -4.56135, 221.852, 313.746, -124.561, 221.852, 313.746, 115.439, 221.852, 313.746, -4.56135, 221.852, 313.746, -124.561, 224.189, 317.051, 115.563, 223.406, 315.944, -4.47875, 224.189, 317.052, -4.43722, 224.19, 317.052, -124.437, 224.189, 317.051, 115.563, 224.189, 317.052, -4.43722, 224.19, 317.052, -124.437, 223.875, 316.608, 115.546, 223.876, 316.608, -4.45385, 223.876, 316.608, -124.454, 223.875, 316.608, 115.546, 223.876, 316.608, -4.45385, 223.25, 315.723, -4.48708, 223.876, 316.608, -124.454, 223.719, 316.386, 115.538, 223.719, 316.386, -4.46218, 223.719, 316.386, -124.462, 223.719, 316.386, 115.538, 223.719, 316.386, -4.46218, 223.719, 316.386, -124.462, 222.318, 314.406, 115.464, 222.319, 314.406, -4.53638, 222.319, 314.406, -124.536, 
2019 Aug 19 (Mon) 23:30, 224.007, 316.793, -3.8813, 224.004, 316.79, -123.882, 224.007, 316.793, -123.881, 224.007, 316.793, 116.119, 224.007, 316.793, -3.8813, 224.007, 316.793, -123.881, 224.007, 316.793, 116.119, 223.432, 315.981, 116.097, 223.432, 315.981, -3.90303, 223.433, 315.981, -123.903, 223.432, 315.981, 116.097, 223.432, 315.981, -3.90303, 223.002, 315.372, 116.081, 223.002, 315.372, -3.91939, 223.002, 315.373, -123.919, 224.293, 317.198, -123.871, 224.292, 317.197, 116.129, 224.292, 317.197, -3.87058, 224.293, 317.198, -123.871, 224.292, 317.197, 116.129, 224.004, 316.789, 116.118, 224.004, 316.789, -3.88151, 223.433, 315.981, -123.903, 224.004, 316.79, -123.882, 224.004, 316.789, 116.118, 223.86, 316.586, -123.887, 223.86, 316.585, 116.113, 223.86, 316.586, -3.88698, 223.86, 316.586, -123.887, 223.86, 316.585, 116.113, 222.715, 314.967, 116.07, 222.715, 314.967, -3.93031, 222.715, 314.967, -123.93, 224.292, 317.197, -3.87058, 222.715, 314.967, 116.07, 222.715, 314.967, -3.93031, 222.715, 314.967, -123.93, 222.572, 314.764, 116.064, 222.572, 314.764, -3.93578, 222.572, 314.764, -123.936, 222.572, 314.764, 116.064, 222.572, 314.764, -3.93578, 222.572, 314.764, -123.936, 224.725, 317.809, 116.146, 224.004, 316.789, -3.88151, 224.725, 317.81, -3.85423, 224.725, 317.81, -123.854, 224.725, 317.809, 116.146, 224.725, 317.81, -3.85423, 224.725, 317.81, -123.854, 224.436, 317.401, 116.135, 224.436, 317.401, -3.86516, 224.436, 317.401, -123.865, 224.436, 317.401, 116.135, 224.436, 317.401, -3.86516, 223.86, 316.586, -3.88698, 224.436, 317.401, -123.865, 224.292, 317.196, 116.129, 224.292, 317.197, -3.87062, 224.292, 317.197, -123.871, 224.292, 317.196, 116.129, 224.292, 317.197, -3.87062, 224.292, 317.197, -123.871, 223.002, 315.372, 116.081, 223.002, 315.372, -3.91939, 223.002, 315.373, -123.919, 
2019 Aug 20 (Tue) 0:00, 227.873, 322.261, -3.4276, 227.872, 322.259, -123.428, 227.873, 322.262, -123.428, 227.873, 322.261, 116.572, 227.873, 322.261, -3.4276, 227.873, 322.262, -123.428, 227.873, 322.261, 116.572, 227.406, 321.601, 116.545, 227.406, 321.601, -3.45469, 227.406, 321.601, -123.455, 227.406, 321.601, 116.545, 227.406, 321.601, -3.45469, 227.056, 321.106, 116.525, 227.056, 321.106, -3.47505, 227.056, 321.106, -123.475, 228.106, 322.591, -123.414, 228.106, 322.59, 116.586, 228.106, 322.59, -3.41421, 228.106, 322.591, -123.414, 228.106, 322.59, 116.586, 227.871, 322.259, 116.572, 227.872, 322.259, -3.42781, 227.406, 321.601, -123.455, 227.872, 322.259, -123.428, 227.871, 322.259, 116.572, 227.755, 322.094, -123.435, 227.754, 322.093, 116.565, 227.754, 322.093, -3.43462, 227.755, 322.094, -123.435, 227.754, 322.093, 116.565, 226.823, 320.776, 116.511, 226.823, 320.776, -3.48865, 226.823, 320.776, -123.489, 228.106, 322.59, -3.41421, 226.823, 320.776, 116.511, 226.823, 320.776, -3.48865, 226.823, 320.776, -123.489, 226.706, 320.611, 116.504, 226.706, 320.611, -3.49545, 226.707, 320.612, -123.496, 226.706, 320.611, 116.504, 226.706, 320.611, -3.49545, 226.707, 320.612, -123.496, 228.457, 323.088, 116.606, 227.872, 322.259, -3.42781, 228.458, 323.088, -3.39385, 228.458, 323.088, -123.394, 228.457, 323.088, 116.606, 228.458, 323.088, -3.39385, 228.458, 323.088, -123.394, 228.223, 322.756, 116.592, 228.223, 322.756, -3.40745, 228.223, 322.756, -123.408, 228.223, 322.756, 116.592, 228.223, 322.756, -3.40745, 227.754, 322.093, -3.43462, 228.223, 322.756, -123.408, 228.105, 322.59, 116.586, 228.106, 322.59, -3.41426, 228.106, 322.59, -123.414, 228.105, 322.59, 116.586, 228.106, 322.59, -3.41426, 228.106, 322.59, -123.414, 227.056, 321.106, 116.525, 227.056, 321.106, -3.47505, 227.056, 321.106, -123.475, 
