Time, 11 (3), , , , , , , 13 (5), , , , , , , 17 (9), , , , , , , 23 (16), , , , , , , 30 (24), , , , , , , 35 (29), , , , , , , 37 (31), , , , , , , 40 (35), , , , , , , 41 (36), , , , , , , 45 (40), , , , , , , 48 (43), , , , , , , 4 (34), , , , , , , 51 (47), , , , , , , 52 (48), , , , , , , 54 (50), , , , , , , 55 (51), , , , , , , 57 (53), , , , , , , 
Time, V_RMS, V_Valley, L, SOC, N, P, SwitchedOn, V_RMS, V_Valley, L, SOC, N, P, SwitchedOn, V_RMS, V_Valley, L, SOC, N, P, SwitchedOn, V_RMS, V_Valley, L, SOC, N, P, SwitchedOn, V_RMS, V_Valley, L, SOC, N, P, SwitchedOn, V_RMS, V_Valley, L, SOC, N, P, SwitchedOn, V_RMS, V_Valley, L, SOC, N, P, SwitchedOn, V_RMS, V_Valley, L, SOC, N, P, SwitchedOn, V_RMS, V_Valley, L, SOC, N, P, SwitchedOn, V_RMS, V_Valley, L, SOC, N, P, SwitchedOn, V_RMS, V_Valley, L, SOC, N, P, SwitchedOn, V_RMS, V_Valley, L, SOC, N, P, SwitchedOn, V_RMS, V_Valley, L, SOC, N, P, SwitchedOn, V_RMS, V_Valley, L, SOC, N, P, SwitchedOn, V_RMS, V_Valley, L, SOC, N, P, SwitchedOn, V_RMS, V_Valley, L, SOC, N, P, SwitchedOn, V_RMS, V_Valley, L, SOC, N, P, SwitchedOn, 
2019 Aug 19 (Mon) 0:00, 223.795, 231.134, 1, 96.5877, 0.0426542, 0.521327, 0, 227.922, 231.134, 1, 100, 0, 0.5, 0, 227.472, 230.791, 1, 98.6111, 0.0173611, 0.508681, 0, 224.662, 231.305, 1, 99.1863, 0.0101707, 0.505085, 0, 224.433, 231.133, 1, 98.0929, 0.0238393, 0.51192, 0, 224.318, 231.047, 1, 100, 0, 0.5, 0, 226.34, 230.362, 1, 100, 0, 0.5, 0, 226.34, 230.362, 1, 100, 0, 0.5, 0, 226.913, 230.362, 1, 89.7851, 0.127686, 0.563843, 0, 220.062, 230.276, 1, 98.5178, 0.0185276, 0.509264, 0, 216.53, 230.276, 1, 95.6465, 0.0544189, 0.527209, 1, 228.136, 231.305, 1, 100, 0, 0.5, 0, 225.007, 231.563, 1, 100, 0, 0.5, 0, 223.101, 231.563, 1, 94.8981, 0.0637736, 0.531887, 1, 225.007, 231.563, 1, 93.6974, 0.0787822, 0.539391, 0, 226.859, 231.39, 1, 100, 0, 0.5, 0, 220.506, 231.391, 1, 93.7166, 0.0785421, 0.539271, 1, 
2019 Aug 19 (Mon) 0:30, 227.898, 231.134, 0.441238, 96.5877, 0.0426542, 0.241946, 0, 227.898, 231.134, 0.755476, 100, 0, 0.377738, 0, 227.452, 230.791, 0.740519, 98.6111, 0.0173611, 0.37894, 0, 228.12, 231.305, 0.500758, 99.1863, 0.0101707, 0.255464, 0, 227.897, 231.133, 0.489818, 98.0929, 0.0238393, 0.256828, 0, 227.785, 231.047, 0.48424, 100, 0, 0.24212, 0, 226.894, 230.362, 0.674623, 100, 0, 0.337312, 0, 226.894, 230.362, 0.674623, 100, 0, 0.337312, 0, 226.895, 230.362, 0.720985, 89.7851, 0.127686, 0.424335, 0, 226.783, 230.276, 0.167954, 98.5178, 0.0185276, 0.0932411, 0, 226.783, 230.276, -1, 100, 0, 0, 0, 228.12, 231.305, 0.761823, 100, 0, 0.380911, 0, 228.456, 231.563, 0.516658, 100, 0, 0.258329, 0, 228.456, 231.563, 0.376094, 100, 0, 0.188047, 0, 228.456, 231.563, 0.516658, 93.6974, 0.0787822, 0.29772, 0, 228.232, 231.39, 0.661562, 100, 0, 0.330781, 0, 228.232, 231.391, 0.187139, 99.3928, 0.00758993, 0.0973645, 0, 
2019 Aug 19 (Mon) 1:00, 223.863, 231.134, 0.753642, 96.5877, 0.0426542, 0.398148, 1, 229.015, 231.134, 0.753636, 100, 0, 0.376818, 0, 228, 230.791, 0.738973, 98.6111, 0.0173611, 0.378167, 0, 228.055, 231.305, 0.760653, 99.1863, 0.0101707, 0.385412, 0, 227.877, 231.133, 0.753572, 98.0929, 0.0238393, 0.388706, 0, 227.787, 231.047, 0.749963, 100, 0, 0.374981, 0, 230.867, 230.362, 0.719511, 100, 0, 0.359755, 0, 230.867, 230.362, 0.719511, 100, 0, 0.359755, 0, 222.592, 230.362, 0.719517, 89.7851, 0.127686, 0.423601, 1, 227.626, 230.276, 0.715473, 98.5178, 0.0185276, 0.367, 0, 227.626, 230.276, 0.715473, 100, 0, 0.357737, 0, 229.864, 231.305, 0.760649, 100, 0, 0.380325, 0, 228.323, 231.563, 0.770944, 100, 0, 0.385472, 0, 231.844, 231.563, 0.770937, 100, 0, 0.385468, 0, 224.657, 231.563, 0.770944, 93.6974, 0.0787822, 0.424863, 1, 231.656, 231.39, 0.764109, 100, 0, 0.382055, 0, 228.144, 231.391, 0.764118, 99.3928, 0.00758993, 0.385854, 0, 
2019 Aug 19 (Mon) 1:30, 232.024, 231.134, 0.446384, 100, 0, 0.223192, 0, 229.359, 231.134, 0.838714, 100, 0, 0.419357, 0, 228.346, 230.791, 0.781856, 98.6111, 0.0173611, 0.399608, 0, 231.88, 231.305, 0.755748, 99.1863, 0.0101707, 0.38296, 0, 231.712, 231.133, 0.752048, 98.0929, 0.0238393, 0.387944, 0, 231.628, 231.047, 0.750163, 100, 0, 0.375081, 0, 230.998, 230.362, 1, 100, 0, 0.5, 0, 230.998, 230.362, 1, 100, 0, 0.5, 0, 222.933, 230.362, 0.371458, 95.5201, 0.0559983, 0.213728, 0, 232.143, 230.276, 0.78408, 98.5178, 0.0185276, 0.401304, 0, 232.143, 230.276, 0.78408, 100, 0, 0.39204, 0, 230.197, 231.305, 0.891717, 100, 0, 0.445859, 0, 232.132, 231.563, 0.761127, 100, 0, 0.380563, 0, 232.176, 231.563, 1, 100, 0, 0.5, 0, 232.132, 231.563, 0.49085, 99.3753, 0.00780815, 0.249329, 0, 232.003, 231.39, 1, 100, 0, 0.5, 0, 231.964, 231.391, 0.75756, 99.3928, 0.00758993, 0.382575, 0, 
2019 Aug 19 (Mon) 2:00, 229.438, 231.134, 1, 100, 0, 0.5, 0, 229.438, 231.134, 0.864911, 100, 0, 0.432456, 0, 229.058, 230.791, 0.8089, 98.6111, 0.0173611, 0.41313, 0, 229.628, 231.305, 1, 99.1863, 0.0101707, 0.505085, 0, 229.437, 231.133, 1, 98.0929, 0.0238393, 0.51192, 0, 229.342, 231.047, 1, 100, 0, 0.5, 0, 228.583, 230.362, 1, 100, 0, 0.5, 0, 228.583, 230.362, 1, 100, 0, 0.5, 0, 228.584, 230.362, 0.399075, 100, 0, 0.199538, 0, 228.489, 230.276, 1, 98.5178, 0.0185276, 0.509264, 0, 228.489, 230.276, 1, 100, 0, 0.5, 0, 229.628, 231.305, 0.916749, 100, 0, 0.458374, 0, 229.914, 231.563, 1, 100, 0, 0.5, 0, 229.913, 231.563, 1, 100, 0, 0.5, 0, 229.914, 231.563, 1, 99.3753, 0.00780815, 0.503904, 0, 229.723, 231.39, 1, 100, 0, 0.5, 0, 229.723, 231.391, 1, 99.3928, 0.00758993, 0.503795, 0, 
2019 Aug 19 (Mon) 2:30, 232.118, 231.134, 0.870916, 100, 0, 0.435458, 0, 232.118, 231.134, 0.870912, 100, 0, 0.435456, 0, 231.795, 230.791, 0.864564, 98.6111, 0.0173611, 0.440962, 0, 232.279, 231.305, 0.873952, 99.1863, 0.0101707, 0.442062, 0, 232.118, 231.133, 0.870888, 98.0929, 0.0238393, 0.447364, 0, 232.037, 231.047, 0.869325, 100, 0, 0.434663, 0, 231.391, 230.362, 0.856133, 100, 0, 0.428067, 0, 231.391, 230.362, 0.856133, 100, 0, 0.428067, 0, 231.392, 230.362, 0.856138, 100, 0, 0.428069, 0, 231.311, 230.276, 0.854387, 98.5178, 0.0185276, 0.436458, 0, 231.311, 230.276, 0.854387, 100, 0, 0.427194, 0, 232.279, 231.305, 0.87395, 100, 0, 0.436975, 0, 232.522, 231.563, 0.878406, 100, 0, 0.439203, 0, 232.522, 231.563, 0.8784, 100, 0, 0.4392, 0, 232.522, 231.563, 0.878406, 99.3753, 0.00780815, 0.443107, 0, 232.36, 231.39, 0.875446, 100, 0, 0.437723, 0, 232.36, 231.391, 0.875452, 99.3928, 0.00758993, 0.441521, 0, 
2019 Aug 19 (Mon) 3:00, 232.814, 231.134, 1, 100, 0, 0.5, 0, 232.814, 231.134, 1, 100, 0, 0.5, 0, 232.503, 230.791, 1, 98.6111, 0.0173611, 0.508681, 0, 232.969, 231.305, 1, 99.1863, 0.0101707, 0.505085, 0, 232.813, 231.133, 1, 98.0929, 0.0238393, 0.51192, 0, 232.736, 231.047, 1, 100, 0, 0.5, 0, 232.114, 230.362, 1, 100, 0, 0.5, 0, 232.114, 230.362, 1, 100, 0, 0.5, 0, 232.115, 230.362, 1, 100, 0, 0.5, 0, 232.037, 230.276, 1, 98.5178, 0.0185276, 0.509264, 0, 232.037, 230.276, 1, 100, 0, 0.5, 0, 232.969, 231.305, 1, 100, 0, 0.5, 0, 233.203, 231.563, 1, 100, 0, 0.5, 0, 233.203, 231.563, 1, 100, 0, 0.5, 0, 233.203, 231.563, 1, 99.3753, 0.00780815, 0.503904, 0, 233.047, 231.39, 1, 100, 0, 0.5, 0, 233.047, 231.391, 1, 99.3928, 0.00758993, 0.503795, 0, 
2019 Aug 19 (Mon) 3:30, 232.005, 231.134, 1, 100, 0, 0.5, 0, 232.005, 231.134, 1, 100, 0, 0.5, 0, 231.674, 230.791, 1, 98.6111, 0.0173611, 0.508681, 0, 232.17, 231.305, 1, 99.1863, 0.0101707, 0.505085, 0, 232.005, 231.133, 1, 98.0929, 0.0238393, 0.51192, 0, 231.922, 231.047, 1, 100, 0, 0.5, 0, 231.261, 230.362, 1, 100, 0, 0.5, 0, 231.261, 230.362, 1, 100, 0, 0.5, 0, 231.261, 230.362, 1, 100, 0, 0.5, 0, 231.179, 230.276, 1, 98.5178, 0.0185276, 0.509264, 0, 231.179, 230.276, 1, 100, 0, 0.5, 0, 232.17, 231.305, 1, 100, 0, 0.5, 0, 232.419, 231.563, 1, 100, 0, 0.5, 0, 232.419, 231.563, 1, 100, 0, 0.5, 0, 232.419, 231.563, 1, 99.3753, 0.00780815, 0.503904, 0, 232.253, 231.39, 1, 100, 0, 0.5, 0, 232.253, 231.391, 1, 99.3928, 0.00758993, 0.503795, 0, 
2019 Aug 19 (Mon) 4:00, 231.134, 231.134, 1, 100, 0, 0.5, 0, 231.134, 231.134, 1, 100, 0, 0.5, 0, 230.791, 230.791, 1, 98.6111, 0.0173611, 0.508681, 0, 231.305, 231.305, 1, 99.1863, 0.0101707, 0.505085, 0, 231.133, 231.133, 1, 98.0929, 0.0238393, 0.51192, 0, 231.047, 231.047, 1, 100, 0, 0.5, 0, 230.362, 230.362, 1, 100, 0, 0.5, 0, 230.362, 230.362, 1, 100, 0, 0.5, 0, 230.362, 230.362, 1, 100, 0, 0.5, 0, 230.276, 230.276, 1, 98.5178, 0.0185276, 0.509264, 0, 230.276, 230.276, 1, 100, 0, 0.5, 0, 231.305, 231.305, 1, 100, 0, 0.5, 0, 231.563, 231.563, 1, 100, 0, 0.5, 0, 231.563, 231.563, 1, 100, 0, 0.5, 0, 231.563, 231.563, 1, 99.3753, 0.00780815, 0.503904, 0, 231.39, 231.39, 1, 100, 0, 0.5, 0, 231.391, 231.391, 1, 99.3928, 0.00758993, 0.503795, 0, 
2019 Aug 19 (Mon) 4:30, 230.015, 231.134, 1, 100, 0, 0.5, 0, 230.015, 231.134, 1, 100, 0, 0.5, 0, 229.638, 230.791, 1, 98.6111, 0.0173611, 0.508681, 0, 230.203, 231.305, 1, 99.1863, 0.0101707, 0.505085, 0, 230.014, 231.133, 1, 98.0929, 0.0238393, 0.51192, 0, 229.92, 231.047, 1, 100, 0, 0.5, 0, 229.168, 230.362, 1, 100, 0, 0.5, 0, 229.168, 230.362, 1, 100, 0, 0.5, 0, 229.168, 230.362, 1, 100, 0, 0.5, 0, 229.074, 230.276, 1, 98.5178, 0.0185276, 0.509264, 0, 229.074, 230.276, 1, 100, 0, 0.5, 0, 230.203, 231.305, 1, 100, 0, 0.5, 0, 230.486, 231.563, 1, 100, 0, 0.5, 0, 230.486, 231.563, 1, 100, 0, 0.5, 0, 230.486, 231.563, 1, 99.3753, 0.00780815, 0.503904, 0, 230.297, 231.39, 1, 100, 0, 0.5, 0, 230.297, 231.391, 1, 99.3928, 0.00758993, 0.503795, 0, 
2019 Aug 19 (Mon) 5:00, 230.679, 231.134, 0.914822, 100, 0, 0.457411, 0, 230.679, 231.134, 0.91482, 100, 0, 0.45741, 0, 230.305, 230.791, 0.909916, 98.6111, 0.0173611, 0.463638, 0, 230.866, 231.305, 0.917168, 99.1863, 0.0101707, 0.46367, 0, 230.678, 231.133, 0.914801, 98.0929, 0.0238393, 0.46932, 0, 230.584, 231.047, 0.913594, 100, 0, 0.456797, 0, 229.837, 230.362, 0.903405, 100, 0, 0.451703, 0, 229.837, 230.362, 0.903405, 100, 0, 0.451703, 0, 229.837, 230.362, 0.903409, 100, 0, 0.451704, 0, 229.744, 230.276, 0.902057, 98.5178, 0.0185276, 0.460292, 0, 229.744, 230.276, 0.902057, 100, 0, 0.451028, 0, 230.866, 231.305, 0.917167, 100, 0, 0.458583, 0, 231.148, 231.563, 0.920609, 100, 0, 0.460304, 0, 231.147, 231.563, 0.920606, 100, 0, 0.460303, 0, 231.148, 231.563, 0.920609, 99.3753, 0.00780815, 0.464208, 0, 230.959, 231.39, 0.918323, 100, 0, 0.459162, 0, 230.96, 231.391, 0.918327, 99.3928, 0.00758993, 0.462958, 0, 
2019 Aug 19 (Mon) 5:30, 230.819, 231.134, 0.965398, 100, 0, 0.482699, 0, 230.819, 231.134, 0.965398, 100, 0, 0.482699, 0, 230.417, 230.791, 0.962021, 98.6111, 0.0173611, 0.489691, 0, 231.019, 231.305, 0.967014, 99.1863, 0.0101707, 0.488592, 0, 230.818, 231.133, 0.965385, 98.0929, 0.0238393, 0.494612, 0, 230.717, 231.047, 0.964553, 100, 0, 0.482277, 0, 229.916, 230.362, 0.957542, 100, 0, 0.478771, 0, 229.916, 230.362, 0.957542, 100, 0, 0.478771, 0, 229.916, 230.362, 0.957542, 100, 0, 0.478771, 0, 229.815, 230.276, 0.956611, 98.5178, 0.0185276, 0.487569, 0, 229.815, 230.276, 0.956611, 100, 0, 0.478305, 0, 231.019, 231.305, 0.967015, 100, 0, 0.483507, 0, 231.321, 231.563, 0.969384, 100, 0, 0.484692, 0, 231.321, 231.563, 0.969384, 100, 0, 0.484692, 0, 231.321, 231.563, 0.969384, 99.3753, 0.00780815, 0.488596, 0, 231.12, 231.39, 0.967812, 100, 0, 0.483906, 0, 231.12, 231.391, 0.967813, 99.3928, 0.00758993, 0.487701, 0, 
2019 Aug 19 (Mon) 6:00, 230.297, 231.134, 0.976027, 100, 0, 0.488013, 0, 230.297, 231.134, 0.976028, 100, 0, 0.488014, 0, 229.867, 230.791, 0.970808, 98.6111, 0.0173611, 0.494085, 0, 230.511, 231.305, 0.978527, 99.1863, 0.0101707, 0.494349, 0, 230.296, 231.133, 0.976007, 98.0929, 0.0238393, 0.499923, 0, 230.188, 231.047, 0.974723, 100, 0, 0.487362, 0, 229.33, 230.362, 0.963892, 100, 0, 0.481946, 0, 229.33, 230.362, 0.963892, 100, 0, 0.481946, 0, 229.33, 230.362, 0.96389, 100, 0, 0.481945, 0, 229.223, 230.276, 0.962448, 98.5178, 0.0185276, 0.490488, 0, 229.223, 230.276, 0.962448, 100, 0, 0.481224, 0, 230.511, 231.305, 0.978529, 100, 0, 0.489264, 0, 230.834, 231.563, 0.982192, 100, 0, 0.491096, 0, 230.834, 231.563, 0.982194, 100, 0, 0.491097, 0, 230.834, 231.563, 0.982192, 99.3753, 0.00780815, 0.495, 0, 230.619, 231.39, 0.979764, 100, 0, 0.489882, 0, 230.619, 231.391, 0.979761, 99.3928, 0.00758993, 0.493676, 0, 
2019 Aug 19 (Mon) 6:30, 225.153, 231.134, 0.936276, 100, 0, 0.468138, 0, 225.153, 231.134, 0.936277, 100, 0, 0.468138, 0, 224.619, 230.791, 0.927789, 98.6111, 0.0173611, 0.472575, 0, 225.418, 231.305, 0.94034, 99.1863, 0.0101707, 0.475256, 0, 225.151, 231.133, 0.936242, 98.0929, 0.0238393, 0.480041, 0, 225.017, 231.047, 0.934154, 100, 0, 0.467077, 0, 223.952, 230.362, 0.916538, 100, 0, 0.458269, 0, 223.952, 230.362, 0.916538, 100, 0, 0.458269, 0, 223.953, 230.362, 0.916537, 100, 0, 0.458268, 0, 223.82, 230.276, 0.914194, 98.5178, 0.0185276, 0.466361, 0, 223.82, 230.276, 0.914194, 100, 0, 0.457097, 0, 225.418, 231.305, 0.940341, 100, 0, 0.470171, 0, 225.821, 231.563, 0.946299, 100, 0, 0.473149, 0, 225.82, 231.563, 0.9463, 100, 0, 0.47315, 0, 225.821, 231.563, 0.946299, 99.3753, 0.00780815, 0.477053, 0, 225.552, 231.39, 0.942349, 100, 0, 0.471174, 0, 225.552, 231.391, 0.942347, 99.3928, 0.00758993, 0.474969, 0, 
2019 Aug 19 (Mon) 7:00, 225.852, 231.134, 0.544621, 100, 0, 0.27231, 0, 225.852, 231.134, 0.544612, 100, 0, 0.272306, 0, 225.311, 230.791, 0.517498, 98.6111, 0.0173611, 0.26743, 0, 226.121, 231.305, 0.55758, 99.1863, 0.0101707, 0.283875, 0, 225.85, 231.133, 0.544481, 98.0929, 0.0238393, 0.28416, 0, 225.714, 231.047, 0.537805, 100, 0, 0.268902, 0, 224.636, 230.362, 0.481519, 100, 0, 0.240759, 0, 224.636, 230.362, 0.481519, 100, 0, 0.240759, 0, 224.636, 230.362, 0.481529, 100, 0, 0.240764, 0, 224.502, 230.276, 0.47405, 98.5178, 0.0185276, 0.246289, 0, 224.502, 230.276, 0.47405, 100, 0, 0.237025, 0, 226.121, 231.305, 0.557573, 100, 0, 0.278786, 0, 226.528, 231.563, 0.576617, 100, 0, 0.288309, 0, 226.528, 231.563, 0.576605, 100, 0, 0.288303, 0, 226.528, 231.563, 0.576617, 99.3753, 0.00780815, 0.292213, 0, 226.256, 231.39, 0.563974, 100, 0, 0.281987, 0, 226.257, 231.391, 0.563988, 99.3928, 0.00758993, 0.285789, 0, 
2019 Aug 19 (Mon) 7:30, 224.572, 231.134, 0.597855, 100, 0, 0.298928, 0, 224.572, 231.134, 0.597848, 100, 0, 0.298924, 0, 223.989, 230.791, 0.57162, 98.6111, 0.0173611, 0.294491, 0, 224.863, 231.305, 0.610392, 99.1863, 0.0101707, 0.310281, 0, 224.57, 231.133, 0.597721, 98.0929, 0.0238393, 0.31078, 0, 224.423, 231.047, 0.591262, 100, 0, 0.295631, 0, 223.262, 230.362, 0.536821, 100, 0, 0.26841, 0, 223.262, 230.362, 0.536821, 100, 0, 0.26841, 0, 223.262, 230.362, 0.53683, 100, 0, 0.268415, 0, 223.116, 230.276, 0.529596, 98.5178, 0.0185276, 0.274062, 0, 223.116, 230.276, 0.529596, 100, 0, 0.264798, 0, 224.862, 231.305, 0.610386, 100, 0, 0.305193, 0, 225.302, 231.563, 0.628811, 100, 0, 0.314405, 0, 225.302, 231.563, 0.628799, 100, 0, 0.3144, 0, 225.302, 231.563, 0.628811, 99.3753, 0.00780815, 0.318309, 0, 225.008, 231.39, 0.616579, 100, 0, 0.30829, 0, 225.009, 231.391, 0.616592, 99.3928, 0.00758993, 0.312091, 0, 
2019 Aug 19 (Mon) 8:00, 225.336, 231.134, 0.500428, 100, 0, 0.250214, 0, 225.336, 231.134, 0.50042, 100, 0, 0.25021, 0, 224.771, 230.791, 0.468273, 98.6111, 0.0173611, 0.242817, 0, 225.617, 231.305, 0.515791, 99.1863, 0.0101707, 0.262981, 0, 225.334, 231.133, 0.500256, 98.0929, 0.0238393, 0.262048, 0, 225.192, 231.047, 0.492339, 100, 0, 0.246169, 0, 224.066, 230.362, 0.425624, 100, 0, 0.212812, 0, 224.066, 230.362, 0.425624, 100, 0, 0.212812, 0, 224.067, 230.362, 0.425634, 100, 0, 0.212817, 0, 223.926, 230.276, 0.416768, 98.5178, 0.0185276, 0.217648, 0, 223.926, 230.276, 0.416768, 100, 0, 0.208384, 0, 225.617, 231.305, 0.515784, 100, 0, 0.257892, 0, 226.042, 231.563, 0.53837, 100, 0, 0.269185, 0, 226.042, 231.563, 0.538358, 100, 0, 0.269179, 0, 226.042, 231.563, 0.53837, 99.3753, 0.00780815, 0.273089, 0, 225.758, 231.39, 0.523376, 100, 0, 0.261688, 0, 225.758, 231.391, 0.523389, 99.3928, 0.00758993, 0.26549, 0, 
2019 Aug 19 (Mon) 8:30, 224.397, 231.134, 0.558563, 100, 0, 0.279282, 0, 224.397, 231.134, 0.558556, 100, 0, 0.279278, 0, 223.841, 230.791, 0.529406, 98.6111, 0.0173611, 0.273384, 0, 224.674, 231.305, 0.572495, 99.1863, 0.0101707, 0.291333, 0, 224.394, 231.133, 0.55841, 98.0929, 0.0238393, 0.291125, 0, 224.255, 231.047, 0.551232, 100, 0, 0.275616, 0, 223.146, 230.362, 0.490734, 100, 0, 0.245367, 0, 223.146, 230.362, 0.490734, 100, 0, 0.245367, 0, 223.146, 230.362, 0.490743, 100, 0, 0.245372, 0, 223.007, 230.276, 0.482704, 98.5178, 0.0185276, 0.250616, 0, 223.007, 230.276, 0.482704, 100, 0, 0.241352, 0, 224.674, 231.305, 0.572489, 100, 0, 0.286244, 0, 225.093, 231.563, 0.592967, 100, 0, 0.296483, 0, 225.093, 231.563, 0.592956, 100, 0, 0.296478, 0, 225.093, 231.563, 0.592967, 99.3753, 0.00780815, 0.300388, 0, 224.813, 231.39, 0.579372, 100, 0, 0.289686, 0, 224.813, 231.391, 0.579385, 99.3928, 0.00758993, 0.293487, 0, 
2019 Aug 19 (Mon) 9:00, 224.684, 231.134, 0.487067, 100, 0, 0.243534, 0, 224.683, 231.134, 0.487059, 100, 0, 0.24353, 0, 224.135, 230.791, 0.456626, 98.6111, 0.0173611, 0.236994, 0, 224.956, 231.305, 0.501612, 99.1863, 0.0101707, 0.255891, 0, 224.681, 231.133, 0.486908, 98.0929, 0.0238393, 0.255374, 0, 224.544, 231.047, 0.479414, 100, 0, 0.239707, 0, 223.451, 230.362, 0.416245, 100, 0, 0.208122, 0, 223.451, 230.362, 0.416245, 100, 0, 0.208122, 0, 223.451, 230.362, 0.416255, 100, 0, 0.208128, 0, 223.315, 230.276, 0.40786, 98.5178, 0.0185276, 0.213194, 0, 223.315, 230.276, 0.40786, 100, 0, 0.20393, 0, 224.956, 231.305, 0.501604, 100, 0, 0.250802, 0, 225.369, 231.563, 0.522982, 100, 0, 0.261491, 0, 225.369, 231.563, 0.522968, 100, 0, 0.261484, 0, 225.369, 231.563, 0.522982, 99.3753, 0.00780815, 0.265395, 0, 225.093, 231.39, 0.508789, 100, 0, 0.254395, 0, 225.093, 231.391, 0.508804, 99.3928, 0.00758993, 0.258197, 0, 
2019 Aug 19 (Mon) 9:30, 227.151, 231.134, 0.508881, 100, 0, 0.254441, 0, 227.151, 231.134, 0.508873, 100, 0, 0.254436, 0, 226.65, 230.791, 0.479689, 98.6111, 0.0173611, 0.248525, 0, 227.4, 231.305, 0.522829, 99.1863, 0.0101707, 0.2665, 0, 227.149, 231.133, 0.50873, 98.0929, 0.0238393, 0.266284, 0, 227.023, 231.047, 0.501543, 100, 0, 0.250771, 0, 226.024, 230.362, 0.440963, 100, 0, 0.220481, 0, 226.024, 230.362, 0.440963, 100, 0, 0.220481, 0, 226.024, 230.362, 0.440974, 100, 0, 0.220487, 0, 225.899, 230.276, 0.432923, 98.5178, 0.0185276, 0.225725, 0, 225.899, 230.276, 0.432923, 100, 0, 0.216461, 0, 227.4, 231.305, 0.522822, 100, 0, 0.261411, 0, 227.778, 231.563, 0.543321, 100, 0, 0.27166, 0, 227.777, 231.563, 0.543309, 100, 0, 0.271654, 0, 227.778, 231.563, 0.543321, 99.3753, 0.00780815, 0.275565, 0, 227.525, 231.39, 0.529712, 100, 0, 0.264856, 0, 227.526, 231.391, 0.529726, 99.3928, 0.00758993, 0.268658, 0, 
2019 Aug 19 (Mon) 10:00, 229.154, 231.134, 0.696739, 100, 0, 0.348369, 0, 229.154, 231.134, 0.696733, 100, 0, 0.348366, 0, 228.699, 230.791, 0.676251, 98.6111, 0.0173611, 0.346806, 0, 229.381, 231.305, 0.706531, 99.1863, 0.0101707, 0.358351, 0, 229.152, 231.133, 0.696638, 98.0929, 0.0238393, 0.360239, 0, 229.038, 231.047, 0.691595, 100, 0, 0.345798, 0, 228.13, 230.362, 0.649077, 100, 0, 0.324539, 0, 228.13, 230.362, 0.649077, 100, 0, 0.324539, 0, 228.13, 230.362, 0.649084, 100, 0, 0.324542, 0, 228.017, 230.276, 0.643436, 98.5178, 0.0185276, 0.330982, 0, 228.017, 230.276, 0.643436, 100, 0, 0.321718, 0, 229.381, 231.305, 0.706526, 100, 0, 0.353263, 0, 229.723, 231.563, 0.72091, 100, 0, 0.360455, 0, 229.723, 231.563, 0.720902, 100, 0, 0.360451, 0, 229.723, 231.563, 0.72091, 99.3753, 0.00780815, 0.364359, 0, 229.494, 231.39, 0.711362, 100, 0, 0.355681, 0, 229.495, 231.391, 0.711372, 99.3928, 0.00758993, 0.359481, 0, 
2019 Aug 19 (Mon) 10:30, 230.526, 231.134, 0.849251, 100, 0, 0.424625, 0, 230.525, 231.134, 0.849249, 100, 0, 0.424624, 0, 230.106, 230.791, 0.83644, 98.6111, 0.0173611, 0.426901, 0, 230.735, 231.305, 0.855379, 99.1863, 0.0101707, 0.432775, 0, 230.524, 231.133, 0.849193, 98.0929, 0.0238393, 0.436516, 0, 230.419, 231.047, 0.846041, 100, 0, 0.423021, 0, 229.581, 230.362, 0.819453, 100, 0, 0.409726, 0, 229.581, 230.362, 0.819453, 100, 0, 0.409726, 0, 229.582, 230.362, 0.819455, 100, 0, 0.409727, 0, 229.477, 230.276, 0.815922, 98.5178, 0.0185276, 0.417225, 0, 229.477, 230.276, 0.815922, 100, 0, 0.407961, 0, 230.735, 231.305, 0.855377, 100, 0, 0.427689, 0, 231.051, 231.563, 0.86437, 100, 0, 0.432185, 0, 231.051, 231.563, 0.864367, 100, 0, 0.432184, 0, 231.051, 231.563, 0.86437, 99.3753, 0.00780815, 0.436089, 0, 230.84, 231.39, 0.858404, 100, 0, 0.429202, 0, 230.84, 231.391, 0.858406, 99.3928, 0.00758993, 0.432998, 0, 
2019 Aug 19 (Mon) 11:00, 229.082, 231.134, 0.953693, 100, 0, 0.476846, 0, 229.082, 231.134, 0.953694, 100, 0, 0.476847, 0, 228.634, 230.791, 0.946458, 98.6111, 0.0173611, 0.48191, 0, 229.306, 231.305, 0.957158, 99.1863, 0.0101707, 0.483665, 0, 229.081, 231.133, 0.953665, 98.0929, 0.0238393, 0.488752, 0, 228.968, 231.047, 0.951884, 100, 0, 0.475942, 0, 228.074, 230.362, 0.936868, 100, 0, 0.468434, 0, 228.074, 230.362, 0.936868, 100, 0, 0.468434, 0, 228.074, 230.362, 0.936865, 100, 0, 0.468433, 0, 227.962, 230.276, 0.934868, 98.5178, 0.0185276, 0.476698, 0, 227.962, 230.276, 0.934868, 100, 0, 0.467434, 0, 229.306, 231.305, 0.95716, 100, 0, 0.47858, 0, 229.643, 231.563, 0.962238, 100, 0, 0.481119, 0, 229.643, 231.563, 0.96224, 100, 0, 0.48112, 0, 229.643, 231.563, 0.962238, 99.3753, 0.00780815, 0.485023, 0, 229.418, 231.39, 0.958872, 100, 0, 0.479436, 0, 229.418, 231.391, 0.958869, 99.3928, 0.00758993, 0.48323, 0, 
2019 Aug 19 (Mon) 11:30, 228.885, 231.134, 0.843808, 100, 0, 0.421904, 0, 228.885, 231.134, 0.843805, 100, 0, 0.421902, 0, 228.424, 230.791, 0.831379, 98.6111, 0.0173611, 0.42437, 0, 229.114, 231.305, 0.849752, 99.1863, 0.0101707, 0.429961, 0, 228.883, 231.133, 0.843751, 98.0929, 0.0238393, 0.433795, 0, 228.768, 231.047, 0.840693, 100, 0, 0.420347, 0, 227.849, 230.362, 0.814895, 100, 0, 0.407448, 0, 227.849, 230.362, 0.814895, 100, 0, 0.407448, 0, 227.849, 230.362, 0.814898, 100, 0, 0.407449, 0, 227.734, 230.276, 0.81147, 98.5178, 0.0185276, 0.414999, 0, 227.734, 230.276, 0.81147, 100, 0, 0.405735, 0, 229.114, 231.305, 0.849751, 100, 0, 0.424875, 0, 229.461, 231.563, 0.858475, 100, 0, 0.429237, 0, 229.461, 231.563, 0.858472, 100, 0, 0.429236, 0, 229.461, 231.563, 0.858475, 99.3753, 0.00780815, 0.433142, 0, 229.229, 231.39, 0.852686, 100, 0, 0.426343, 0, 229.23, 231.391, 0.852689, 99.3928, 0.00758993, 0.43014, 0, 
2019 Aug 19 (Mon) 12:00, 228.593, 231.134, 0.828774, 100, 0, 0.414387, 0, 228.592, 231.134, 0.828772, 100, 0, 0.414386, 0, 228.123, 230.791, 0.814996, 98.6111, 0.0173611, 0.416178, 0, 228.827, 231.305, 0.835364, 99.1863, 0.0101707, 0.422767, 0, 228.591, 231.133, 0.828711, 98.0929, 0.0238393, 0.426275, 0, 228.473, 231.047, 0.825321, 100, 0, 0.41266, 0, 227.536, 230.362, 0.796722, 100, 0, 0.398361, 0, 227.536, 230.362, 0.796722, 100, 0, 0.398361, 0, 227.536, 230.362, 0.796725, 100, 0, 0.398363, 0, 227.419, 230.276, 0.792925, 98.5178, 0.0185276, 0.405726, 0, 227.419, 230.276, 0.792925, 100, 0, 0.396463, 0, 228.826, 231.305, 0.835363, 100, 0, 0.417681, 0, 229.18, 231.563, 0.845035, 100, 0, 0.422518, 0, 229.18, 231.563, 0.845032, 100, 0, 0.422516, 0, 229.18, 231.563, 0.845035, 99.3753, 0.00780815, 0.426422, 0, 228.944, 231.39, 0.838617, 100, 0, 0.419308, 0, 228.944, 231.391, 0.838621, 99.3928, 0.00758993, 0.423105, 0, 
2019 Aug 19 (Mon) 12:30, 227.173, 231.134, 0.80651, 100, 0, 0.403255, 0, 227.173, 231.134, 0.806507, 100, 0, 0.403253, 0, 226.677, 230.791, 0.791417, 98.6111, 0.0173611, 0.404389, 0, 227.42, 231.305, 0.813728, 99.1863, 0.0101707, 0.41195, 0, 227.171, 231.133, 0.80644, 98.0929, 0.0238393, 0.41514, 0, 227.047, 231.047, 0.802725, 100, 0, 0.401363, 0, 226.058, 230.362, 0.771399, 100, 0, 0.3857, 0, 226.058, 230.362, 0.771399, 100, 0, 0.3857, 0, 226.058, 230.362, 0.771403, 100, 0, 0.385701, 0, 225.935, 230.276, 0.767241, 98.5178, 0.0185276, 0.392884, 0, 225.935, 230.276, 0.767241, 100, 0, 0.383621, 0, 227.42, 231.305, 0.813726, 100, 0, 0.406863, 0, 227.794, 231.563, 0.824321, 100, 0, 0.412161, 0, 227.793, 231.563, 0.824318, 100, 0, 0.412159, 0, 227.794, 231.563, 0.824321, 99.3753, 0.00780815, 0.416065, 0, 227.544, 231.39, 0.81729, 100, 0, 0.408645, 0, 227.544, 231.391, 0.817295, 99.3928, 0.00758993, 0.412442, 0, 
2019 Aug 19 (Mon) 13:00, 229.901, 231.134, 0.698456, 100, 0, 0.349228, 0, 229.901, 231.134, 0.69845, 100, 0, 0.349225, 0, 229.447, 230.791, 0.678419, 98.6111, 0.0173611, 0.34789, 0, 230.127, 231.305, 0.708033, 99.1863, 0.0101707, 0.359102, 0, 229.899, 231.133, 0.698357, 98.0929, 0.0238393, 0.361098, 0, 229.786, 231.047, 0.693426, 100, 0, 0.346713, 0, 228.881, 230.362, 0.651842, 100, 0, 0.325921, 0, 228.881, 230.362, 0.651842, 100, 0, 0.325921, 0, 228.881, 230.362, 0.65185, 100, 0, 0.325925, 0, 228.768, 230.276, 0.646325, 98.5178, 0.0185276, 0.332426, 0, 228.768, 230.276, 0.646325, 100, 0, 0.323163, 0, 230.126, 231.305, 0.708028, 100, 0, 0.354014, 0, 230.468, 231.563, 0.722095, 100, 0, 0.361047, 0, 230.468, 231.563, 0.722087, 100, 0, 0.361043, 0, 230.468, 231.563, 0.722095, 99.3753, 0.00780815, 0.364952, 0, 230.24, 231.39, 0.712757, 100, 0, 0.356379, 0, 230.24, 231.391, 0.712767, 99.3928, 0.00758993, 0.360178, 0, 
2019 Aug 19 (Mon) 13:30, 229.563, 231.134, 0.906109, 100, 0, 0.453055, 0, 229.563, 231.134, 0.906109, 100, 0, 0.453055, 0, 229.117, 230.791, 0.894977, 98.6111, 0.0173611, 0.456169, 0, 229.785, 231.305, 0.91144, 99.1863, 0.0101707, 0.460805, 0, 229.562, 231.133, 0.906063, 98.0929, 0.0238393, 0.464951, 0, 229.45, 231.047, 0.903323, 100, 0, 0.451662, 0, 228.56, 230.362, 0.880218, 100, 0, 0.440109, 0, 228.56, 230.362, 0.880218, 100, 0, 0.440109, 0, 228.56, 230.362, 0.880217, 100, 0, 0.440108, 0, 228.449, 230.276, 0.877144, 98.5178, 0.0185276, 0.447836, 0, 228.449, 230.276, 0.877144, 100, 0, 0.438572, 0, 229.785, 231.305, 0.91144, 100, 0, 0.45572, 0, 230.121, 231.563, 0.919256, 100, 0, 0.459628, 0, 230.12, 231.563, 0.919257, 100, 0, 0.459628, 0, 230.121, 231.563, 0.919256, 99.3753, 0.00780815, 0.463532, 0, 229.897, 231.39, 0.914073, 100, 0, 0.457037, 0, 229.897, 231.391, 0.914072, 99.3928, 0.00758993, 0.460831, 0, 
2019 Aug 19 (Mon) 14:00, 226.855, 231.134, 0.8804, 100, 0, 0.4402, 0, 226.854, 231.134, 0.880398, 100, 0, 0.440199, 0, 226.362, 230.791, 0.869165, 98.6111, 0.0173611, 0.443263, 0, 227.1, 231.305, 0.885775, 99.1863, 0.0101707, 0.447973, 0, 226.853, 231.133, 0.88035, 98.0929, 0.0238393, 0.452095, 0, 226.729, 231.047, 0.877586, 100, 0, 0.438793, 0, 225.747, 230.362, 0.854269, 100, 0, 0.427134, 0, 225.747, 230.362, 0.854269, 100, 0, 0.427134, 0, 225.747, 230.362, 0.85427, 100, 0, 0.427135, 0, 225.625, 230.276, 0.851171, 98.5178, 0.0185276, 0.434849, 0, 225.625, 230.276, 0.851171, 100, 0, 0.425585, 0, 227.1, 231.305, 0.885775, 100, 0, 0.442887, 0, 227.47, 231.563, 0.893661, 100, 0, 0.44683, 0, 227.47, 231.563, 0.89366, 100, 0, 0.44683, 0, 227.47, 231.563, 0.893661, 99.3753, 0.00780815, 0.450734, 0, 227.223, 231.39, 0.888429, 100, 0, 0.444215, 0, 227.223, 231.391, 0.888431, 99.3928, 0.00758993, 0.44801, 0, 
2019 Aug 19 (Mon) 14:30, 225.822, 231.134, 0.674184, 100, 0, 0.337092, 0, 225.822, 231.134, 0.674178, 100, 0, 0.337089, 0, 225.318, 230.791, 0.653774, 98.6111, 0.0173611, 0.335567, 0, 226.073, 231.305, 0.683939, 99.1863, 0.0101707, 0.347055, 0, 225.82, 231.133, 0.674084, 98.0929, 0.0238393, 0.348962, 0, 225.694, 231.047, 0.669061, 100, 0, 0.33453, 0, 224.688, 230.362, 0.626697, 100, 0, 0.313348, 0, 224.688, 230.362, 0.626697, 100, 0, 0.313348, 0, 224.688, 230.362, 0.626705, 100, 0, 0.313353, 0, 224.562, 230.276, 0.621078, 98.5178, 0.0185276, 0.319803, 0, 224.562, 230.276, 0.621078, 100, 0, 0.310539, 0, 226.073, 231.305, 0.683934, 100, 0, 0.341967, 0, 226.453, 231.563, 0.698264, 100, 0, 0.349132, 0, 226.453, 231.563, 0.698254, 100, 0, 0.349127, 0, 226.453, 231.563, 0.698264, 99.3753, 0.00780815, 0.353036, 0, 226.2, 231.39, 0.688751, 100, 0, 0.344375, 0, 226.2, 231.391, 0.688761, 99.3928, 0.00758993, 0.348176, 0, 
2019 Aug 19 (Mon) 15:00, 229.509, 231.134, 0.595593, 100, 0, 0.297797, 0, 229.509, 231.134, 0.595586, 100, 0, 0.297793, 0, 229.049, 230.791, 0.572121, 98.6111, 0.0173611, 0.294741, 0, 229.738, 231.305, 0.60681, 99.1863, 0.0101707, 0.30849, 0, 229.507, 231.133, 0.595476, 98.0929, 0.0238393, 0.309658, 0, 229.392, 231.047, 0.589699, 100, 0, 0.29485, 0, 228.474, 230.362, 0.540983, 100, 0, 0.270491, 0, 228.474, 230.362, 0.540983, 100, 0, 0.270491, 0, 228.474, 230.362, 0.540993, 100, 0, 0.270496, 0, 228.359, 230.276, 0.53452, 98.5178, 0.0185276, 0.276524, 0, 228.359, 230.276, 0.53452, 100, 0, 0.26726, 0, 229.738, 231.305, 0.606804, 100, 0, 0.303402, 0, 230.085, 231.563, 0.623281, 100, 0, 0.311641, 0, 230.085, 231.563, 0.62327, 100, 0, 0.311635, 0, 230.085, 231.563, 0.623281, 99.3753, 0.00780815, 0.315545, 0, 229.853, 231.39, 0.612342, 100, 0, 0.306171, 0, 229.854, 231.391, 0.612355, 99.3928, 0.00758993, 0.309972, 0, 
2019 Aug 19 (Mon) 15:30, 227.202, 231.134, 0.876287, 100, 0, 0.438143, 0, 227.202, 231.134, 0.876286, 100, 0, 0.438143, 0, 226.685, 230.791, 0.863809, 98.6111, 0.0173611, 0.440585, 0, 227.46, 231.305, 0.882258, 99.1863, 0.0101707, 0.446215, 0, 227.2, 231.133, 0.876233, 98.0929, 0.0238393, 0.450036, 0, 227.07, 231.047, 0.873162, 100, 0, 0.436581, 0, 226.038, 230.362, 0.847266, 100, 0, 0.423633, 0, 226.038, 230.362, 0.847266, 100, 0, 0.423633, 0, 226.039, 230.362, 0.847266, 100, 0, 0.423633, 0, 225.91, 230.276, 0.843823, 98.5178, 0.0185276, 0.431175, 0, 225.91, 230.276, 0.843823, 100, 0, 0.421912, 0, 227.459, 231.305, 0.882258, 100, 0, 0.441129, 0, 227.849, 231.563, 0.891018, 100, 0, 0.445509, 0, 227.849, 231.563, 0.891018, 100, 0, 0.445509, 0, 227.849, 231.563, 0.891018, 99.3753, 0.00780815, 0.449413, 0, 227.589, 231.39, 0.885207, 100, 0, 0.442604, 0, 227.589, 231.391, 0.885208, 99.3928, 0.00758993, 0.446399, 0, 
2019 Aug 19 (Mon) 16:00, 228.075, 231.134, 0.700639, 100, 0, 0.35032, 0, 228.075, 231.134, 0.700634, 100, 0, 0.350317, 0, 227.553, 230.791, 0.67898, 98.6111, 0.0173611, 0.348171, 0, 228.335, 231.305, 0.710994, 99.1863, 0.0101707, 0.360582, 0, 228.073, 231.133, 0.700533, 98.0929, 0.0238393, 0.362186, 0, 227.942, 231.047, 0.695202, 100, 0, 0.347601, 0, 226.902, 230.362, 0.650253, 100, 0, 0.325127, 0, 226.902, 230.362, 0.650253, 100, 0, 0.325127, 0, 226.902, 230.362, 0.65026, 100, 0, 0.32513, 0, 226.772, 230.276, 0.644288, 98.5178, 0.0185276, 0.331408, 0, 226.772, 230.276, 0.644288, 100, 0, 0.322144, 0, 228.335, 231.305, 0.710989, 100, 0, 0.355495, 0, 228.728, 231.563, 0.726199, 100, 0, 0.3631, 0, 228.728, 231.563, 0.726192, 100, 0, 0.363096, 0, 228.728, 231.563, 0.726199, 99.3753, 0.00780815, 0.367004, 0, 228.465, 231.39, 0.716104, 100, 0, 0.358052, 0, 228.466, 231.391, 0.716112, 99.3928, 0.00758993, 0.361851, 0, 
2019 Aug 19 (Mon) 16:30, 224.907, 231.134, 0.767119, 100, 0, 0.38356, 0, 224.907, 231.134, 0.767116, 100, 0, 0.383558, 0, 224.313, 230.791, 0.746912, 98.6111, 0.0173611, 0.382137, 0, 225.203, 231.305, 0.776784, 99.1863, 0.0101707, 0.393478, 0, 224.905, 231.133, 0.767025, 98.0929, 0.0238393, 0.395432, 0, 224.755, 231.047, 0.762051, 100, 0, 0.381026, 0, 223.57, 230.362, 0.72012, 100, 0, 0.36006, 0, 223.57, 230.362, 0.72012, 100, 0, 0.36006, 0, 223.57, 230.362, 0.720123, 100, 0, 0.360061, 0, 223.422, 230.276, 0.714551, 98.5178, 0.0185276, 0.366539, 0, 223.422, 230.276, 0.714551, 100, 0, 0.357275, 0, 225.203, 231.305, 0.776783, 100, 0, 0.388391, 0, 225.651, 231.563, 0.790974, 100, 0, 0.395487, 0, 225.651, 231.563, 0.79097, 100, 0, 0.395485, 0, 225.651, 231.563, 0.790974, 99.3753, 0.00780815, 0.399391, 0, 225.352, 231.39, 0.781558, 100, 0, 0.390779, 0, 225.352, 231.391, 0.781562, 99.3928, 0.00758993, 0.394576, 0, 
2019 Aug 19 (Mon) 17:00, 224.161, 231.134, 0.525925, 100, 0, 0.262963, 0, 224.161, 231.134, 0.525917, 100, 0, 0.262959, 0, 223.519, 230.791, 0.493543, 98.6111, 0.0173611, 0.255452, 0, 224.48, 231.305, 0.541397, 99.1863, 0.0101707, 0.275784, 0, 224.158, 231.133, 0.525753, 98.0929, 0.0238393, 0.274796, 0, 223.997, 231.047, 0.517779, 100, 0, 0.258889, 0, 222.718, 230.362, 0.450596, 100, 0, 0.225298, 0, 222.718, 230.362, 0.450596, 100, 0, 0.225298, 0, 222.719, 230.362, 0.450607, 100, 0, 0.225303, 0, 222.559, 230.276, 0.441679, 98.5178, 0.0185276, 0.230103, 0, 222.559, 230.276, 0.441679, 100, 0, 0.220839, 0, 224.48, 231.305, 0.541391, 100, 0, 0.270695, 0, 224.964, 231.563, 0.564139, 100, 0, 0.282069, 0, 224.963, 231.563, 0.564128, 100, 0, 0.282064, 0, 224.964, 231.563, 0.564139, 99.3753, 0.00780815, 0.285974, 0, 224.64, 231.39, 0.549038, 100, 0, 0.274519, 0, 224.641, 231.391, 0.549051, 99.3928, 0.00758993, 0.27832, 0, 
2019 Aug 19 (Mon) 17:30, 220.149, 231.134, 0.46909, 100, 0, 0.234545, 0, 220.149, 231.134, 0.469082, 100, 0, 0.234541, 0, 219.405, 230.791, 0.431516, 98.6111, 0.0173611, 0.224439, 0, 220.519, 231.305, 0.487042, 99.1863, 0.0101707, 0.248606, 0, 220.144, 231.133, 0.468883, 98.0929, 0.0238393, 0.246361, 0, 219.957, 231.047, 0.459629, 100, 0, 0.229815, 0, 218.475, 230.362, 0.38169, 100, 0, 0.190845, 0, 218.475, 230.362, 0.38169, 100, 0, 0.190845, 0, 218.476, 230.362, 0.3817, 100, 0, 0.19085, 0, 218.29, 230.276, 0.371343, 98.5178, 0.0185276, 0.194935, 0, 218.29, 230.276, 0.371343, 100, 0, 0.185671, 0, 220.518, 231.305, 0.487034, 100, 0, 0.243517, 0, 221.08, 231.563, 0.513438, 100, 0, 0.256719, 0, 221.08, 231.563, 0.513426, 100, 0, 0.256713, 0, 221.08, 231.563, 0.513438, 99.3753, 0.00780815, 0.260623, 0, 220.705, 231.39, 0.49591, 100, 0, 0.247955, 0, 220.705, 231.391, 0.495923, 99.3928, 0.00758993, 0.251757, 0, 
2019 Aug 19 (Mon) 18:00, 217.717, 231.134, 0.163618, 100, 0, 0.0818091, 0, 217.716, 231.134, 0.163607, 100, 0, 0.0818037, 0, 216.895, 230.791, 0.109811, 98.6111, 0.0173611, 0.0635862, 0, 218.124, 231.305, 0.189304, 99.1863, 0.0101707, 0.0997376, 0, 217.711, 231.133, 0.163287, 98.0929, 0.0238393, 0.093563, 0, 217.504, 231.047, 0.150027, 100, 0, 0.0750137, 0, 215.87, 230.362, 0.038457, 100, 0, 0.0192285, 0, 215.87, 230.362, 0.038457, 100, 0, 0.0192285, 0, 215.87, 230.362, 0.0384703, 100, 0, 0.0192352, 0, 215.665, 230.276, 0.0236346, 98.5178, 0.0185276, 0.0210811, 0, 215.665, 230.276, 0.0236346, 100, 0, 0.0118173, 0, 218.124, 231.305, 0.189294, 100, 0, 0.094647, 0, 218.745, 231.563, 0.227125, 100, 0, 0.113563, 0, 218.745, 231.563, 0.227108, 100, 0, 0.113554, 0, 218.745, 231.563, 0.227125, 99.3753, 0.00780815, 0.117467, 0, 218.33, 231.39, 0.202007, 100, 0, 0.101003, 0, 218.33, 231.391, 0.202026, 99.3928, 0.00758993, 0.104808, 0, 
2019 Aug 19 (Mon) 18:30, 216.496, 231.134, -1, 92.0513, 0.099359, 0, 0, 216.496, 231.134, -1, 92.0513, 0.099359, 0, 0, 215.626, 230.791, -1, 90.6624, 0.11672, 0, 0, 216.928, 231.305, 0.00934324, 91.2376, 0.10953, 0.0594365, 0, 216.49, 231.133, -1, 90.1441, 0.123198, 0, 0, 216.271, 231.047, -1, 92.0513, 0.099359, 0, 0, 214.541, 230.362, -1, 92.0513, 0.099359, 0, 0, 214.541, 230.362, -1, 92.0513, 0.099359, 0, 0, 214.541, 230.362, -1, 92.0513, 0.099359, 0, 0, 214.324, 230.276, -1, 90.5691, 0.117887, 0, 0, 214.324, 230.276, -1, 92.0513, 0.099359, 0, 0, 216.928, 231.305, 0.00933129, 92.0513, 0.099359, 0.0543451, 0, 217.585, 231.563, 0.0549185, 92.0513, 0.099359, 0.0771387, 0, 217.585, 231.563, 0.0549007, 92.0513, 0.099359, 0.0771299, 0, 217.585, 231.563, 0.0549185, 91.4266, 0.107167, 0.0810428, 0, 217.146, 231.39, 0.0246481, 92.0513, 0.099359, 0.0620035, 0, 217.146, 231.391, 0.0246687, 91.4441, 0.106949, 0.0658088, 0, 
2019 Aug 19 (Mon) 19:00, 215.277, 231.134, -1, 92.0513, 0.099359, 0, 0, 215.277, 231.134, -1, 92.0513, 0.099359, 0, 0, 214.385, 230.791, -1, 90.6624, 0.11672, 0, 0, 215.72, 231.305, -1, 91.2376, 0.10953, 0, 0, 215.271, 231.133, -1, 90.1441, 0.123198, 0, 0, 215.046, 231.047, -1, 92.0513, 0.099359, 0, 0, 213.27, 230.362, -1, 92.0513, 0.099359, 0, 0, 213.27, 230.362, -1, 92.0513, 0.099359, 0, 0, 213.27, 230.362, -1, 92.0513, 0.099359, 0, 0, 213.048, 230.276, -1, 90.5691, 0.117887, 0, 0, 213.048, 230.276, -1, 92.0513, 0.099359, 0, 0, 215.72, 231.305, -1, 92.0513, 0.099359, 0, 0, 216.395, 231.563, -1, 92.0513, 0.099359, 0, 0, 216.395, 231.563, -1, 92.0513, 0.099359, 0, 0, 216.395, 231.563, -1, 91.4266, 0.107167, 0, 0, 215.944, 231.39, -1, 92.0513, 0.099359, 0, 0, 215.944, 231.391, -1, 91.4441, 0.106949, 0, 0, 
2019 Aug 19 (Mon) 19:30, 219.003, 231.134, -1, 92.0513, 0.099359, 0, 0, 219.003, 231.134, -1, 92.0513, 0.099359, 0, 0, 218.162, 230.791, -1, 90.6624, 0.11672, 0, 0, 219.42, 231.305, -1, 91.2376, 0.10953, 0, 0, 218.997, 231.133, -1, 90.1441, 0.123198, 0, 0, 218.786, 231.047, -1, 92.0513, 0.099359, 0, 0, 217.114, 230.362, -1, 92.0513, 0.099359, 0, 0, 217.114, 230.362, -1, 92.0513, 0.099359, 0, 0, 217.114, 230.362, -1, 92.0513, 0.099359, 0, 0, 216.905, 230.276, -1, 90.5691, 0.117887, 0, 0, 216.905, 230.276, -1, 92.0513, 0.099359, 0, 0, 219.42, 231.305, -1, 92.0513, 0.099359, 0, 0, 220.055, 231.563, -1, 92.0513, 0.099359, 0, 0, 220.055, 231.563, -1, 92.0513, 0.099359, 0, 0, 220.055, 231.563, -1, 91.4266, 0.107167, 0, 0, 219.631, 231.39, -1, 92.0513, 0.099359, 0, 0, 219.631, 231.391, -1, 91.4441, 0.106949, 0, 0, 
2019 Aug 19 (Mon) 20:00, 219.454, 231.134, 0.0763651, 92.0513, 0.099359, 0.087862, 0, 221.288, 231.134, 0.076352, 92.0513, 0.099359, 0.0878555, 0, 220.515, 230.791, 0.0127039, 90.6624, 0.11672, 0.064712, 0, 219.842, 231.305, 0.106749, 91.2376, 0.10953, 0.108139, 0, 219.449, 231.133, 0.0759508, 90.1441, 0.123198, 0.0995745, 0, 219.253, 231.047, 0.0602573, 92.0513, 0.099359, 0.0798081, 0, 219.452, 230.362, -1, 92.0513, 0.099359, 0, 0, 219.452, 230.362, -1, 92.0513, 0.099359, 0, 0, 219.549, 230.362, -1, 92.0513, 0.099359, 0, 0, 217.505, 230.276, -1, 90.5691, 0.117887, 0, 0, 217.505, 230.276, -1, 92.0513, 0.099359, 0, 0, 221.673, 231.305, 0.106737, 92.0513, 0.099359, 0.103048, 0, 216.9, 231.563, 0.151524, 92.0513, 0.099359, 0.125441, 1, 222.259, 231.563, 0.151506, 92.0513, 0.099359, 0.125432, 0, 220.432, 231.563, 0.151524, 91.4266, 0.107167, 0.129345, 0, 221.854, 231.39, 0.121785, 92.0513, 0.099359, 0.110572, 0, 220.038, 231.391, 0.121805, 91.4441, 0.106949, 0.114377, 0, 
2019 Aug 19 (Mon) 20:30, 212.965, 231.134, 0.110719, 92.0513, 0.099359, 0.105039, 0, 213.129, 231.134, 0.250356, 92.0513, 0.099359, 0.174857, 0, 212.513, 230.791, 0.196614, 90.6624, 0.11672, 0.156667, 0, 213.726, 231.305, 0.138426, 91.2376, 0.10953, 0.123978, 0, 213.272, 231.133, 0.110329, 90.1441, 0.123198, 0.116763, 0, 213.045, 231.047, 0.0960122, 92.0513, 0.099359, 0.0976856, 0, 203.551, 230.362, 0.117431, 92.0513, 0.099359, 0.108395, 1, 206.863, 230.362, 0.117431, 92.0513, 0.099359, 0.108395, 0, 211.982, 230.362, 0.125344, 92.0513, 0.099359, 0.112351, 0, 210.775, 230.276, -1, 90.5691, 0.117887, 0, 0, 210.775, 230.276, -1, 92.0513, 0.099359, 0, 0, 209.262, 231.305, 0.276083, 92.0513, 0.099359, 0.187721, 1, 210.635, 231.563, -1, 97.7543, 0.0280717, 0, 0, 212.338, 231.563, 0.314056, 92.0513, 0.099359, 0.206707, 0, 214.063, 231.563, 0.179277, 91.4266, 0.107167, 0.143222, 0, 207.876, 231.39, 0.287844, 92.0513, 0.099359, 0.193601, 1, 213.603, 231.391, 0.15216, 91.4441, 0.106949, 0.129554, 0, 
2019 Aug 19 (Mon) 21:00, 218.172, 231.134, -1, 92.0513, 0.099359, 0, 0, 216.576, 231.134, -1, 92.0513, 0.099359, 0, 0, 216.017, 230.791, -1, 90.6624, 0.11672, 0, 0, 218.898, 231.305, -1, 91.2376, 0.10953, 0, 0, 218.473, 231.133, -1, 90.1441, 0.123198, 0, 0, 218.261, 231.047, -1, 92.0513, 0.099359, 0, 0, 207.001, 230.362, -1, 97.7543, 0.0280717, 0, 0, 210.371, 230.362, -1, 92.0513, 0.099359, 0, 0, 215.563, 230.362, -1, 92.0513, 0.099359, 0, 0, 216.147, 230.276, -1, 90.5691, 0.117887, 0, 0, 216.147, 230.276, -1, 92.0513, 0.099359, 0, 0, 212.611, 231.305, -1, 97.7543, 0.0280717, 0, 0, 219.19, 231.563, -1, 100, 0, 0, 0, 215.625, 231.563, -1, 92.0513, 0.099359, 0, 0, 219.19, 231.563, -1, 91.4266, 0.107167, 0, 0, 211.138, 231.39, -1, 97.7543, 0.0280717, 0, 0, 218.768, 231.391, -1, 91.4441, 0.106949, 0, 0, 
2019 Aug 19 (Mon) 21:30, 218.734, 231.134, 0.0131029, 92.0513, 0.099359, 0.0562309, 0, 218.734, 231.134, -1, 92.0513, 0.099359, 0, 0, 217.931, 230.791, -1, 90.6624, 0.11672, 0, 0, 219.133, 231.305, 0.0675117, 91.2376, 0.10953, 0.0885207, 0, 218.729, 231.133, 0.0360249, 90.1441, 0.123198, 0.0796116, 0, 218.527, 231.047, 0.0199795, 92.0513, 0.099359, 0.0596692, 0, 216.928, 230.362, -1, 100, 0, 0, 0, 216.928, 230.362, -1, 92.0513, 0.099359, 0, 0, 216.928, 230.362, -1, 92.0513, 0.099359, 0, 0, 216.728, 230.276, -1, 90.5691, 0.117887, 0, 0, 216.728, 230.276, -1, 92.0513, 0.099359, 0, 0, 219.133, 231.305, -1, 100, 0, 0, 0, 219.74, 231.563, 0.0877641, 100, 0, 0.0438821, 0, 219.74, 231.563, -1, 92.0513, 0.099359, 0, 0, 219.74, 231.563, 0.0877641, 91.4266, 0.107167, 0.0974656, 0, 219.335, 231.39, -1, 100, 0, 0, 0, 219.335, 231.391, 0.0573563, 91.4441, 0.106949, 0.0821526, 0, 
2019 Aug 19 (Mon) 22:00, 218.955, 231.134, 0.0559193, 92.0513, 0.099359, 0.0776391, 0, 220.703, 231.134, 0.0559068, 92.0513, 0.099359, 0.0776329, 0, 219.977, 230.791, -1, 90.6624, 0.11672, 0, 0, 218.671, 231.305, 0.085188, 91.2376, 0.10953, 0.0973589, 0, 214.169, 231.133, 0.0555234, 90.1441, 0.123198, 0.0893608, 1, 217.48, 231.047, 0.0404058, 92.0513, 0.099359, 0.0698824, 0, 218.98, 230.362, -1, 100, 0, 0, 0, 218.98, 230.362, -1, 92.0513, 0.099359, 0, 0, 219.071, 230.362, -1, 92.0513, 0.099359, 0, 0, 217.134, 230.276, -1, 90.5691, 0.117887, 0, 0, 217.134, 230.276, -1, 92.0513, 0.099359, 0, 0, 221.058, 231.305, 0.0851759, 100, 0, 0.042588, 0, 219.867, 231.563, 0.128311, 100, 0, 0.0641555, 0, 221.58, 231.563, 0.128293, 92.0513, 0.099359, 0.113826, 0, 219.867, 231.563, 0.128311, 91.4266, 0.107167, 0.117739, 0, 221.206, 231.39, 0.09967, 100, 0, 0.049835, 0, 219.5, 231.391, 0.0996902, 91.4441, 0.106949, 0.10332, 0, 
2019 Aug 19 (Mon) 22:30, 220.248, 231.134, 0.0726845, 92.0513, 0.099359, 0.0860217, 0, 219.379, 231.134, 0.205824, 92.0513, 0.099359, 0.152592, 0, 218.062, 230.791, 0.154598, 90.6624, 0.11672, 0.135659, 0, 219.643, 231.305, 0.0504547, 91.2376, 0.10953, 0.0799922, 0, 215.149, 231.133, -1, 95.8739, 0.0515762, 0, 0, 218.49, 231.047, -1, 92.0513, 0.099359, 0, 0, 218.452, 230.362, 0.0792753, 100, 0, 0.0396376, 0, 218.452, 230.362, 0.0792753, 92.0513, 0.099359, 0.0893171, 0, 212.475, 230.362, 0.0866502, 92.0513, 0.099359, 0.0930046, 1, 219.467, 230.276, -1, 90.5691, 0.117887, 0, 0, 219.467, 230.276, -1, 92.0513, 0.099359, 0, 0, 220.332, 231.305, 0.229873, 100, 0, 0.114936, 0, 220.8, 231.563, 0.137685, 100, 0, 0.0688426, 0, 217.324, 231.563, 0.263996, 92.0513, 0.099359, 0.181678, 1, 220.8, 231.563, 0.137685, 91.4266, 0.107167, 0.122426, 0, 220.517, 231.39, 0.239396, 100, 0, 0.119698, 0, 220.461, 231.391, 0.111987, 91.4441, 0.106949, 0.109468, 0, 
2019 Aug 19 (Mon) 23:00, 221.986, 231.134, 0.171189, 92.0513, 0.099359, 0.135274, 0, 221.083, 231.134, 0.104998, 92.0513, 0.099359, 0.102179, 0, 219.829, 230.791, 0.00485905, 90.6624, 0.11672, 0.0607896, 0, 221.991, 231.305, 0.123485, 91.2376, 0.10953, 0.116507, 0, 221.688, 231.133, -1, 100, 0, 0, 0, 221.536, 231.047, 0.0375867, 92.0513, 0.099359, 0.0684729, 0, 220.322, 230.362, 0.0365649, 100, 0, 0.0182824, 0, 220.322, 230.362, 0.0365649, 92.0513, 0.099359, 0.0679619, 0, 214.284, 230.362, -1, 97.7543, 0.0280717, 0, 0, 221.389, 230.276, 0.119463, 90.5691, 0.117887, 0.118675, 0, 221.389, 230.276, 0.119463, 92.0513, 0.099359, 0.109411, 0, 222.023, 231.305, 0.175242, 100, 0, 0.0876209, 0, 222.446, 231.563, 0.206415, 100, 0, 0.103207, 0, 218.953, 231.563, -1, 97.7543, 0.0280717, 0, 0, 218.879, 231.563, 0.206415, 91.4266, 0.107167, 0.156791, 1, 222.205, 231.39, 0.187977, 100, 0, 0.0939883, 0, 222.143, 231.391, 0.183772, 91.4441, 0.106949, 0.14536, 0, 
2019 Aug 19 (Mon) 23:30, 222.353, 231.134, 0.303504, 92.0513, 0.099359, 0.201432, 0, 224.016, 231.134, 0.234773, 92.0513, 0.099359, 0.167066, 0, 223.451, 230.791, 0.142998, 90.6624, 0.11672, 0.129859, 0, 222.635, 231.305, 0.299981, 91.2376, 0.10953, 0.204755, 0, 222.35, 231.133, 0.280808, 100, 0, 0.140404, 0, 222.207, 231.047, 0.271035, 92.0513, 0.099359, 0.185197, 0, 222.677, 230.362, 0.187864, 100, 0, 0.0939321, 0, 222.677, 230.362, 0.187864, 92.0513, 0.099359, 0.143612, 0, 222.745, 230.362, -1, 100, 0, 0, 0, 220.933, 230.276, 0.276085, 90.5691, 0.117887, 0.196986, 0, 220.933, 230.276, 0.276085, 92.0513, 0.099359, 0.187722, 0, 224.298, 231.305, 0.302347, 100, 0, 0.151174, 0, 223.064, 231.563, 0.327843, 100, 0, 0.163922, 0, 224.726, 231.563, 0.0702384, 100, 0, 0.0351192, 0, 219.485, 231.563, 0.0648309, 97.1385, 0.0357691, 0.0503, 0, 224.431, 231.39, 0.314024, 100, 0, 0.157012, 0, 222.778, 231.391, 0.309367, 91.4441, 0.106949, 0.208158, 0, 
2019 Aug 20 (Tue) 0:00, 227.873, 231.134, 0.331404, 92.0513, 0.099359, 0.215382, 0, 227.873, 231.134, 0.458097, 92.0513, 0.099359, 0.278728, 0, 227.406, 230.791, 0.426182, 90.6624, 0.11672, 0.271451, 0, 228.106, 231.305, 0.348382, 91.2376, 0.10953, 0.228956, 0, 227.872, 231.133, 0.331204, 100, 0, 0.165602, 0, 227.755, 231.047, 0.322448, 92.0513, 0.099359, 0.210904, 0, 226.823, 230.362, 0.37836, 100, 0, 0.18918, 0, 226.823, 230.362, 0.37836, 92.0513, 0.099359, 0.238859, 0, 226.823, 230.362, 0.38383, 100, 0, 0.191915, 0, 226.707, 230.276, 0.238907, 90.5691, 0.117887, 0.178397, 0, 226.707, 230.276, 0.238907, 92.0513, 0.099359, 0.169133, 0, 228.106, 231.305, 0.473382, 100, 0, 0.236691, 0, 228.458, 231.563, 0.373351, 100, 0, 0.186676, 0, 228.457, 231.563, 0.495909, 100, 0, 0.247954, 0, 228.458, 231.563, 0.109524, 100, 0, 0.0547622, 0, 228.223, 231.39, 0.480259, 100, 0, 0.240129, 0, 228.223, 231.391, 0.356783, 91.4441, 0.106949, 0.231866, 0, 
