00.00.18.08.2019,954.995,136.079
00.01.18.08.2019,910.761,129.776
00.02.18.08.2019,743.404,150.955
00.03.18.08.2019,702.115,142.571
00.04.18.08.2019,684.589,139.012
00.05.18.08.2019,659.739,133.966
00.06.18.08.2019,603.551,122.556
00.07.18.08.2019,530.726,107.769
00.08.18.08.2019,507.26,103.004
00.09.18.08.2019,540.528,77.0211
00.10.18.08.2019,579.9,117.754
00.11.18.08.2019,627.828,89.4606
00.12.18.08.2019,631.679,90.0093
00.13.18.08.2019,567.652,115.267
00.14.18.08.2019,581.337,118.045
00.15.18.08.2019,578.103,117.389
00.16.18.08.2019,716.549,102.103
00.17.18.08.2019,854.178,121.714
00.18.18.08.2019,842.467,120.045
00.19.18.08.2019,832.91,118.683
00.20.18.08.2019,744.347,106.064
00.21.18.08.2019,594.155,120.648
00.22.18.08.2019,586.534,119.101
00.23.18.08.2019,546.749,111.022
00.24.18.08.2019,637.15,90.789
00.25.18.08.2019,583.238,118.432
00.26.18.08.2019,545.381,110.744
00.27.18.08.2019,543.685,110.4
00.28.18.08.2019,599.536,121.741
00.29.18.08.2019,626.786,127.274
00.30.18.08.2019,525.681,131.748
00.31.18.08.2019,496.475,124.428
00.32.18.08.2019,483.41,121.154
00.33.18.08.2019,495.123,100.539
00.34.18.08.2019,555.015,112.701
00.35.18.08.2019,751.818,107.128
00.36.18.08.2019,816.36,116.325
00.37.18.08.2019,774.518,110.363
00.38.18.08.2019,706.897,100.727
00.39.18.08.2019,670.36,136.122
00.40.18.08.2019,735.043,104.738
00.41.18.08.2019,747.147,151.715
00.42.18.08.2019,715.989,145.388
00.43.18.08.2019,634.176,128.775
00.44.18.08.2019,550.384,111.76
00.45.18.08.2019,516.872,129.54
00.46.18.08.2019,530.058,132.845
00.47.18.08.2019,495.539,144.532
00.48.18.08.2019,398.474,116.222
00.49.18.08.2019,405.888,101.725
00.50.18.08.2019,401.752,117.178
00.51.18.08.2019,411.063,103.022
00.52.18.08.2019,563.047,80.2298
00.53.18.08.2019,605.39,122.93
00.54.18.08.2019,658.057,93.7681
00.55.18.08.2019,575.661,116.893
00.56.18.08.2019,504.574,102.458
00.57.18.08.2019,438.596,89.0608
00.58.18.08.2019,448.147,63.8574
00.59.18.08.2019,536.85,76.497
01.00.18.08.2019,523.613,74.6108
01.01.18.08.2019,508.363,103.227
01.02.18.08.2019,480.054,120.313
01.03.18.08.2019,413.916,84.0492
01.04.18.08.2019,393.134,98.5285
01.05.18.08.2019,360.372,90.3178
01.06.18.08.2019,455.069,92.4058
01.07.18.08.2019,514.342,104.442
01.08.18.08.2019,547.973,78.0819
01.09.18.08.2019,530.939,107.812
01.10.18.08.2019,474.706,96.3931
01.11.18.08.2019,593.423,120.5
01.12.18.08.2019,578.185,117.405
01.13.18.08.2019,587.893,119.377
01.14.18.08.2019,636.976,129.343
01.15.18.08.2019,521.475,130.694
01.16.18.08.2019,487.352,98.961
01.17.18.08.2019,482.596,97.9953
01.18.18.08.2019,365.191,91.5256
01.19.18.08.2019,363.619,91.1315
01.20.18.08.2019,355.423,89.0774
01.21.18.08.2019,414.079,103.778
01.22.18.08.2019,500.908,101.714
01.23.18.08.2019,540.524,109.758
01.24.18.08.2019,532.102,108.048
01.25.18.08.2019,573.224,116.398
01.26.18.08.2019,579.699,117.713
01.27.18.08.2019,565.116,114.752
01.28.18.08.2019,555.555,79.1622
01.29.18.08.2019,579.699,117.713
01.30.18.08.2019,567.944,115.326
01.31.18.08.2019,625.596,89.1425
01.32.18.08.2019,632.547,128.444
01.33.18.08.2019,546.53,110.978
01.34.18.08.2019,527.104,107.033
01.35.18.08.2019,579.468,82.5697
01.36.18.08.2019,602.916,122.427
01.37.18.08.2019,588.411,119.482
01.38.18.08.2019,573.913,116.538
01.39.18.08.2019,533.885,133.804
01.40.18.08.2019,427.779,107.212
01.41.18.08.2019,395.129,99.0286
01.42.18.08.2019,382.268,95.8054
01.43.18.08.2019,418.762,104.952
01.44.18.08.2019,518.946,105.376
01.45.18.08.2019,527.942,107.203
01.46.18.08.2019,530.256,75.5574
01.47.18.08.2019,632.602,90.1409
01.48.18.08.2019,513.309,104.232
01.49.18.08.2019,451.045,91.5886
01.50.18.08.2019,446.075,90.5793
01.51.18.08.2019,375.055,93.9977
01.52.18.08.2019,406.739,82.592
01.53.18.08.2019,465.18,94.4589
01.54.18.08.2019,450.335,91.4444
01.55.18.08.2019,432.163,87.7544
01.56.18.08.2019,391.194,114.098
01.57.18.08.2019,378.98,94.9813
01.58.18.08.2019,441.73,89.697
01.59.18.08.2019,430.373,87.391
02.00.18.08.2019,457.51,92.9013
02.01.18.08.2019,540.805,109.815
02.02.18.08.2019,539.497,109.55
02.03.18.08.2019,529.624,107.545
02.04.18.08.2019,500.037,101.537
02.05.18.08.2019,526.358,106.882
02.06.18.08.2019,453.604,113.684
02.07.18.08.2019,427.403,107.117
02.08.18.08.2019,443.669,111.194
02.09.18.08.2019,428.847,107.479
02.10.18.08.2019,425.248,86.3502
02.11.18.08.2019,469.918,95.421
02.12.18.08.2019,516.644,73.6178
02.13.18.08.2019,491.653,99.8344
02.14.18.08.2019,481.678,97.8089
02.15.18.08.2019,486.496,69.3219
02.16.18.08.2019,516.119,104.802
02.17.18.08.2019,517.661,105.115
02.18.18.08.2019,466.646,116.953
02.19.18.08.2019,434.156,108.81
02.20.18.08.2019,435.127,88.3562
02.21.18.08.2019,371.285,108.291
02.22.18.08.2019,322.758,94.1376
02.23.18.08.2019,316.393,92.2813
02.24.18.08.2019,298.852,98.228
02.25.18.08.2019,399.49,81.1198
02.26.18.08.2019,411.869,103.224
02.27.18.08.2019,419.963,105.253
02.28.18.08.2019,445.89,111.751
02.29.18.08.2019,415.874,136.691
02.30.18.08.2019,351.598,115.565
02.31.18.08.2019,433.018,126.297
02.32.18.08.2019,436.167,127.215
02.33.18.08.2019,420.476,138.204
02.34.18.08.2019,480.092,120.322
02.35.18.08.2019,498.348,124.898
02.36.18.08.2019,506.551,126.954
02.37.18.08.2019,433.788,142.579
02.38.18.08.2019,390.576,128.376
02.39.18.08.2019,377.995,124.241
02.40.18.08.2019,379.582,124.763
02.41.18.08.2019,485.44,141.587
02.42.18.08.2019,494.237,144.153
02.43.18.08.2019,512.645,128.481
02.44.18.08.2019,506.005,126.817
02.45.18.08.2019,410.188,119.638
02.46.18.08.2019,398.793,116.315
02.47.18.08.2019,386.846,96.9528
02.48.18.08.2019,382.623,77.6948
02.49.18.08.2019,452.031,91.7888
02.50.18.08.2019,455.379,92.4687
02.51.18.08.2019,374.826,76.1117
02.52.18.08.2019,368.529,74.833
02.53.18.08.2019,337.948,111.078
02.54.18.08.2019,258.705,75.4557
02.55.18.08.2019,286.079,83.4398
02.56.18.08.2019,297.042,86.6372
02.57.18.08.2019,288.721,84.2104
02.58.18.08.2019,321.041,65.1902
02.59.18.08.2019,383.889,77.9519
03.00.18.08.2019,412.988,58.8476
03.01.18.08.2019,436.969,88.7304
03.02.18.08.2019,430.807,107.97
03.03.18.08.2019,349.011,87.4704
03.04.18.08.2019,347.602,87.1174
03.05.18.08.2019,346.081,86.7362
03.06.18.08.2019,354.526,71.9895
03.07.18.08.2019,450.451,91.4679
03.08.18.08.2019,448.637,91.0997
03.09.18.08.2019,468.054,66.694
03.10.18.08.2019,458.518,93.1061
03.11.18.08.2019,465.336,94.4905
03.12.18.08.2019,475.257,96.505
03.13.18.08.2019,475.257,96.505
03.14.18.08.2019,462.044,93.822
03.15.18.08.2019,382.345,95.8246
03.16.18.08.2019,372.395,93.331
03.17.18.08.2019,382.299,95.8131
03.18.18.08.2019,395.413,99.0999
03.19.18.08.2019,395.334,99.0801
03.20.18.08.2019,390.912,79.3782
03.21.18.08.2019,382.699,77.7103
03.22.18.08.2019,388.077,78.8024
03.23.18.08.2019,455.343,92.4613
03.24.18.08.2019,407.33,82.7118
03.25.18.08.2019,385.854,78.3511
03.26.18.08.2019,363.968,91.219
03.27.18.08.2019,299.992,75.1851
03.28.18.08.2019,303.479,88.5147
03.29.18.08.2019,324.632,81.3605
03.30.18.08.2019,328.346,66.6735
03.31.18.08.2019,407.9,82.8275
03.32.18.08.2019,432.708,87.8651
03.33.18.08.2019,431.038,87.5259
03.34.18.08.2019,474.191,96.2886
03.35.18.08.2019,472.779,118.49
03.36.18.08.2019,364.798,91.4269
03.37.18.08.2019,369.706,92.657
03.38.18.08.2019,369.662,92.6459
03.39.18.08.2019,376.053,94.2477
03.40.18.08.2019,391.147,79.4258
03.41.18.08.2019,479.099,97.2851
03.42.18.08.2019,472.627,95.9709
03.43.18.08.2019,474.191,96.2886
03.44.18.08.2019,479.099,97.2851
03.45.18.08.2019,463.863,94.1915
03.46.18.08.2019,473.68,96.1847
03.47.18.08.2019,467.244,117.102
03.48.18.08.2019,592.234,84.3887
03.49.18.08.2019,620.307,88.389
03.50.18.08.2019,610.63,87.0101
03.51.18.08.2019,619.375,88.2561
03.52.18.08.2019,627.643,127.448
03.53.18.08.2019,623.85,88.8938
03.54.18.08.2019,677.559,96.547
03.55.18.08.2019,722.635,102.97
03.56.18.08.2019,717.508,102.239
03.57.18.08.2019,714.064,101.749
03.58.18.08.2019,529.651,132.743
03.59.18.08.2019,361.433,118.797
04.00.18.08.2019,313.498,103.042
04.01.18.08.2019,323.338,94.307
04.02.18.08.2019,334.859,97.6672
04.03.18.08.2019,334.765,97.6399
04.04.18.08.2019,364.594,91.3758
04.05.18.08.2019,436.154,88.5648
04.06.18.08.2019,422.86,85.8653
04.07.18.08.2019,426.047,86.5126
04.08.18.08.2019,459.417,93.2886
04.09.18.08.2019,410.577,102.9
04.10.18.08.2019,374.836,93.9427
04.11.18.08.2019,376.383,94.3304
04.12.18.08.2019,365.016,91.4816
04.13.18.08.2019,451.693,91.7203
04.14.18.08.2019,496.523,100.823
04.15.18.08.2019,516.38,104.856
04.16.18.08.2019,528.337,107.283
04.17.18.08.2019,495.154,124.097
04.18.18.08.2019,404.898,101.477
04.19.18.08.2019,389.224,79.0352
04.20.18.08.2019,380.263,77.2157
04.21.18.08.2019,396.756,80.5648
04.22.18.08.2019,501.19,71.4157
04.23.18.08.2019,476.119,67.8433
04.24.18.08.2019,431.296,87.5783
04.25.18.08.2019,383.341,77.8408
04.26.18.08.2019,380.036,77.1695
04.27.18.08.2019,379.324,95.0675
04.28.18.08.2019,416.281,84.5294
04.29.18.08.2019,444.152,90.1889
04.30.18.08.2019,431.244,87.5678
04.31.18.08.2019,441.181,89.5855
04.32.18.08.2019,398.958,99.9884
04.33.18.08.2019,328.172,95.7168
04.34.18.08.2019,347.596,101.382
04.35.18.08.2019,333.008,97.1272
04.36.18.08.2019,346.678,70.3959
04.37.18.08.2019,489.063,69.6878
04.38.18.08.2019,512.285,104.024
04.39.18.08.2019,515.516,104.68
04.40.18.08.2019,507.017,102.954
04.41.18.08.2019,524.818,106.569
04.42.18.08.2019,531.364,107.898
04.43.18.08.2019,490.242,122.866
04.44.18.08.2019,437.774,109.716
04.45.18.08.2019,422.863,105.979
04.46.18.08.2019,426.043,106.776
04.47.18.08.2019,413.24,103.568
04.48.18.08.2019,441.381,128.736
04.49.18.08.2019,437.599,109.673
04.50.18.08.2019,530.865,133.047
04.51.18.08.2019,522.933,106.186
04.52.18.08.2019,512.85,128.532
04.53.18.08.2019,444.237,111.336
04.54.18.08.2019,442.407,110.878
04.55.18.08.2019,370.835,121.888
04.56.18.08.2019,362.917,119.285
04.57.18.08.2019,364.815,106.404
04.58.18.08.2019,364.815,106.404
04.59.18.08.2019,319.748,93.2598
05.00.18.08.2019,372.743,75.6886
05.01.18.08.2019,446.586,63.635
05.02.18.08.2019,511.331,72.8608
05.03.18.08.2019,504.372,102.417
05.04.18.08.2019,499.577,101.443
05.05.18.08.2019,463.048,94.0259
05.06.18.08.2019,387.039,78.5916
05.07.18.08.2019,390.178,79.2291
05.08.18.08.2019,403.431,81.9203
05.09.18.08.2019,416.683,84.6111
05.10.18.08.2019,455.931,64.9667
05.11.18.08.2019,529.283,75.4187
05.12.18.08.2019,512.585,73.0394
05.13.18.08.2019,491.307,70.0074
05.14.18.08.2019,469.953,66.9646
05.15.18.08.2019,479.876,68.3786
05.16.18.08.2019,455.415,92.476
05.17.18.08.2019,390.647,79.3242
05.18.18.08.2019,361.96,90.7157
05.19.18.08.2019,364.088,73.9311
05.20.18.08.2019,395.585,80.327
05.21.18.08.2019,410.318,83.3187
05.22.18.08.2019,415.084,84.2865
05.23.18.08.2019,452.903,91.9659
05.24.18.08.2019,438.07,88.9539
05.25.18.08.2019,448.099,90.9904
05.26.18.08.2019,406.808,82.606
05.27.18.08.2019,325.611,81.6058
05.28.18.08.2019,323.828,81.1589
05.29.18.08.2019,312.603,78.3456
05.30.18.08.2019,333.805,67.782
05.31.18.08.2019,445.681,90.4993
05.32.18.08.2019,491.831,70.0822
05.33.18.08.2019,524.947,106.595
05.34.18.08.2019,560.864,113.888
05.35.18.08.2019,574.418,81.8502
05.36.18.08.2019,562.875,114.297
05.37.18.08.2019,535.115,108.66
05.38.18.08.2019,464.435,116.398
05.39.18.08.2019,454.469,92.2838
05.40.18.08.2019,449.795,112.729
05.41.18.08.2019,461.207,115.589
05.42.18.08.2019,464.063,116.305
05.43.18.08.2019,468.884,117.513
05.44.18.08.2019,467.178,117.086
05.45.18.08.2019,468.827,117.499
05.46.18.08.2019,467.365,117.133
05.47.18.08.2019,532.44,75.8686
05.48.18.08.2019,551.211,78.5433
05.49.18.08.2019,542.483,77.2996
05.50.18.08.2019,544.944,110.656
05.51.18.08.2019,448.987,63.9772
05.52.18.08.2019,431.049,87.5282
05.53.18.08.2019,498.497,101.224
05.54.18.08.2019,434.047,88.137
05.55.18.08.2019,414.22,84.111
05.56.18.08.2019,424.499,86.1982
05.57.18.08.2019,440.767,89.5015
05.58.18.08.2019,429.282,87.1693
05.59.18.08.2019,437.368,88.8114
06.00.18.08.2019,448.758,91.1242
06.01.18.08.2019,440.537,89.4548
06.02.18.08.2019,353.152,71.7105
06.03.18.08.2019,371.298,75.3952
06.04.18.08.2019,417.025,84.6805
06.05.18.08.2019,423.614,86.0185
06.06.18.08.2019,428.266,86.9631
06.07.18.08.2019,545.582,77.7412
06.08.18.08.2019,669.935,95.4606
06.09.18.08.2019,711.192,101.339
06.10.18.08.2019,757.081,107.878
06.11.18.08.2019,757.081,107.878
06.12.18.08.2019,721.659,146.539
06.13.18.08.2019,546.68,111.008
06.14.18.08.2019,551.968,112.082
06.15.18.08.2019,552.368,112.163
06.16.18.08.2019,557.463,113.198
06.17.18.08.2019,581.58,82.8706
06.18.18.08.2019,682.689,97.278
06.19.18.08.2019,695.499,99.1032
06.20.18.08.2019,690.501,98.3911
06.21.18.08.2019,691.86,98.5847
06.22.18.08.2019,638.586,90.9936
06.23.18.08.2019,583.87,83.197
06.24.18.08.2019,498.731,71.0653
06.25.18.08.2019,439.597,89.2639
06.26.18.08.2019,434.892,61.9688
06.27.18.08.2019,381.082,77.3819
06.28.18.08.2019,452.908,91.9668
06.29.18.08.2019,459.531,93.3117
06.30.18.08.2019,388.817,97.4467
06.31.18.08.2019,403.664,101.168
06.32.18.08.2019,416.675,104.429
06.33.18.08.2019,574.025,116.561
06.34.18.08.2019,611.954,124.263
06.35.18.08.2019,569.416,142.709
06.36.18.08.2019,554.196,138.895
06.37.18.08.2019,597.213,174.187
06.38.18.08.2019,610.499,178.062
06.39.18.08.2019,601.978,150.87
06.40.18.08.2019,616.886,179.925
06.41.18.08.2019,696.178,141.365
06.42.18.08.2019,707.13,143.589
06.43.18.08.2019,705.034,143.163
06.44.18.08.2019,751.685,152.636
06.45.18.08.2019,808.02,164.076
06.46.18.08.2019,894.872,127.512
06.47.18.08.2019,902.914,128.658
06.48.18.08.2019,833.725,169.295
06.49.18.08.2019,765.655,155.473
06.50.18.08.2019,740.481,150.361
06.51.18.08.2019,702.133,142.574
06.52.18.08.2019,639.107,91.0679
06.53.18.08.2019,717.69,102.265
06.54.18.08.2019,693.549,140.831
06.55.18.08.2019,666.415,135.321
06.56.18.08.2019,541.481,135.708
06.57.18.08.2019,563.881,114.501
06.58.18.08.2019,609.921,123.85
06.59.18.08.2019,574.746,167.634
07.00.18.08.2019,490.498,143.062
07.01.18.08.2019,468.928,154.129
07.02.18.08.2019,618.459,88.1256
07.03.18.08.2019,614.989,154.131
07.04.18.08.2019,595.508,149.248
07.05.18.08.2019,601.357,150.714
07.06.18.08.2019,596.677,149.541
07.07.18.08.2019,593.442,148.73
07.08.18.08.2019,595.292,120.879
07.09.18.08.2019,677.153,96.4891
07.10.18.08.2019,654.486,93.2592
07.11.18.08.2019,785.1,111.871
07.12.18.08.2019,684.554,97.5437
07.13.18.08.2019,630.659,128.061
07.14.18.08.2019,617.474,125.383
07.15.18.08.2019,485.527,98.5904
07.16.18.08.2019,483.737,98.2269
07.17.18.08.2019,526.568,106.924
07.18.18.08.2019,584.22,118.631
07.19.18.08.2019,609.068,123.677
07.20.18.08.2019,509.889,127.79
07.21.18.08.2019,404.223,82.081
07.22.18.08.2019,365.454,91.5915
07.23.18.08.2019,405.969,101.745
07.24.18.08.2019,343.742,86.1499
07.25.18.08.2019,425.043,86.3087
07.26.18.08.2019,441.686,89.6881
07.27.18.08.2019,431.809,87.6826
07.28.18.08.2019,363.069,105.895
07.29.18.08.2019,354.631,103.434
07.30.18.08.2019,343.373,100.15
07.31.18.08.2019,288.237,84.069
07.32.18.08.2019,301.007,75.4395
07.33.18.08.2019,293.137,96.3495
07.34.18.08.2019,366.014,91.7319
07.35.18.08.2019,562.379,114.196
07.36.18.08.2019,529.579,107.536
07.37.18.08.2019,588.411,119.482
07.38.18.08.2019,504.201,102.382
07.39.18.08.2019,511.751,128.257
07.40.18.08.2019,422.489,123.226
07.41.18.08.2019,381.877,111.381
07.42.18.08.2019,371.518,108.359
07.43.18.08.2019,366.8,120.561
07.44.18.08.2019,394.591,115.089
07.45.18.08.2019,413.711,103.686
07.46.18.08.2019,420.369,105.354
07.47.18.08.2019,500.627,101.657
07.48.18.08.2019,462.677,134.947
07.49.18.08.2019,421.612,105.666
07.50.18.08.2019,405.043,101.513
07.51.18.08.2019,413.018,103.512
07.52.18.08.2019,412.819,103.462
07.53.18.08.2019,389.334,79.0577
07.54.18.08.2019,362.571,90.869
07.55.18.08.2019,400.835,81.3929
07.56.18.08.2019,422.711,105.941
07.57.18.08.2019,398.131,99.7812
07.58.18.08.2019,394.59,98.8937
07.59.18.08.2019,376.584,94.3808
08.00.18.08.2019,414.469,120.887
08.01.18.08.2019,425.432,124.084
08.02.18.08.2019,435.061,126.893
08.03.18.08.2019,431.681,125.907
08.04.18.08.2019,450.645,112.942
08.05.18.08.2019,440.454,110.388
08.06.18.08.2019,569.296,115.6
08.07.18.08.2019,571.488,81.4326
08.08.18.08.2019,571.488,81.4326
08.09.18.08.2019,619.297,88.245
08.10.18.08.2019,556.117,79.2424
08.11.18.08.2019,521.247,74.2737
08.12.18.08.2019,414.496,84.167
08.13.18.08.2019,421.612,105.666
08.14.18.08.2019,393.957,98.735
08.15.18.08.2019,424.006,106.266
08.16.18.08.2019,761.351,108.487
08.17.18.08.2019,748.621,106.673
08.18.18.08.2019,733.414,104.506
08.19.18.08.2019,668.918,95.3157
08.20.18.08.2019,602.843,85.9005
08.21.18.08.2019,608.937,86.7688
08.22.18.08.2019,626.752,89.3074
08.23.18.08.2019,707.782,100.853
08.24.18.08.2019,696.325,99.2209
08.25.18.08.2019,575.902,82.0616
08.26.18.08.2019,495.059,70.5421
08.27.18.08.2019,505.588,102.664
08.28.18.08.2019,597.593,85.1524
08.29.18.08.2019,595.678,84.8795
08.30.18.08.2019,508.708,72.487
08.31.18.08.2019,482.613,97.9988
08.32.18.08.2019,581.571,169.625
08.33.18.08.2019,488.625,99.2194
08.34.18.08.2019,513.826,104.337
08.35.18.08.2019,513.93,104.358
08.36.18.08.2019,505.215,126.619
08.37.18.08.2019,505.12,102.569
08.38.18.08.2019,498.547,124.948
08.39.18.08.2019,500.065,125.328
08.40.18.08.2019,497.087,124.582
08.41.18.08.2019,491.86,123.272
08.42.18.08.2019,571.038,115.954
08.43.18.08.2019,781.791,158.749
08.44.18.08.2019,747.58,187.361
08.45.18.08.2019,719.534,180.332
08.46.18.08.2019,635.01,159.148
08.47.18.08.2019,515.575,150.376
08.48.18.08.2019,519.109,130.101
08.49.18.08.2019,502.902,102.119
08.50.18.08.2019,482.649,120.963
08.51.18.08.2019,454.651,92.3207
08.52.18.08.2019,474.364,96.3236
08.53.18.08.2019,457.51,92.9013
08.54.18.08.2019,496.592,100.837
08.55.18.08.2019,449.885,112.752
08.56.18.08.2019,505.6,126.715
08.57.18.08.2019,514.948,129.058
08.58.18.08.2019,541.657,157.983
08.59.18.08.2019,565.263,141.668
09.00.18.08.2019,505.153,102.576
09.01.18.08.2019,527.047,132.09
09.02.18.08.2019,469.268,95.289
09.03.18.08.2019,462.675,93.9502
09.04.18.08.2019,544.667,110.599
09.05.18.08.2019,601.488,122.137
09.06.18.08.2019,628.641,127.651
09.07.18.08.2019,639.692,186.577
09.08.18.08.2019,522.229,152.317
09.09.18.08.2019,531.856,155.125
09.10.18.08.2019,563.145,141.138
09.11.18.08.2019,524.464,131.443
09.12.18.08.2019,569.896,142.829
09.13.18.08.2019,510.228,127.875
09.14.18.08.2019,501.543,125.698
09.15.18.08.2019,503.392,126.162
09.16.18.08.2019,491.97,99.8988
09.17.18.08.2019,595.533,120.928
09.18.18.08.2019,563.938,114.513
09.19.18.08.2019,536.896,109.021
09.20.18.08.2019,487.586,99.0086
09.21.18.08.2019,482.828,98.0424
09.22.18.08.2019,484.363,98.354
09.23.18.08.2019,493.791,100.269
09.24.18.08.2019,584.588,118.706
09.25.18.08.2019,658.971,133.81
09.26.18.08.2019,621.031,126.106
09.27.18.08.2019,574.394,116.636
09.28.18.08.2019,578.115,117.391
09.29.18.08.2019,624.604,156.541
09.30.18.08.2019,603.454,151.24
09.31.18.08.2019,810.619,164.603
09.32.18.08.2019,749.677,152.228
09.33.18.08.2019,664.919,166.644
09.34.18.08.2019,531.651,155.065
09.35.18.08.2019,539.576,195.84
09.36.18.08.2019,584.087,211.995
09.37.18.08.2019,476.667,173.007
09.38.18.08.2019,457.111,180.662
09.39.18.08.2019,439.868,144.578
09.40.18.08.2019,455.708,149.784
09.41.18.08.2019,478.021,203.636
09.42.18.08.2019,547.976,198.889
09.43.18.08.2019,631.681,229.27
09.44.18.08.2019,702.437,176.047
09.45.18.08.2019,826.48,167.824
09.46.18.08.2019,856.657,173.952
09.47.18.08.2019,930.757,132.626
09.48.18.08.2019,869.021,176.462
09.49.18.08.2019,865.877,175.824
09.50.18.08.2019,925.421,187.915
09.51.18.08.2019,985.861,140.478
09.52.18.08.2019,966.724,137.751
09.53.18.08.2019,1069.32,152.37
09.54.18.08.2019,1084.71,154.563
09.55.18.08.2019,1225.43,174.614
09.56.18.08.2019,1222.3,174.168
09.57.18.08.2019,1135.31,161.773
09.58.18.08.2019,1116.52,159.096
09.59.18.08.2019,1087.36,154.941
10.00.18.08.2019,1116.84,159.141
10.01.18.08.2019,1160.14,165.311
10.02.18.08.2019,1140.34,162.49
10.03.18.08.2019,1049.82,149.591
10.04.18.08.2019,1086.16,154.769
10.05.18.08.2019,1097.09,156.326
10.06.18.08.2019,1106.37,157.649
10.07.18.08.2019,1106.59,157.681
10.08.18.08.2019,1161.31,165.478
10.09.18.08.2019,1162.48,165.644
10.10.18.08.2019,1154.63,164.526
10.11.18.08.2019,1154.26,164.473
10.12.18.08.2019,1094.88,156.012
10.13.18.08.2019,1145.86,163.276
10.14.18.08.2019,1225.33,174.6
10.15.18.08.2019,1258.82,179.372
10.16.18.08.2019,1376.69,196.168
10.17.18.08.2019,1326.68,189.041
10.18.18.08.2019,1373.53,195.717
10.19.18.08.2019,1381.45,196.846
10.20.18.08.2019,1352.94,274.726
10.21.18.08.2019,1344.23,191.542
10.22.18.08.2019,1471.84,209.726
10.23.18.08.2019,1415.75,201.734
10.24.18.08.2019,1262.32,179.871
10.25.18.08.2019,1189.97,169.562
10.26.18.08.2019,1164.45,165.925
10.27.18.08.2019,1229.81,175.238
10.28.18.08.2019,1306.77,186.205
10.29.18.08.2019,1402.42,199.833
10.30.18.08.2019,1425.7,203.151
10.31.18.08.2019,1435.47,204.543
10.32.18.08.2019,1358.43,193.566
10.33.18.08.2019,1354.17,192.959
10.34.18.08.2019,1286.27,183.283
10.35.18.08.2019,1166.65,166.239
10.36.18.08.2019,1108.69,157.979
10.37.18.08.2019,1120.53,159.667
10.38.18.08.2019,1121.95,159.869
10.39.18.08.2019,1218.01,0
10.40.18.08.2019,1251.11,178.274
10.41.18.08.2019,1169.39,166.629
10.42.18.08.2019,1118.73,159.41
10.43.18.08.2019,1153.46,164.359
10.44.18.08.2019,1146.97,163.434
10.45.18.08.2019,1109.57,158.105
10.46.18.08.2019,1060.13,151.061
10.47.18.08.2019,1067.82,152.156
10.48.18.08.2019,1081.84,154.153
10.49.18.08.2019,1158.46,165.072
10.50.18.08.2019,1342.88,0
10.51.18.08.2019,1437.66,204.856
10.52.18.08.2019,1266.36,180.446
10.53.18.08.2019,1259.43,179.458
10.54.18.08.2019,1360.62,193.878
10.55.18.08.2019,1465.72,208.854
10.56.18.08.2019,1474.33,210.081
10.57.18.08.2019,1388.53,0
10.58.18.08.2019,1278.47,182.172
10.59.18.08.2019,1234.18,175.86
11.00.18.08.2019,1195.98,0
11.01.18.08.2019,1244.48,0
11.02.18.08.2019,1292.6,184.186
11.03.18.08.2019,1357.45,193.426
11.04.18.08.2019,1370.7,195.314
11.05.18.08.2019,1293.12,184.26
11.06.18.08.2019,1314.71,187.336
11.07.18.08.2019,1044.61,148.848
11.08.18.08.2019,1035.25,147.515
11.09.18.08.2019,1019.14,145.219
11.10.18.08.2019,1012.94,144.335
11.11.18.08.2019,1014.83,0
11.12.18.08.2019,1124.18,160.186
11.13.18.08.2019,976.18,139.098
11.14.18.08.2019,974.184,138.814
11.15.18.08.2019,1020.55,207.232
11.16.18.08.2019,999.449,202.947
11.17.18.08.2019,842.285,120.019
11.18.18.08.2019,790.615,160.541
11.19.18.08.2019,652.78,132.553
11.20.18.08.2019,605.196,122.89
11.21.18.08.2019,583.706,118.527
11.22.18.08.2019,540.849,109.824
11.23.18.08.2019,530.407,107.704
11.24.18.08.2019,511.27,72.852
11.25.18.08.2019,484.712,98.4249
11.26.18.08.2019,545.643,110.798
11.27.18.08.2019,540.524,109.758
11.28.18.08.2019,524.234,74.6994
11.29.18.08.2019,537.682,76.6156
11.30.18.08.2019,507.814,103.116
11.31.18.08.2019,473.206,96.0886
11.32.18.08.2019,548.643,111.407
11.33.18.08.2019,517.163,105.014
11.34.18.08.2019,599.608,121.756
11.35.18.08.2019,670.36,136.122
11.36.18.08.2019,712.507,178.571
11.37.18.08.2019,678.265,169.989
11.38.18.08.2019,692.95,173.67
11.39.18.08.2019,700.625,204.349
11.40.18.08.2019,635.753,185.428
11.41.18.08.2019,640.648,160.561
11.42.18.08.2019,689.531,172.813
11.43.18.08.2019,719.795,146.161
11.44.18.08.2019,690.007,140.112
11.45.18.08.2019,722.966,146.804
11.46.18.08.2019,656.295,164.483
11.47.18.08.2019,638.65,160.061
11.48.18.08.2019,632.217,128.377
11.49.18.08.2019,673.268,136.713
11.50.18.08.2019,612.641,124.402
11.51.18.08.2019,623.956,126.7
11.52.18.08.2019,626.142,156.926
11.53.18.08.2019,603.158,122.476
11.54.18.08.2019,781.509,158.692
11.55.18.08.2019,828.939,168.323
11.56.18.08.2019,736.718,184.639
11.57.18.08.2019,774.002,157.168
11.58.18.08.2019,822.881,206.233
11.59.18.08.2019,797.428,232.583
12.00.18.08.2019,737.073,184.728
12.01.18.08.2019,698.128,174.967
12.02.18.08.2019,672.053,196.015
12.03.18.08.2019,732.822,183.662
12.04.18.08.2019,879.173,220.342
12.05.18.08.2019,824.202,206.564
12.06.18.08.2019,806.381,202.098
12.07.18.08.2019,813.617,165.212
12.08.18.08.2019,808.818,164.238
12.09.18.08.2019,905.922,183.955
12.10.18.08.2019,914.91,130.368
12.11.18.08.2019,915.823,130.498
12.12.18.08.2019,899.475,225.43
12.13.18.08.2019,899.307,128.144
12.14.18.08.2019,862.685,175.176
12.15.18.08.2019,836.009,169.759
12.16.18.08.2019,751.362,246.961
12.17.18.08.2019,683.763,199.431
12.18.18.08.2019,684.527,171.559
12.19.18.08.2019,678.253,169.986
12.20.18.08.2019,593.323,148.701
12.21.18.08.2019,632.447,90.1188
12.22.18.08.2019,699.452,99.6665
12.23.18.08.2019,698.548,141.846
12.24.18.08.2019,688.433,139.792
12.25.18.08.2019,662.285,94.3705
12.26.18.08.2019,664.653,94.7079
12.27.18.08.2019,648.602,92.4208
12.28.18.08.2019,610.961,124.061
12.29.18.08.2019,720.66,102.688
12.30.18.08.2019,838.449,170.254
12.31.18.08.2019,907.961,184.369
12.32.18.08.2019,903.77,226.506
12.33.18.08.2019,961.069,195.153
12.34.18.08.2019,984.001,199.81
12.35.18.08.2019,977.734,198.537
12.36.18.08.2019,876.048,177.889
12.37.18.08.2019,853.625,121.635
12.38.18.08.2019,856.143,173.847
12.39.18.08.2019,827.569,168.045
12.40.18.08.2019,810.546,203.142
12.41.18.08.2019,854.134,214.066
12.42.18.08.2019,696.223,174.49
12.43.18.08.2019,748.506,218.314
12.44.18.08.2019,713.191,208.014
12.45.18.08.2019,712.824,178.65
12.46.18.08.2019,618.02,154.89
12.47.18.08.2019,590.545,148.005
12.48.18.08.2019,689.794,140.069
12.49.18.08.2019,826.628,167.854
12.50.18.08.2019,819.733,166.454
12.51.18.08.2019,782.115,158.815
12.52.18.08.2019,730.696,148.374
12.53.18.08.2019,730.163,148.266
12.54.18.08.2019,794.088,161.246
12.55.18.08.2019,872.871,177.244
12.56.18.08.2019,809.456,202.869
12.57.18.08.2019,676.51,197.316
12.58.18.08.2019,679.13,137.903
12.59.18.08.2019,863.136,216.322
13.00.18.08.2019,988.621,140.871
13.01.18.08.2019,1000.48,142.561
13.02.18.08.2019,1027.53,146.414
13.03.18.08.2019,1100.31,156.786
13.04.18.08.2019,1130.33,161.063
13.05.18.08.2019,1137.33,162.061
13.06.18.08.2019,1210.04,172.422
13.07.18.08.2019,1180.9,168.27
13.08.18.08.2019,1193.5,170.064
13.09.18.08.2019,1432.19,204.077
13.10.18.08.2019,1490.18,212.338
13.11.18.08.2019,1367.49,194.857
13.12.18.08.2019,1112.29,158.493
13.13.18.08.2019,1184.36,168.762
13.14.18.08.2019,1231.98,175.548
13.15.18.08.2019,1128.47,160.798
13.16.18.08.2019,1147.56,163.519
13.17.18.08.2019,1113.79,158.706
13.18.18.08.2019,1051.77,149.869
13.19.18.08.2019,1045.21,148.934
13.20.18.08.2019,1005.98,143.345
13.21.18.08.2019,1034.42,147.397
13.22.18.08.2019,877.176,178.118
13.23.18.08.2019,861.733,174.982
13.24.18.08.2019,897.396,182.224
13.25.18.08.2019,1006.1,143.362
13.26.18.08.2019,1074.96,218.28
13.27.18.08.2019,1071.12,217.5
13.28.18.08.2019,1049.42,213.094
13.29.18.08.2019,992.106,201.456
13.30.18.08.2019,1027.56,146.42
13.31.18.08.2019,1073.86,153.016
13.32.18.08.2019,974.581,197.897
13.33.18.08.2019,882.181,125.704
13.34.18.08.2019,742.801,186.163
13.35.18.08.2019,640.864,160.616
13.36.18.08.2019,643.114,161.18
13.37.18.08.2019,676.485,197.308
13.38.18.08.2019,681.93,170.908
13.39.18.08.2019,642.428,211.156
13.40.18.08.2019,607.778,199.767
13.41.18.08.2019,682.15,170.963
13.42.18.08.2019,821.642,205.923
13.43.18.08.2019,877.176,178.118
13.44.18.08.2019,819.529,239.029
13.45.18.08.2019,724.628,238.174
13.46.18.08.2019,721.915,180.929
13.47.18.08.2019,762.856,154.904
13.48.18.08.2019,809.867,202.972
13.49.18.08.2019,765.752,223.344
13.50.18.08.2019,687.552,200.536
13.51.18.08.2019,664.832,193.909
13.52.18.08.2019,769.133,192.763
13.53.18.08.2019,849.91,213.008
13.54.18.08.2019,887.062,180.126
13.55.18.08.2019,911.906,228.545
13.56.18.08.2019,908.698,227.741
13.57.18.08.2019,905.266,226.881
13.58.18.08.2019,916.65,267.356
13.59.18.08.2019,878.104,256.114
14.00.18.08.2019,891.097,223.33
14.01.18.08.2019,983.335,199.675
14.02.18.08.2019,943.037,236.347
14.03.18.08.2019,829.935,208.001
14.04.18.08.2019,841.288,170.831
14.05.18.08.2019,763.277,154.99
14.06.18.08.2019,663.11,193.407
14.07.18.08.2019,616.806,179.902
14.08.18.08.2019,614.518,154.013
14.09.18.08.2019,562.497,222.313
14.10.18.08.2019,507.337,184.139
14.11.18.08.2019,573.101,167.154
14.12.18.08.2019,573.493,167.269
14.13.18.08.2019,589.337,147.702
14.14.18.08.2019,603.618,151.281
14.15.18.08.2019,574.243,116.605
14.16.18.08.2019,514.033,104.379
14.17.18.08.2019,436.631,88.6618
14.18.18.08.2019,423.759,106.204
14.19.18.08.2019,431.257,141.747
14.20.18.08.2019,505.598,102.666
14.21.18.08.2019,534.237,133.892
14.22.18.08.2019,512.852,149.582
14.23.18.08.2019,528.112,107.238
14.24.18.08.2019,547.896,159.803
14.25.18.08.2019,553.648,138.757
14.26.18.08.2019,546.467,110.965
14.27.18.08.2019,595.821,120.987
14.28.18.08.2019,586.266,119.046
14.29.18.08.2019,576.4,117.043
14.30.18.08.2019,579.767,117.727
14.31.18.08.2019,579.883,117.75
14.32.18.08.2019,546.421,136.946
14.33.18.08.2019,535.927,108.825
14.34.18.08.2019,539.817,76.9198
14.35.18.08.2019,637.976,90.9067
14.36.18.08.2019,694.37,98.9424
14.37.18.08.2019,686.285,97.7903
14.38.18.08.2019,641.797,130.322
14.39.18.08.2019,607.192,123.296
14.40.18.08.2019,591.33,148.201
14.41.18.08.2019,608.998,152.629
14.42.18.08.2019,586.861,192.892
14.43.18.08.2019,626.677,182.781
14.44.18.08.2019,595.821,173.781
14.45.18.08.2019,535.585,176.038
14.46.18.08.2019,516.47,169.756
14.47.18.08.2019,510.006,167.631
14.48.18.08.2019,511.481,168.116
14.49.18.08.2019,492.576,143.668
14.50.18.08.2019,474.228,187.427
14.51.18.08.2019,450.847,148.186
14.52.18.08.2019,473.299,138.046
14.53.18.08.2019,527.301,132.154
14.54.18.08.2019,535.327,175.953
14.55.18.08.2019,600.297,150.449
14.56.18.08.2019,614.816,154.087
14.57.18.08.2019,671.998,136.455
14.58.18.08.2019,661.737,165.847
14.59.18.08.2019,673.74,136.809
15.00.18.08.2019,694.348,140.993
15.01.18.08.2019,704.065,142.966
15.02.18.08.2019,717.63,145.721
15.03.18.08.2019,700.631,175.595
15.04.18.08.2019,666.329,166.998
15.05.18.08.2019,694.907,141.107
15.06.18.08.2019,732.746,148.79
15.07.18.08.2019,699.814,142.103
15.08.18.08.2019,709.952,101.163
15.09.18.08.2019,689.5,140.009
15.10.18.08.2019,589.93,147.851
15.11.18.08.2019,573.311,116.416
15.12.18.08.2019,520.116,130.353
15.13.18.08.2019,463.337,116.123
15.14.18.08.2019,481.441,140.42
15.15.18.08.2019,537.489,156.768
15.16.18.08.2019,580.687,82.7433
15.17.18.08.2019,547.987,137.338
15.18.18.08.2019,527.669,153.903
15.19.18.08.2019,541.587,135.734
15.20.18.08.2019,669.792,195.356
15.21.18.08.2019,524.169,172.286
15.22.18.08.2019,520.91,171.215
15.23.18.08.2019,587.551,171.369
15.24.18.08.2019,628.132,157.425
15.25.18.08.2019,592.444,172.796
15.26.18.08.2019,624.837,156.599
15.27.18.08.2019,696.533,174.568
15.28.18.08.2019,689.425,172.786
15.29.18.08.2019,710.535,178.077
15.30.18.08.2019,725.222,211.523
15.31.18.08.2019,691.703,201.747
15.32.18.08.2019,662.322,193.177
15.33.18.08.2019,584.075,211.991
15.34.18.08.2019,635.382,185.32
15.35.18.08.2019,689.251,226.546
15.36.18.08.2019,817.322,204.84
15.37.18.08.2019,863.641,251.895
15.38.18.08.2019,722.764,237.561
15.39.18.08.2019,660.33,260.979
15.40.18.08.2019,777.54,255.565
15.41.18.08.2019,771.465,304.902
15.42.18.08.2019,735.472,290.677
15.43.18.08.2019,754.185,247.889
15.44.18.08.2019,647.312,212.761
15.45.18.08.2019,624.002,205.099
15.46.18.08.2019,708.663,206.693
15.47.18.08.2019,742.346,216.518
15.48.18.08.2019,695.623,252.477
15.49.18.08.2019,632.946,269.634
15.50.18.08.2019,580.333,190.746
15.51.18.08.2019,567.145,224.15
15.52.18.08.2019,663.912,193.641
15.53.18.08.2019,723.843,237.916
15.54.18.08.2019,684.87,199.754
15.55.18.08.2019,615.751,223.488
15.56.18.08.2019,621.926,204.417
15.57.18.08.2019,730.581,183.101
15.58.18.08.2019,748.213,218.229
15.59.18.08.2019,780.486,227.642
16.00.18.08.2019,764.233,251.191
16.01.18.08.2019,682.811,247.827
16.02.18.08.2019,656.943,215.927
16.03.18.08.2019,676.67,197.362
16.04.18.08.2019,733.199,213.85
16.05.18.08.2019,828.417,207.621
16.06.18.08.2019,821.827,205.969
16.07.18.08.2019,802.924,201.232
16.08.18.08.2019,758.33,153.986
16.09.18.08.2019,837.184,119.292
16.10.18.08.2019,931.346,132.71
16.11.18.08.2019,969.611,138.162
16.12.18.08.2019,814.099,116.003
16.13.18.08.2019,712.641,144.708
16.14.18.08.2019,690.11,140.133
16.15.18.08.2019,770.7,156.497
16.16.18.08.2019,793.296,113.039
16.17.18.08.2019,619.27,155.204
16.18.18.08.2019,565.465,141.719
16.19.18.08.2019,582.314,118.244
16.20.18.08.2019,661.544,134.332
16.21.18.08.2019,658.164,133.646
16.22.18.08.2019,608.807,123.624
16.23.18.08.2019,571.391,143.204
16.24.18.08.2019,589.171,147.66
16.25.18.08.2019,644.553,130.882
16.26.18.08.2019,763.862,155.109
16.27.18.08.2019,807.591,163.988
16.28.18.08.2019,719.962,180.439
16.29.18.08.2019,672.284,168.49
16.30.18.08.2019,682.232,138.533
16.31.18.08.2019,788.968,160.207
16.32.18.08.2019,771.19,193.279
16.33.18.08.2019,685.217,171.731
16.34.18.08.2019,656.971,164.652
16.35.18.08.2019,695.76,174.374
16.36.18.08.2019,695.563,174.325
16.37.18.08.2019,721.449,180.812
16.38.18.08.2019,750.158,188.007
16.39.18.08.2019,723.098,210.904
16.40.18.08.2019,679.06,170.188
16.41.18.08.2019,654.633,190.935
16.42.18.08.2019,673.483,196.432
16.43.18.08.2019,675.943,169.407
16.44.18.08.2019,819.846,166.477
16.45.18.08.2019,868.937,176.445
16.46.18.08.2019,776.238,194.544
16.47.18.08.2019,832.61,169.069
16.48.18.08.2019,840.899,170.752
16.49.18.08.2019,765.072,191.745
16.50.18.08.2019,726.344,182.039
16.51.18.08.2019,722.947,181.188
16.52.18.08.2019,690.024,201.257
16.53.18.08.2019,705.246,205.697
16.54.18.08.2019,598.257,196.637
16.55.18.08.2019,607.705,177.247
16.56.18.08.2019,630.022,207.078
16.57.18.08.2019,634.653,208.6
16.58.18.08.2019,620.351,180.936
16.59.18.08.2019,588.744,193.511
17.00.18.08.2019,669.484,167.789
17.01.18.08.2019,719.762,180.389
17.02.18.08.2019,774.576,194.127
17.03.18.08.2019,840.15,210.561
17.04.18.08.2019,729.537,182.839
17.05.18.08.2019,686.143,171.964
17.06.18.08.2019,696.517,174.564
17.07.18.08.2019,690.992,173.179
17.08.18.08.2019,659.104,216.637
17.09.18.08.2019,573.283,188.429
17.10.18.08.2019,580.473,169.305
17.11.18.08.2019,572.423,188.146
17.12.18.08.2019,728.503,182.58
17.13.18.08.2019,737.424,184.816
17.14.18.08.2019,797.539,161.947
17.15.18.08.2019,808.666,164.207
17.16.18.08.2019,748.148,218.21
17.17.18.08.2019,698.607,229.621
17.18.18.08.2019,652.595,190.34
17.19.18.08.2019,690.427,201.374
17.20.18.08.2019,725.043,211.471
17.21.18.08.2019,805.26,201.817
17.22.18.08.2019,823.874,206.482
17.23.18.08.2019,824.276,206.583
17.24.18.08.2019,841.598,245.466
17.25.18.08.2019,831.292,208.341
17.26.18.08.2019,797.48,232.598
17.27.18.08.2019,739.987,243.222
17.28.18.08.2019,744.549,217.16
17.29.18.08.2019,738.788,215.48
17.30.18.08.2019,827.39,241.322
17.31.18.08.2019,865.957,252.571
17.32.18.08.2019,885.898,222.027
17.33.18.08.2019,851.024,248.215
17.34.18.08.2019,851.582,213.427
17.35.18.08.2019,914.745,229.257
17.36.18.08.2019,786.724,258.584
17.37.18.08.2019,757.103,248.848
17.38.18.08.2019,817.928,268.84
17.39.18.08.2019,826.125,271.534
17.40.18.08.2019,810.872,294.307
17.41.18.08.2019,764.387,251.242
17.42.18.08.2019,794.677,261.198
17.43.18.08.2019,797.419,289.425
17.44.18.08.2019,799.946,262.929
17.45.18.08.2019,891.787,260.104
17.46.18.08.2019,925.463,269.927
17.47.18.08.2019,925.078,231.846
17.48.18.08.2019,867.98,217.536
17.49.18.08.2019,813.901,203.983
17.50.18.08.2019,703.877,176.408
17.51.18.08.2019,612.365,153.473
17.52.18.08.2019,663.288,166.236
17.53.18.08.2019,734.015,183.962
17.54.18.08.2019,825.323,206.845
17.55.18.08.2019,794.123,199.026
17.56.18.08.2019,776.598,194.634
17.57.18.08.2019,782.996,196.237
17.58.18.08.2019,743.101,186.239
17.59.18.08.2019,773.961,193.973
18.00.18.08.2019,797.877,199.967
18.01.18.08.2019,810.683,203.176
18.02.18.08.2019,805.312,201.83
18.03.18.08.2019,773.276,193.801
18.04.18.08.2019,752.253,188.532
18.05.18.08.2019,808.523,202.635
18.06.18.08.2019,781.045,195.748
18.07.18.08.2019,783.467,196.355
18.08.18.08.2019,808.1,202.529
18.09.18.08.2019,810.687,203.177
18.10.18.08.2019,792.886,198.716
18.11.18.08.2019,770.52,193.111
18.12.18.08.2019,768.916,192.709
18.13.18.08.2019,919.761,186.765
18.14.18.08.2019,1089.68,221.269
18.15.18.08.2019,1087.15,272.464
18.16.18.08.2019,1018.89,255.358
18.17.18.08.2019,944.424,236.695
18.18.18.08.2019,978.884,245.331
18.19.18.08.2019,993.022,201.642
18.20.18.08.2019,1011.11,253.408
18.21.18.08.2019,936.115,234.613
18.22.18.08.2019,931.839,233.541
18.23.18.08.2019,937.842,235.045
18.24.18.08.2019,955.04,239.356
18.25.18.08.2019,987.247,247.427
18.26.18.08.2019,1022.66,298.277
18.27.18.08.2019,967.937,282.315
18.28.18.08.2019,1009.76,294.514
18.29.18.08.2019,1106.28,277.259
18.30.18.08.2019,1134.22,284.263
18.31.18.08.2019,1128.57,329.165
18.32.18.08.2019,1133.9,284.183
18.33.18.08.2019,1056.3,308.088
18.34.18.08.2019,986.022,287.59
18.35.18.08.2019,994.112,289.949
18.36.18.08.2019,1206.06,351.769
18.37.18.08.2019,1237.68,310.191
18.38.18.08.2019,1172.18,293.775
18.39.18.08.2019,1188.83,297.948
18.40.18.08.2019,1197.26,300.061
18.41.18.08.2019,1204.58,244.6
18.42.18.08.2019,1267.33,257.343
18.43.18.08.2019,1308.57,265.717
18.44.18.08.2019,1447.55,206.265
18.45.18.08.2019,1506.57,214.674
18.46.18.08.2019,1319.42,188.008
18.47.18.08.2019,1191.7,169.807
18.48.18.08.2019,1035.51,210.269
18.49.18.08.2019,1000.65,203.191
18.50.18.08.2019,1058.25,214.887
18.51.18.08.2019,1122.96,228.027
18.52.18.08.2019,1157.65,235.071
18.53.18.08.2019,1166.4,166.204
18.54.18.08.2019,1123.41,228.119
18.55.18.08.2019,1148.31,233.174
18.56.18.08.2019,1092.92,221.927
18.57.18.08.2019,1112.51,225.904
18.58.18.08.2019,1067.74,216.815
18.59.18.08.2019,1018.24,206.763
19.00.18.08.2019,1015.06,206.116
19.01.18.08.2019,999.68,202.994
19.02.18.08.2019,1043.11,148.636
19.03.18.08.2019,996.209,202.289
19.04.18.08.2019,967.189,196.396
19.05.18.08.2019,997.765,202.605
19.06.18.08.2019,1007.17,204.515
19.07.18.08.2019,1073.5,217.984
19.08.18.08.2019,1120.29,227.485
19.09.18.08.2019,1100.32,223.429
19.10.18.08.2019,1091.17,221.572
19.11.18.08.2019,1073.03,217.887
19.12.18.08.2019,1040.24,211.23
19.13.18.08.2019,1126.77,228.801
19.14.18.08.2019,1134.85,230.441
19.15.18.08.2019,1096.27,222.607
19.16.18.08.2019,1051.85,213.587
19.17.18.08.2019,984.273,199.865
19.18.18.08.2019,1028.66,208.879
19.19.18.08.2019,1027.03,208.546
19.20.18.08.2019,963.41,241.453
19.21.18.08.2019,979.669,245.528
19.22.18.08.2019,959.121,194.758
19.23.18.08.2019,1028.23,257.698
19.24.18.08.2019,1091.45,221.629
19.25.18.08.2019,1045.57,262.044
19.26.18.08.2019,1103.16,276.478
19.27.18.08.2019,1097.96,275.174
19.28.18.08.2019,1124.48,281.821
19.29.18.08.2019,1078.01,270.176
19.30.18.08.2019,1039.61,211.103
19.31.18.08.2019,1045.85,262.116
19.32.18.08.2019,1029.92,258.123
19.33.18.08.2019,934.902,234.308
19.34.18.08.2019,975.514,244.487
19.35.18.08.2019,957.026,239.853
19.36.18.08.2019,961.409,280.411
19.37.18.08.2019,1007.45,252.491
19.38.18.08.2019,983.268,199.661
19.39.18.08.2019,993.313,248.948
19.40.18.08.2019,1009.87,205.063
19.41.18.08.2019,1081.41,219.59
19.42.18.08.2019,1092.02,221.744
19.43.18.08.2019,1128.79,229.212
19.44.18.08.2019,1093.66,222.077
19.45.18.08.2019,1139.92,231.471
19.46.18.08.2019,1093.88,222.121
19.47.18.08.2019,1096.24,274.744
19.48.18.08.2019,1164.06,236.372
19.49.18.08.2019,1175.08,238.61
19.50.18.08.2019,1115.95,226.603
19.51.18.08.2019,1146.16,232.738
19.52.18.08.2019,1107.54,224.896
19.53.18.08.2019,1072.25,217.73
19.54.18.08.2019,1001.06,203.275
19.55.18.08.2019,935.467,189.955
19.56.18.08.2019,949.254,192.754
19.57.18.08.2019,934.547,189.768
19.58.18.08.2019,937.645,133.607
19.59.18.08.2019,1068.98,217.066
20.00.18.08.2019,1090.17,221.368
20.01.18.08.2019,1018.38,206.791
20.02.18.08.2019,949.623,237.998
20.03.18.08.2019,1043.14,211.819
20.04.18.08.2019,1065.84,216.428
20.05.18.08.2019,1004.11,143.079
20.06.18.08.2019,976.808,139.188
20.07.18.08.2019,1075.9,153.307
20.08.18.08.2019,997.511,202.553
20.09.18.08.2019,984.447,199.9
20.10.18.08.2019,1064.86,151.734
20.11.18.08.2019,1037.01,259.9
20.12.18.08.2019,956.544,239.732
20.13.18.08.2019,966.664,242.269
20.14.18.08.2019,1002.46,292.385
20.15.18.08.2019,1018.04,255.145
20.16.18.08.2019,997.665,250.038
20.17.18.08.2019,1010.92,253.362
20.18.18.08.2019,965.138,241.886
20.19.18.08.2019,962.129,195.369
20.20.18.08.2019,1049.53,213.117
20.21.18.08.2019,1018.4,206.795
20.22.18.08.2019,1069.13,217.096
20.23.18.08.2019,1127.73,228.996
20.24.18.08.2019,1061.12,215.47
20.25.18.08.2019,1017.48,206.607
20.26.18.08.2019,1010.87,205.266
20.27.18.08.2019,944.052,191.698
20.28.18.08.2019,983.262,246.429
20.29.18.08.2019,1017.89,206.691
20.30.18.08.2019,1135.52,230.577
20.31.18.08.2019,1216.38,246.997
20.32.18.08.2019,1205.34,171.752
20.33.18.08.2019,1184.46,240.514
20.34.18.08.2019,1178.76,239.357
20.35.18.08.2019,1057.93,214.822
20.36.18.08.2019,1065.19,216.295
20.37.18.08.2019,1099.41,223.246
20.38.18.08.2019,1110.68,225.532
20.39.18.08.2019,1129.7,229.396
20.40.18.08.2019,1041.6,211.506
20.41.18.08.2019,1004.73,204.02
20.42.18.08.2019,976.964,139.21
20.43.18.08.2019,993.421,201.723
20.44.18.08.2019,1019.01,206.918
20.45.18.08.2019,904.87,183.742
20.46.18.08.2019,915.841,185.969
20.47.18.08.2019,858.378,174.301
20.48.18.08.2019,860.882,174.81
20.49.18.08.2019,870.781,176.82
20.50.18.08.2019,892.475,223.675
20.51.18.08.2019,867.934,217.525
20.52.18.08.2019,862.229,216.095
20.53.18.08.2019,865.348,216.877
20.54.18.08.2019,869.735,176.607
20.55.18.08.2019,864.837,175.613
20.56.18.08.2019,827.243,167.979
20.57.18.08.2019,840.731,170.718
20.58.18.08.2019,856.217,173.862
20.59.18.08.2019,893.354,181.403
21.00.18.08.2019,882.092,179.116
21.01.18.08.2019,914.561,185.71
21.02.18.08.2019,1008.66,204.818
21.03.18.08.2019,968.178,196.597
21.04.18.08.2019,950.057,192.917
21.05.18.08.2019,1037.04,210.581
21.06.18.08.2019,1005.28,204.131
21.07.18.08.2019,856.081,214.554
21.08.18.08.2019,814.175,204.051
21.09.18.08.2019,773.752,193.92
21.10.18.08.2019,785.229,196.797
21.11.18.08.2019,788.631,160.138
21.12.18.08.2019,793.734,198.928
21.13.18.08.2019,797.538,199.882
21.14.18.08.2019,786.33,197.073
21.15.18.08.2019,796.07,161.649
21.16.18.08.2019,814.529,165.397
21.17.18.08.2019,857.486,174.12
21.18.18.08.2019,852.81,173.17
21.19.18.08.2019,865.724,216.971
21.20.18.08.2019,790.89,198.216
21.21.18.08.2019,790.511,198.121
21.22.18.08.2019,813.35,165.158
21.23.18.08.2019,813.935,165.277
21.24.18.08.2019,834.032,169.357
21.25.18.08.2019,824.525,167.427
21.26.18.08.2019,824.755,167.474
21.27.18.08.2019,841.713,210.953
21.28.18.08.2019,851.203,213.332
21.29.18.08.2019,833.901,208.995
21.30.18.08.2019,804.646,163.39
21.31.18.08.2019,779.583,158.301
21.32.18.08.2019,815.041,165.501
21.33.18.08.2019,803.457,163.149
21.34.18.08.2019,815.301,165.554
21.35.18.08.2019,816.776,165.854
21.36.18.08.2019,831.589,168.861
21.37.18.08.2019,788.041,160.018
21.38.18.08.2019,800.881,200.72
21.39.18.08.2019,841.13,170.799
21.40.18.08.2019,963.222,195.591
21.41.18.08.2019,971.325,197.236
21.42.18.08.2019,983.399,140.127
21.43.18.08.2019,902.594,183.28
21.44.18.08.2019,930.853,189.018
21.45.18.08.2019,971.897,197.352
21.46.18.08.2019,959.728,194.881
21.47.18.08.2019,994.856,202.014
21.48.18.08.2019,1021.14,207.351
21.49.18.08.2019,1054.6,264.308
21.50.18.08.2019,1018.04,206.722
21.51.18.08.2019,1044.73,212.142
21.52.18.08.2019,1077.02,218.697
21.53.18.08.2019,1171.72,237.928
21.54.18.08.2019,1131.27,229.715
21.55.18.08.2019,1120.91,227.611
21.56.18.08.2019,1061.79,215.606
21.57.18.08.2019,966.235,196.202
21.58.18.08.2019,980.452,139.707
21.59.18.08.2019,959.325,136.696
22.00.18.08.2019,951.958,193.303
22.01.18.08.2019,964.858,195.923
22.02.18.08.2019,988.112,200.645
22.03.18.08.2019,937.77,190.422
22.04.18.08.2019,868.313,217.62
22.05.18.08.2019,901.029,182.962
22.06.18.08.2019,986.114,140.514
22.07.18.08.2019,941.92,191.265
22.08.18.08.2019,874.162,124.561
22.09.18.08.2019,838.988,119.549
22.10.18.08.2019,1011.78,144.17
22.11.18.08.2019,983.392,140.126
22.12.18.08.2019,933.078,132.956
22.13.18.08.2019,936.807,133.488
22.14.18.08.2019,950.234,192.953
22.15.18.08.2019,942.408,191.364
22.16.18.08.2019,786.981,197.236
22.17.18.08.2019,765.514,191.856
22.18.18.08.2019,798.123,162.066
22.19.18.08.2019,849.386,172.475
22.20.18.08.2019,847.212,212.331
22.21.18.08.2019,768.671,192.647
22.22.18.08.2019,756.457,153.605
22.23.18.08.2019,760.521,154.43
22.24.18.08.2019,942.746,191.433
22.25.18.08.2019,943.497,191.585
22.26.18.08.2019,870.411,176.744
22.27.18.08.2019,859.139,174.456
22.28.18.08.2019,920.2,186.855
22.29.18.08.2019,995.303,202.105
22.30.18.08.2019,945.839,134.775
22.31.18.08.2019,1003.34,142.968
22.32.18.08.2019,1029.36,209.02
22.33.18.08.2019,952.885,193.492
22.34.18.08.2019,919.866,186.787
22.35.18.08.2019,941.784,191.237
22.36.18.08.2019,874.564,177.588
22.37.18.08.2019,973.195,197.616
22.38.18.08.2019,1035.75,147.586
22.39.18.08.2019,1150.5,163.938
22.40.18.08.2019,1066.78,152.008
22.41.18.08.2019,1023.1,145.784
22.42.18.08.2019,991.353,141.26
22.43.18.08.2019,987.076,140.651
22.44.18.08.2019,956.873,136.347
22.45.18.08.2019,849.156,172.428
22.46.18.08.2019,855.689,173.755
22.47.18.08.2019,860.813,174.796
22.48.18.08.2019,841.586,119.919
22.49.18.08.2019,995.382,141.834
22.50.18.08.2019,990.073,141.078
22.51.18.08.2019,1069.28,152.365
22.52.18.08.2019,898.994,182.549
22.53.18.08.2019,772.734,156.91
22.54.18.08.2019,831.831,168.91
22.55.18.08.2019,809.866,164.45
22.56.18.08.2019,773.752,193.92
22.57.18.08.2019,821.169,166.745
22.58.18.08.2019,841.203,170.814
22.59.18.08.2019,933.554,189.566
23.00.18.08.2019,929.804,188.805
23.01.18.08.2019,974.234,197.827
23.02.18.08.2019,1007.17,204.515
23.03.18.08.2019,1074.77,218.242
23.04.18.08.2019,1031.34,209.422
23.05.18.08.2019,983.14,199.635
23.06.18.08.2019,1036.72,147.725
23.07.18.08.2019,1057.75,150.721
23.08.18.08.2019,1135.96,161.865
23.09.18.08.2019,1035.79,147.592
23.10.18.08.2019,1021.86,207.498
23.11.18.08.2019,975.863,198.157
23.12.18.08.2019,869.325,176.524
23.13.18.08.2019,877.725,178.23
23.14.18.08.2019,876.55,177.991
23.15.18.08.2019,848.115,172.217
23.16.18.08.2019,868.968,176.451
23.17.18.08.2019,849.372,172.472
23.18.18.08.2019,821.016,166.714
23.19.18.08.2019,819.284,166.363
23.20.18.08.2019,784.897,159.38
23.21.18.08.2019,725.507,181.829
23.22.18.08.2019,742.361,216.522
23.23.18.08.2019,792.372,198.587
23.24.18.08.2019,866.988,176.049
23.25.18.08.2019,899.281,182.607
23.26.18.08.2019,908.748,184.529
23.27.18.08.2019,1015.64,206.234
23.28.18.08.2019,1026.95,208.531
23.29.18.08.2019,1023.29,207.787
23.30.18.08.2019,1048.57,212.921
23.31.18.08.2019,1040.64,211.311
23.32.18.08.2019,991.517,201.336
23.33.18.08.2019,985.192,200.052
23.34.18.08.2019,946.259,192.146
23.35.18.08.2019,950.883,193.085
23.36.18.08.2019,975.55,198.094
23.37.18.08.2019,962.673,195.479
23.38.18.08.2019,1031.97,147.047
23.39.18.08.2019,1056.12,150.488
23.40.18.08.2019,1068.75,152.289
23.41.18.08.2019,1050.74,149.722
23.42.18.08.2019,1029.54,146.701
23.43.18.08.2019,921.479,131.304
23.44.18.08.2019,805.866,114.83
23.45.18.08.2019,805.962,114.843
23.46.18.08.2019,776.062,110.583
23.47.18.08.2019,861.718,122.788
23.48.18.08.2019,973.439,138.708
23.49.18.08.2019,985.917,140.486
23.50.18.08.2019,966.018,137.65
23.51.18.08.2019,809.016,164.278
23.52.18.08.2019,809.679,115.373
23.53.18.08.2019,748.941,152.079
23.54.18.08.2019,768.435,109.496
23.55.18.08.2019,742.771,150.826
23.56.18.08.2019,649.273,131.84
23.57.18.08.2019,585.3,146.69
23.58.18.08.2019,621.454,155.751
23.59.18.08.2019,641.613,160.803
00.00.19.08.2019,649.847,162.867
