00.00.18.08.2019,732.218,148.683
00.01.18.08.2019,701.294,99.9289
00.02.18.08.2019,701.078,99.8982
00.03.18.08.2019,700.169,99.7687
00.04.18.08.2019,699.035,99.6071
00.05.18.08.2019,705.105,100.472
00.06.18.08.2019,701.649,99.9796
00.07.18.08.2019,689.572,98.2588
00.08.18.08.2019,682.24,97.214
00.09.18.08.2019,698.893,99.5869
00.10.18.08.2019,719.319,102.497
00.11.18.08.2019,709.099,101.041
00.12.18.08.2019,677.249,137.521
00.13.18.08.2019,646.007,92.051
00.14.18.08.2019,636.745,90.7312
00.15.18.08.2019,645.009,91.9088
00.16.18.08.2019,641.378,91.3914
00.17.18.08.2019,619.729,125.841
00.18.18.08.2019,653.069,132.611
00.19.18.08.2019,634.366,128.813
00.20.18.08.2019,631.182,128.167
00.21.18.08.2019,649.605,92.5637
00.22.18.08.2019,633.128,90.2158
00.23.18.08.2019,591.518,84.2868
00.24.18.08.2019,566.705,80.7511
00.25.18.08.2019,551.638,78.6041
00.26.18.08.2019,548.361,78.1372
00.27.18.08.2019,562.684,80.1781
00.28.18.08.2019,569.362,81.1297
00.29.18.08.2019,558.81,113.471
00.30.18.08.2019,572.908,116.334
00.31.18.08.2019,578.99,82.5017
00.32.18.08.2019,573.98,116.552
00.33.18.08.2019,578.593,82.445
00.34.18.08.2019,567.34,80.8416
00.35.18.08.2019,559.001,79.6534
00.36.18.08.2019,571.243,81.3976
00.37.18.08.2019,575.025,81.9366
00.38.18.08.2019,569.362,81.1297
00.39.18.08.2019,555.671,112.834
00.40.18.08.2019,596.773,85.0355
00.41.18.08.2019,633.893,90.3249
00.42.18.08.2019,620.388,88.4006
00.43.18.08.2019,606.857,123.228
00.44.18.08.2019,633.305,90.241
00.45.18.08.2019,632.97,90.1933
00.46.18.08.2019,630.53,89.8457
00.47.18.08.2019,613.273,124.53
00.48.18.08.2019,619.228,88.2352
00.49.18.08.2019,618.673,88.1561
00.50.18.08.2019,613.249,87.3833
00.51.18.08.2019,615.768,87.7422
00.52.18.08.2019,648.18,92.3606
00.53.18.08.2019,646.767,92.1593
00.54.18.08.2019,652.267,92.943
00.55.18.08.2019,641.785,91.4494
00.56.18.08.2019,635.752,90.5897
00.57.18.08.2019,632.29,90.0964
00.58.18.08.2019,626.275,89.2394
00.59.18.08.2019,618.617,88.1482
01.00.18.08.2019,584.391,83.2713
01.01.18.08.2019,534.713,76.1925
01.02.18.08.2019,513.233,73.1317
01.03.18.08.2019,496.103,70.6909
01.04.18.08.2019,484.683,69.0635
01.05.18.08.2019,485.228,69.1413
01.06.18.08.2019,485.169,69.1328
01.07.18.08.2019,483.218,68.8548
01.08.18.08.2019,462.431,65.8929
01.09.18.08.2019,461.735,93.7593
01.10.18.08.2019,465.069,94.4363
01.11.18.08.2019,469.077,95.2502
01.12.18.08.2019,464.835,66.2354
01.13.18.08.2019,462.551,65.9099
01.14.18.08.2019,461.775,65.7993
01.15.18.08.2019,465.102,66.2734
01.16.18.08.2019,465.727,66.3625
01.17.18.08.2019,476.841,67.9462
01.18.18.08.2019,460.251,65.5822
01.19.18.08.2019,476.154,67.8483
01.20.18.08.2019,497.416,70.8779
01.21.18.08.2019,499.781,71.2149
01.22.18.08.2019,503.971,71.812
01.23.18.08.2019,505.438,72.021
01.24.18.08.2019,513.723,73.2016
01.25.18.08.2019,529.611,75.4655
01.26.18.08.2019,533.694,76.0473
01.27.18.08.2019,525.426,74.8691
01.28.18.08.2019,500.308,71.2901
01.29.18.08.2019,491.597,70.0488
01.30.18.08.2019,490.915,69.9516
01.31.18.08.2019,503.869,71.7974
01.32.18.08.2019,497.633,70.9089
01.33.18.08.2019,499.639,71.1946
01.34.18.08.2019,488.978,69.6756
01.35.18.08.2019,465.896,66.3866
01.36.18.08.2019,464.247,66.1516
01.37.18.08.2019,452.942,91.9737
01.38.18.08.2019,462.674,93.9499
01.39.18.08.2019,469.01,95.2366
01.40.18.08.2019,477.893,97.0404
01.41.18.08.2019,476.55,96.7676
01.42.18.08.2019,458.689,93.1408
01.43.18.08.2019,444.877,90.3362
01.44.18.08.2019,451.723,91.7263
01.45.18.08.2019,455.632,64.9241
01.46.18.08.2019,464.763,94.3742
01.47.18.08.2019,505.218,71.9897
01.48.18.08.2019,504.438,71.8785
01.49.18.08.2019,496.993,70.8177
01.50.18.08.2019,483.252,68.8597
01.51.18.08.2019,469.064,66.838
01.52.18.08.2019,465.627,66.3483
01.53.18.08.2019,478.227,68.1437
01.54.18.08.2019,470.054,66.9791
01.55.18.08.2019,452.15,64.4279
01.56.18.08.2019,449.99,64.1201
01.57.18.08.2019,446.411,63.6101
01.58.18.08.2019,446.557,63.6309
01.59.18.08.2019,451.529,64.3393
02.00.18.08.2019,480.339,68.4446
02.01.18.08.2019,448.799,63.9504
02.02.18.08.2019,438.686,62.5094
02.03.18.08.2019,440.612,62.7838
02.04.18.08.2019,447.503,63.7657
02.05.18.08.2019,446.265,63.5893
02.06.18.08.2019,439.278,62.5937
02.07.18.08.2019,436.402,62.1839
02.08.18.08.2019,431.526,61.4891
02.09.18.08.2019,420.307,59.8904
02.10.18.08.2019,408.073,58.1472
02.11.18.08.2019,436.278,62.1663
02.12.18.08.2019,435.858,62.1064
02.13.18.08.2019,426.981,60.8415
02.14.18.08.2019,495.478,70.6018
02.15.18.08.2019,498.217,70.9921
02.16.18.08.2019,483.847,68.9444
02.17.18.08.2019,481.489,68.6085
02.18.18.08.2019,479.051,68.2611
02.19.18.08.2019,486.138,69.2709
02.20.18.08.2019,489.316,69.7238
02.21.18.08.2019,496.847,70.7969
02.22.18.08.2019,491.48,70.032
02.23.18.08.2019,488.73,69.6403
02.24.18.08.2019,489.027,69.6826
02.25.18.08.2019,501.776,71.4992
02.26.18.08.2019,514.15,73.2624
02.27.18.08.2019,457.11,65.1347
02.28.18.08.2019,473.617,67.4867
02.29.18.08.2019,465.981,66.3987
02.30.18.08.2019,468.855,66.8082
02.31.18.08.2019,459.309,65.448
02.32.18.08.2019,459.16,65.4268
02.33.18.08.2019,464.787,66.2286
02.34.18.08.2019,471.017,67.1163
02.35.18.08.2019,458.112,93.0236
02.36.18.08.2019,446.247,90.6143
02.37.18.08.2019,461.405,93.6922
02.38.18.08.2019,472.598,95.9651
02.39.18.08.2019,455.111,92.4141
02.40.18.08.2019,444.638,63.3575
02.41.18.08.2019,442.787,63.0937
02.42.18.08.2019,442.661,63.0758
02.43.18.08.2019,431.997,61.5563
02.44.18.08.2019,427.788,60.9564
02.45.18.08.2019,429.381,61.1834
02.46.18.08.2019,438.214,62.4421
02.47.18.08.2019,448.137,63.856
02.48.18.08.2019,443.253,63.1601
02.49.18.08.2019,426.503,60.7734
02.50.18.08.2019,431.35,61.4641
02.51.18.08.2019,436.04,62.1324
02.52.18.08.2019,441.972,89.7462
02.53.18.08.2019,448.68,63.9335
02.54.18.08.2019,434.703,61.9418
02.55.18.08.2019,427.5,60.9154
02.56.18.08.2019,426.562,86.617
02.57.18.08.2019,426.873,86.6802
02.58.18.08.2019,429.811,61.2448
02.59.18.08.2019,427.88,60.9697
03.00.18.08.2019,430.705,61.3721
03.01.18.08.2019,443.959,63.2607
03.02.18.08.2019,422.565,60.2122
03.03.18.08.2019,409.608,58.3659
03.04.18.08.2019,421.537,60.0657
03.05.18.08.2019,423.764,60.3831
03.06.18.08.2019,415.523,59.2089
03.07.18.08.2019,426.469,60.7685
03.08.18.08.2019,426.929,60.8341
03.09.18.08.2019,412.866,58.8302
03.10.18.08.2019,408.156,58.159
03.11.18.08.2019,411.829,58.6825
03.12.18.08.2019,420.066,59.8562
03.13.18.08.2019,435.982,62.124
03.14.18.08.2019,441.183,62.8651
03.15.18.08.2019,439.432,62.6157
03.16.18.08.2019,444.279,63.3064
03.17.18.08.2019,442.494,63.0519
03.18.18.08.2019,446.012,63.5532
03.19.18.08.2019,443.127,63.1421
03.20.18.08.2019,424.261,60.4539
03.21.18.08.2019,397.917,56.7
03.22.18.08.2019,399.548,56.9325
03.23.18.08.2019,395.314,56.3291
03.24.18.08.2019,403.557,57.5037
03.25.18.08.2019,402.275,81.6854
03.26.18.08.2019,407.751,58.1014
03.27.18.08.2019,403.469,81.9279
03.28.18.08.2019,426.108,86.5249
03.29.18.08.2019,432.934,87.911
03.30.18.08.2019,435.741,62.0897
03.31.18.08.2019,452.537,64.483
03.32.18.08.2019,511.462,72.8794
03.33.18.08.2019,511.565,72.8941
03.34.18.08.2019,459.717,65.5062
03.35.18.08.2019,498.741,71.0667
03.36.18.08.2019,491.429,70.0248
03.37.18.08.2019,495.6,70.6191
03.38.18.08.2019,495.7,70.6334
03.39.18.08.2019,530.071,75.5311
03.40.18.08.2019,504.065,71.8254
03.41.18.08.2019,505.54,72.0355
03.42.18.08.2019,512.5,73.0273
03.43.18.08.2019,461.776,65.7996
03.44.18.08.2019,434.279,61.8815
03.45.18.08.2019,431.135,61.4334
03.46.18.08.2019,437.02,62.272
03.47.18.08.2019,441.094,62.8524
03.48.18.08.2019,435.6,62.0696
03.49.18.08.2019,407.833,58.1131
03.50.18.08.2019,403.392,57.4803
03.51.18.08.2019,405.697,57.8087
03.52.18.08.2019,418.001,59.5619
03.53.18.08.2019,417.063,59.4283
03.54.18.08.2019,419.238,59.7381
03.55.18.08.2019,424.655,60.5101
03.56.18.08.2019,420.542,59.924
03.57.18.08.2019,411.04,58.57
03.58.18.08.2019,429.763,61.2379
03.59.18.08.2019,442.011,62.9832
04.00.18.08.2019,449.962,64.1162
04.01.18.08.2019,450.831,64.2399
04.02.18.08.2019,451.603,64.3499
04.03.18.08.2019,454.303,92.2501
04.04.18.08.2019,463.734,66.0786
04.05.18.08.2019,448.535,63.9128
04.06.18.08.2019,439.432,62.6157
04.07.18.08.2019,433.981,61.839
04.08.18.08.2019,424.432,60.4783
04.09.18.08.2019,423.558,86.007
04.10.18.08.2019,428.533,87.0174
04.11.18.08.2019,421.035,59.9942
04.12.18.08.2019,408.823,58.2541
04.13.18.08.2019,406.745,57.958
04.14.18.08.2019,391.664,55.8091
04.15.18.08.2019,395.152,56.3061
04.16.18.08.2019,419.82,59.8211
04.17.18.08.2019,430.29,61.313
04.18.18.08.2019,457.472,65.1862
04.19.18.08.2019,465.14,66.2788
04.20.18.08.2019,464.889,66.2432
04.21.18.08.2019,449.999,64.1213
04.22.18.08.2019,435.952,62.1198
04.23.18.08.2019,422.622,85.817
04.24.18.08.2019,437.995,88.9387
04.25.18.08.2019,429.606,61.2156
04.26.18.08.2019,417.265,59.4571
04.27.18.08.2019,412.288,83.7186
04.28.18.08.2019,415.725,59.2376
04.29.18.08.2019,407.279,58.0342
04.30.18.08.2019,410.99,58.5629
04.31.18.08.2019,414.52,59.0659
04.32.18.08.2019,408.081,58.1483
04.33.18.08.2019,396.303,56.4702
04.34.18.08.2019,391.995,55.8563
04.35.18.08.2019,380.952,54.2828
04.36.18.08.2019,379.639,54.0956
04.37.18.08.2019,377.783,76.7122
04.38.18.08.2019,383.187,77.8094
04.39.18.08.2019,395.473,80.3042
04.40.18.08.2019,381.752,77.518
04.41.18.08.2019,380.49,54.217
04.42.18.08.2019,387.675,78.7208
04.43.18.08.2019,368.81,74.8902
04.44.18.08.2019,370.247,75.1818
04.45.18.08.2019,389.236,79.0378
04.46.18.08.2019,395.201,80.249
04.47.18.08.2019,396.28,80.468
04.48.18.08.2019,401.84,81.5972
04.49.18.08.2019,390.751,79.3455
04.50.18.08.2019,344.809,70.0165
04.51.18.08.2019,354.357,71.9552
04.52.18.08.2019,360.565,73.2159
04.53.18.08.2019,361.273,73.3597
04.54.18.08.2019,363.183,73.7474
04.55.18.08.2019,361.972,73.5015
04.56.18.08.2019,359.207,72.9401
04.57.18.08.2019,356.413,50.7862
04.58.18.08.2019,352.865,50.2806
04.59.18.08.2019,344.89,49.1442
05.00.18.08.2019,344.343,49.0662
05.01.18.08.2019,338.822,48.2795
05.02.18.08.2019,340.586,48.5309
05.03.18.08.2019,348.675,49.6835
05.04.18.08.2019,352.222,50.189
05.05.18.08.2019,360.357,51.3481
05.06.18.08.2019,348.351,49.6373
05.07.18.08.2019,381.583,54.3726
05.08.18.08.2019,403.588,57.5082
05.09.18.08.2019,433.228,61.7317
05.10.18.08.2019,446.022,63.5547
05.11.18.08.2019,432.246,61.5917
05.12.18.08.2019,412.946,58.8417
05.13.18.08.2019,371.242,52.8991
05.14.18.08.2019,372.122,53.0245
05.15.18.08.2019,396.84,56.5466
05.16.18.08.2019,403.866,57.5478
05.17.18.08.2019,416.87,59.4007
05.18.18.08.2019,351.636,71.4028
05.19.18.08.2019,344.085,69.8694
05.20.18.08.2019,348.27,70.7192
05.21.18.08.2019,355.751,72.2383
05.22.18.08.2019,364.378,73.99
05.23.18.08.2019,361.595,73.4251
05.24.18.08.2019,371.339,52.913
05.25.18.08.2019,399.239,56.8885
05.26.18.08.2019,404.678,57.6634
05.27.18.08.2019,377.762,76.7079
05.28.18.08.2019,379.49,54.0744
05.29.18.08.2019,381.741,54.3951
05.30.18.08.2019,385.301,78.2388
05.31.18.08.2019,391.408,79.4787
05.32.18.08.2019,409.087,83.0686
05.33.18.08.2019,410.264,102.822
05.34.18.08.2019,372.13,93.2646
05.35.18.08.2019,369.563,75.043
05.36.18.08.2019,349.898,71.0498
05.37.18.08.2019,334.966,68.0178
05.38.18.08.2019,334.424,67.9078
05.39.18.08.2019,328.343,66.673
05.40.18.08.2019,317.611,45.2571
05.41.18.08.2019,315.055,63.9746
05.42.18.08.2019,304.626,61.857
05.43.18.08.2019,327.745,66.5515
05.44.18.08.2019,339.158,68.8689
05.45.18.08.2019,339.227,68.8829
05.46.18.08.2019,356.427,72.3756
05.47.18.08.2019,407.208,82.6871
05.48.18.08.2019,425.125,86.3253
05.49.18.08.2019,405.493,82.3389
05.50.18.08.2019,470.866,95.6134
05.51.18.08.2019,487.267,98.9439
05.52.18.08.2019,476.847,96.8279
05.53.18.08.2019,448.874,91.1478
05.54.18.08.2019,418.35,59.6116
05.55.18.08.2019,413.608,58.936
05.56.18.08.2019,413.211,58.8794
05.57.18.08.2019,396.481,80.5089
05.58.18.08.2019,357.883,50.9956
05.59.18.08.2019,348.857,49.7094
06.00.18.08.2019,333.661,47.5441
06.01.18.08.2019,299.211,42.6352
06.02.18.08.2019,315.592,44.9694
06.03.18.08.2019,332.295,47.3494
06.04.18.08.2019,323.005,46.0258
06.05.18.08.2019,355.309,50.6287
06.06.18.08.2019,361.069,73.3181
06.07.18.08.2019,349.665,71.0026
06.08.18.08.2019,386.938,55.1357
06.09.18.08.2019,392.352,79.6704
06.10.18.08.2019,381.22,95.5427
06.11.18.08.2019,413.208,103.56
06.12.18.08.2019,414.372,103.851
06.13.18.08.2019,396.026,99.2535
06.14.18.08.2019,380.195,95.2859
06.15.18.08.2019,376.198,76.3903
06.16.18.08.2019,375.082,76.1637
06.17.18.08.2019,370.399,75.2127
06.18.18.08.2019,383.301,77.8326
06.19.18.08.2019,375.006,76.1482
06.20.18.08.2019,391.235,79.4436
06.21.18.08.2019,392.5,79.7004
06.22.18.08.2019,395.076,80.2236
06.23.18.08.2019,386.131,78.4072
06.24.18.08.2019,386.793,78.5417
06.25.18.08.2019,401.305,81.4884
06.26.18.08.2019,418.701,85.0208
06.27.18.08.2019,406.72,101.934
06.28.18.08.2019,429.142,87.141
06.29.18.08.2019,420.1,105.287
06.30.18.08.2019,399.958,100.239
06.31.18.08.2019,468.918,95.2178
06.32.18.08.2019,477.888,97.0392
06.33.18.08.2019,472.284,95.9014
06.34.18.08.2019,425.933,86.4894
06.35.18.08.2019,401.839,81.5969
06.36.18.08.2019,366.545,74.4301
06.37.18.08.2019,368.715,74.8708
06.38.18.08.2019,402.162,81.6625
06.39.18.08.2019,359.984,73.0978
06.40.18.08.2019,352.3,71.5377
06.41.18.08.2019,341.67,85.6305
06.42.18.08.2019,331.808,67.3765
06.43.18.08.2019,326.293,66.2566
06.44.18.08.2019,329.097,82.4796
06.45.18.08.2019,338.599,84.8609
06.46.18.08.2019,349.332,87.551
06.47.18.08.2019,339.001,84.9617
06.48.18.08.2019,331.488,67.3114
06.49.18.08.2019,315.041,63.9718
06.50.18.08.2019,313.773,78.6389
06.51.18.08.2019,311.387,78.041
06.52.18.08.2019,324.9,81.4277
06.53.18.08.2019,316.875,79.4162
06.54.18.08.2019,331.032,82.9644
06.55.18.08.2019,330.765,82.8975
06.56.18.08.2019,338.125,68.6593
06.57.18.08.2019,368.414,74.8097
06.58.18.08.2019,370.322,75.197
06.59.18.08.2019,372.982,75.7371
07.00.18.08.2019,360.594,73.2218
07.01.18.08.2019,378.758,76.9102
07.02.18.08.2019,405.507,82.3418
07.03.18.08.2019,454.239,92.2371
07.04.18.08.2019,432.893,108.493
07.05.18.08.2019,416.507,104.386
07.06.18.08.2019,449.856,91.3472
07.07.18.08.2019,460.808,93.571
07.08.18.08.2019,393.934,98.7292
07.09.18.08.2019,359.668,90.1414
07.10.18.08.2019,349.814,87.6717
07.11.18.08.2019,330.3,67.0702
07.12.18.08.2019,320.518,65.084
07.13.18.08.2019,308.734,62.6911
07.14.18.08.2019,303.257,61.579
07.15.18.08.2019,323.177,65.6239
07.16.18.08.2019,323.282,65.6452
07.17.18.08.2019,322.248,45.9179
07.18.18.08.2019,312.79,63.5148
07.19.18.08.2019,326.316,46.4976
07.20.18.08.2019,382.412,77.6521
07.21.18.08.2019,426.342,60.7505
07.22.18.08.2019,439.268,62.5923
07.23.18.08.2019,411.99,83.6582
07.24.18.08.2019,376.333,76.4177
07.25.18.08.2019,402.375,81.7058
07.26.18.08.2019,424.78,86.2553
07.27.18.08.2019,431.34,87.5873
07.28.18.08.2019,464.502,94.3213
07.29.18.08.2019,457.599,92.9195
07.30.18.08.2019,439.885,62.6803
07.31.18.08.2019,389.548,79.1012
07.32.18.08.2019,393.261,98.5605
07.33.18.08.2019,407.98,102.249
07.34.18.08.2019,415.386,104.105
07.35.18.08.2019,414.286,120.833
07.36.18.08.2019,432.929,108.502
07.37.18.08.2019,446.578,90.6815
07.38.18.08.2019,472.095,95.8631
07.39.18.08.2019,504.429,102.429
07.40.18.08.2019,458.803,114.987
07.41.18.08.2019,438.862,109.989
07.42.18.08.2019,451.581,113.177
07.43.18.08.2019,480.173,97.5032
07.44.18.08.2019,585.407,118.872
07.45.18.08.2019,587.568,83.7239
07.46.18.08.2019,524.985,106.603
07.47.18.08.2019,493.589,123.705
07.48.18.08.2019,472.412,95.9273
07.49.18.08.2019,479.841,97.4359
07.50.18.08.2019,493.989,100.309
07.51.18.08.2019,594.352,120.688
07.52.18.08.2019,515.644,104.706
07.53.18.08.2019,483.115,98.1007
07.54.18.08.2019,466.776,94.783
07.55.18.08.2019,464.383,94.2971
07.56.18.08.2019,483.247,98.1275
07.57.18.08.2019,494.249,70.4267
07.58.18.08.2019,509.305,72.5721
07.59.18.08.2019,530.421,75.5809
08.00.18.08.2019,542.056,77.2388
08.01.18.08.2019,544.21,77.5458
08.02.18.08.2019,490.46,69.8867
08.03.18.08.2019,526.079,74.9622
08.04.18.08.2019,531.33,75.7104
08.05.18.08.2019,526.319,74.9964
08.06.18.08.2019,572.75,81.6124
08.07.18.08.2019,587.522,83.7173
08.08.18.08.2019,587.253,119.247
08.09.18.08.2019,511.477,128.188
08.10.18.08.2019,481.788,97.8312
08.11.18.08.2019,432.087,87.739
08.12.18.08.2019,489.446,69.7423
08.13.18.08.2019,569.8,81.1921
08.14.18.08.2019,533.871,76.0725
08.15.18.08.2019,526.493,106.909
08.16.18.08.2019,569.479,115.638
08.17.18.08.2019,584.593,118.707
08.18.18.08.2019,558.888,113.487
08.19.18.08.2019,567.98,115.333
08.20.18.08.2019,608.337,123.528
08.21.18.08.2019,592.888,120.391
08.22.18.08.2019,606.107,123.075
08.23.18.08.2019,642.417,130.448
08.24.18.08.2019,646.646,131.307
08.25.18.08.2019,645.448,131.064
08.26.18.08.2019,655.038,93.3379
08.27.18.08.2019,685.287,139.153
08.28.18.08.2019,610.22,123.91
08.29.18.08.2019,605.435,86.2699
08.30.18.08.2019,624.806,89.0301
08.31.18.08.2019,605.985,86.3482
08.32.18.08.2019,570.129,115.77
08.33.18.08.2019,561.775,80.0485
08.34.18.08.2019,563.188,80.25
08.35.18.08.2019,568.236,115.385
08.36.18.08.2019,608.205,123.501
08.37.18.08.2019,607.663,123.391
08.38.18.08.2019,652.247,92.9402
08.39.18.08.2019,674.654,96.133
08.40.18.08.2019,661.486,94.2566
08.41.18.08.2019,736.36,104.926
08.42.18.08.2019,694.737,98.9946
08.43.18.08.2019,673.408,136.741
08.44.18.08.2019,622.266,126.357
08.45.18.08.2019,583.154,118.415
08.46.18.08.2019,526.079,106.825
08.47.18.08.2019,574.52,116.661
08.48.18.08.2019,592.189,120.249
08.49.18.08.2019,578.336,117.436
08.50.18.08.2019,539.225,109.494
08.51.18.08.2019,519.442,105.477
08.52.18.08.2019,543.383,77.4278
08.53.18.08.2019,577.232,82.2511
08.54.18.08.2019,571.609,116.07
08.55.18.08.2019,534.147,108.463
08.56.18.08.2019,570.238,115.792
08.57.18.08.2019,567.034,115.141
08.58.18.08.2019,603.259,122.497
08.59.18.08.2019,612.099,124.292
09.00.18.08.2019,574.425,143.965
09.01.18.08.2019,564.78,141.547
09.02.18.08.2019,576.953,144.598
09.03.18.08.2019,565.463,114.822
09.04.18.08.2019,588.962,119.594
09.05.18.08.2019,617.775,125.444
09.06.18.08.2019,580.557,117.887
09.07.18.08.2019,606.202,86.3791
09.08.18.08.2019,599.044,85.3592
09.09.18.08.2019,565.138,80.5277
09.10.18.08.2019,595.419,84.8426
09.11.18.08.2019,595.785,84.8948
09.12.18.08.2019,580.173,82.6702
09.13.18.08.2019,696.54,99.2516
09.14.18.08.2019,710.896,101.297
09.15.18.08.2019,676.26,96.3618
09.16.18.08.2019,706.694,100.698
09.17.18.08.2019,675.9,96.3106
09.18.18.08.2019,569.865,81.2013
09.19.18.08.2019,638.208,90.9397
09.20.18.08.2019,652.966,93.0426
09.21.18.08.2019,621.086,126.117
09.22.18.08.2019,641.08,130.177
09.23.18.08.2019,711.775,101.422
09.24.18.08.2019,700.508,142.244
09.25.18.08.2019,769.764,156.307
09.26.18.08.2019,864.082,123.125
09.27.18.08.2019,891.467,127.027
09.28.18.08.2019,797.133,113.585
09.29.18.08.2019,721.152,102.759
09.30.18.08.2019,618.117,88.0769
09.31.18.08.2019,631.935,128.32
09.32.18.08.2019,638.521,129.657
09.33.18.08.2019,620.412,125.98
09.34.18.08.2019,644.576,130.887
09.35.18.08.2019,643.902,130.75
09.36.18.08.2019,608.328,123.526
09.37.18.08.2019,601.047,122.048
09.38.18.08.2019,651.694,132.332
09.39.18.08.2019,652.58,132.512
09.40.18.08.2019,681.143,138.312
09.41.18.08.2019,686.426,139.385
09.42.18.08.2019,672.959,136.65
09.43.18.08.2019,628.919,127.707
09.44.18.08.2019,632.023,128.338
09.45.18.08.2019,642.669,130.5
09.46.18.08.2019,720.803,102.709
09.47.18.08.2019,743.826,151.04
09.48.18.08.2019,671.216,136.296
09.49.18.08.2019,704.793,100.428
09.50.18.08.2019,659.561,93.9824
09.51.18.08.2019,675.778,137.223
09.52.18.08.2019,648.828,131.75
09.53.18.08.2019,635.871,129.119
09.54.18.08.2019,610.206,123.908
09.55.18.08.2019,621.698,126.241
09.56.18.08.2019,647.119,131.403
09.57.18.08.2019,684.746,139.044
09.58.18.08.2019,709.599,101.112
09.59.18.08.2019,705.42,100.517
10.00.18.08.2019,741.621,105.675
10.01.18.08.2019,667.404,95.0999
10.02.18.08.2019,620.985,88.4856
10.03.18.08.2019,667.731,95.1465
10.04.18.08.2019,693.298,140.78
10.05.18.08.2019,711.831,144.544
10.06.18.08.2019,659.459,133.909
10.07.18.08.2019,688.993,139.906
10.08.18.08.2019,663.935,134.818
10.09.18.08.2019,716.666,145.525
10.10.18.08.2019,715.265,145.241
10.11.18.08.2019,706.973,143.557
10.12.18.08.2019,728.935,148.017
10.13.18.08.2019,724.053,181.465
10.14.18.08.2019,739.224,105.334
10.15.18.08.2019,773.022,156.969
10.16.18.08.2019,776.332,157.641
10.17.18.08.2019,696.479,141.426
10.18.18.08.2019,701.044,142.353
10.19.18.08.2019,757.71,153.86
10.20.18.08.2019,726.778,147.579
10.21.18.08.2019,699.309,142.001
10.22.18.08.2019,769.008,156.154
10.23.18.08.2019,772.641,110.095
10.24.18.08.2019,748.745,106.69
10.25.18.08.2019,757.508,107.939
10.26.18.08.2019,718.325,102.356
10.27.18.08.2019,701.33,142.411
10.28.18.08.2019,681.98,138.482
10.29.18.08.2019,669.772,95.4373
10.30.18.08.2019,658.92,133.799
10.31.18.08.2019,709.6,101.113
10.32.18.08.2019,748.452,151.98
10.33.18.08.2019,766.262,109.186
10.34.18.08.2019,671.214,95.6428
10.35.18.08.2019,652.966,93.0426
10.36.18.08.2019,613.822,124.642
10.37.18.08.2019,654.507,132.903
10.38.18.08.2019,656.1,93.4892
10.39.18.08.2019,627.235,127.365
10.40.18.08.2019,591.683,120.146
10.41.18.08.2019,563.665,114.457
10.42.18.08.2019,611.015,87.0649
10.43.18.08.2019,640.719,91.2975
10.44.18.08.2019,639.175,91.0776
10.45.18.08.2019,627.04,89.3484
10.46.18.08.2019,597.21,85.0978
10.47.18.08.2019,626.606,89.2866
10.48.18.08.2019,611.127,124.095
10.49.18.08.2019,607.036,123.264
10.50.18.08.2019,608.76,123.614
10.51.18.08.2019,620.688,88.4433
10.52.18.08.2019,671.627,136.38
10.53.18.08.2019,629.376,89.6812
10.54.18.08.2019,619.856,125.867
10.55.18.08.2019,620.656,126.03
10.56.18.08.2019,655.699,93.4321
10.57.18.08.2019,715.069,145.201
10.58.18.08.2019,706.421,143.445
10.59.18.08.2019,647.767,131.535
11.00.18.08.2019,583.261,146.179
11.01.18.08.2019,572.216,116.193
11.02.18.08.2019,599.221,121.677
11.03.18.08.2019,684.72,97.5673
11.04.18.08.2019,679.372,137.952
11.05.18.08.2019,634.539,90.4169
11.06.18.08.2019,606.257,123.106
11.07.18.08.2019,509.933,103.546
11.08.18.08.2019,507.537,103.06
11.09.18.08.2019,555.378,79.137
11.10.18.08.2019,588.578,83.8678
11.11.18.08.2019,600.741,85.6009
11.12.18.08.2019,622.432,88.6917
11.13.18.08.2019,579.607,82.5896
11.14.18.08.2019,589.309,83.972
11.15.18.08.2019,619.173,88.2274
11.16.18.08.2019,567.176,80.8182
11.17.18.08.2019,608.663,86.7298
11.18.18.08.2019,597.569,85.1489
11.19.18.08.2019,548.134,78.1049
11.20.18.08.2019,588.381,83.8398
11.21.18.08.2019,580.196,82.6734
11.22.18.08.2019,619.776,88.3134
11.23.18.08.2019,668.054,95.1925
11.24.18.08.2019,596.122,84.9428
11.25.18.08.2019,577.534,117.273
11.26.18.08.2019,513.322,104.234
11.27.18.08.2019,549.833,78.347
11.28.18.08.2019,591.837,84.3322
11.29.18.08.2019,593.983,84.638
11.30.18.08.2019,607.792,86.6057
11.31.18.08.2019,650.204,92.649
11.32.18.08.2019,601.741,85.7434
11.33.18.08.2019,575.58,82.0157
11.34.18.08.2019,601.668,85.7331
11.35.18.08.2019,602.156,85.8026
11.36.18.08.2019,603.837,86.0421
11.37.18.08.2019,621.575,88.5697
11.38.18.08.2019,662.367,94.3822
11.39.18.08.2019,724.161,103.187
11.40.18.08.2019,702.689,100.128
11.41.18.08.2019,696.802,99.2889
11.42.18.08.2019,690.542,98.3969
11.43.18.08.2019,691.526,98.5371
11.44.18.08.2019,765.499,109.078
11.45.18.08.2019,715.474,101.949
11.46.18.08.2019,631.55,128.242
11.47.18.08.2019,556.776,113.058
11.48.18.08.2019,591.486,84.2822
11.49.18.08.2019,579.018,117.575
11.50.18.08.2019,571.886,81.4893
11.51.18.08.2019,568.957,115.532
11.52.18.08.2019,526.079,106.825
11.53.18.08.2019,567.951,115.327
11.54.18.08.2019,537.571,109.158
11.55.18.08.2019,484.236,98.3282
11.56.18.08.2019,473.712,96.1913
11.57.18.08.2019,496.564,100.832
11.58.18.08.2019,538.529,109.353
11.59.18.08.2019,531.759,107.978
12.00.18.08.2019,542.68,110.196
12.01.18.08.2019,623.444,88.836
12.02.18.08.2019,704.658,100.408
12.03.18.08.2019,702.222,100.061
12.04.18.08.2019,639.871,129.931
12.05.18.08.2019,628.405,89.5429
12.06.18.08.2019,787.936,112.275
12.07.18.08.2019,616.672,125.221
12.08.18.08.2019,567.765,115.29
12.09.18.08.2019,586.667,119.128
12.10.18.08.2019,603.695,86.0219
12.11.18.08.2019,591.413,120.091
12.12.18.08.2019,551.252,111.936
12.13.18.08.2019,511.058,128.083
12.14.18.08.2019,487.279,98.9462
12.15.18.08.2019,521.068,105.807
12.16.18.08.2019,574.778,116.714
12.17.18.08.2019,549.463,111.573
12.18.18.08.2019,565.589,80.592
12.19.18.08.2019,589.868,119.778
12.20.18.08.2019,614.407,124.761
12.21.18.08.2019,568.386,115.416
12.22.18.08.2019,568.317,115.402
12.23.18.08.2019,509.361,103.43
12.24.18.08.2019,578.765,117.523
12.25.18.08.2019,607.074,123.272
12.26.18.08.2019,545.792,110.828
12.27.18.08.2019,523.151,106.23
12.28.18.08.2019,555.257,112.75
12.29.18.08.2019,560.197,113.753
12.30.18.08.2019,519.055,105.399
12.31.18.08.2019,544.902,110.647
12.32.18.08.2019,573.971,116.55
12.33.18.08.2019,556.362,112.974
12.34.18.08.2019,582.855,118.354
12.35.18.08.2019,569.109,115.563
12.36.18.08.2019,558.077,113.322
12.37.18.08.2019,635.82,129.109
12.38.18.08.2019,618.533,125.598
12.39.18.08.2019,659.896,133.998
12.40.18.08.2019,676.449,137.359
12.41.18.08.2019,699.859,142.112
12.42.18.08.2019,676.588,137.387
12.43.18.08.2019,729.682,148.168
12.44.18.08.2019,722.536,146.717
12.45.18.08.2019,671.055,136.264
12.46.18.08.2019,625.588,127.031
12.47.18.08.2019,654.595,132.921
12.48.18.08.2019,646.953,131.369
12.49.18.08.2019,631.685,128.269
12.50.18.08.2019,712.318,101.5
12.51.18.08.2019,770.244,109.754
12.52.18.08.2019,730.95,148.426
12.53.18.08.2019,631.504,128.232
12.54.18.08.2019,579.816,117.737
12.55.18.08.2019,612.53,124.38
12.56.18.08.2019,647.457,131.472
12.57.18.08.2019,601.069,122.052
12.58.18.08.2019,677.495,96.5378
12.59.18.08.2019,782.523,111.504
13.00.18.08.2019,683.635,138.818
13.01.18.08.2019,609.209,123.705
13.02.18.08.2019,654.469,132.896
13.03.18.08.2019,596.671,121.159
13.04.18.08.2019,561.583,114.034
13.05.18.08.2019,525.856,106.78
13.06.18.08.2019,536.943,109.031
13.07.18.08.2019,470.274,117.862
13.08.18.08.2019,428.143,107.303
13.09.18.08.2019,431.356,87.5905
13.10.18.08.2019,429.996,107.767
13.11.18.08.2019,444.868,90.3344
13.12.18.08.2019,477.01,119.55
13.13.18.08.2019,478.143,97.091
13.14.18.08.2019,504.546,102.452
13.15.18.08.2019,546.892,111.051
13.16.18.08.2019,526.227,106.855
13.17.18.08.2019,435.036,109.03
13.18.18.08.2019,387.827,97.1986
13.19.18.08.2019,357.615,89.6269
13.20.18.08.2019,364.278,91.2966
13.21.18.08.2019,397.89,99.7207
13.22.18.08.2019,405.401,101.603
13.23.18.08.2019,380.925,95.4688
13.24.18.08.2019,435.032,88.337
13.25.18.08.2019,406.923,118.686
13.26.18.08.2019,398.767,99.9404
13.27.18.08.2019,434.052,108.784
13.28.18.08.2019,492.772,100.062
13.29.18.08.2019,491.858,99.8761
13.30.18.08.2019,507.43,103.038
13.31.18.08.2019,501.936,101.923
13.32.18.08.2019,499.527,125.193
13.33.18.08.2019,511.412,103.847
13.34.18.08.2019,493.195,123.606
13.35.18.08.2019,442.633,110.934
13.36.18.08.2019,489.531,99.4035
13.37.18.08.2019,492.199,99.9453
13.38.18.08.2019,469.222,117.598
13.39.18.08.2019,451.245,148.317
13.40.18.08.2019,442.124,128.953
13.41.18.08.2019,511.615,128.223
13.42.18.08.2019,583.717,146.293
13.43.18.08.2019,482.462,120.916
13.44.18.08.2019,483.483,98.1754
13.45.18.08.2019,441.756,110.714
13.46.18.08.2019,448.472,112.398
13.47.18.08.2019,520.882,105.77
13.48.18.08.2019,579.629,117.699
13.49.18.08.2019,532.876,133.551
13.50.18.08.2019,523.685,131.248
13.51.18.08.2019,605.03,122.857
13.52.18.08.2019,632.876,128.511
13.53.18.08.2019,664.749,134.983
13.54.18.08.2019,652.676,163.576
13.55.18.08.2019,625.072,126.926
13.56.18.08.2019,666.895,135.419
13.57.18.08.2019,621.277,155.707
13.58.18.08.2019,602.585,175.754
13.59.18.08.2019,610.59,178.089
14.00.18.08.2019,661.682,134.36
14.01.18.08.2019,676.91,137.452
14.02.18.08.2019,708.657,143.899
14.03.18.08.2019,631.894,128.312
14.04.18.08.2019,554.307,138.923
14.05.18.08.2019,584.547,118.697
14.06.18.08.2019,607.278,152.198
14.07.18.08.2019,588.701,119.541
14.08.18.08.2019,649.04,131.793
14.09.18.08.2019,628.514,127.625
14.10.18.08.2019,589.685,119.741
14.11.18.08.2019,638.918,91.0409
14.12.18.08.2019,638.048,129.561
14.13.18.08.2019,573.793,116.514
14.14.18.08.2019,557.133,139.631
14.15.18.08.2019,524.89,131.55
14.16.18.08.2019,539.119,135.116
14.17.18.08.2019,518.594,129.972
14.18.18.08.2019,519.759,130.264
14.19.18.08.2019,512.64,128.48
14.20.18.08.2019,498.858,125.026
14.21.18.08.2019,512.222,128.375
14.22.18.08.2019,489.991,122.803
14.23.18.08.2019,459.963,115.278
14.24.18.08.2019,501.049,125.575
14.25.18.08.2019,510.889,128.041
14.26.18.08.2019,553.984,112.491
14.27.18.08.2019,595.127,120.846
14.28.18.08.2019,603.131,122.471
14.29.18.08.2019,715.631,101.972
14.30.18.08.2019,646.386,131.254
14.31.18.08.2019,630.234,127.974
14.32.18.08.2019,655.147,133.033
14.33.18.08.2019,730.58,148.351
14.34.18.08.2019,850.589,172.719
14.35.18.08.2019,759.582,108.235
14.36.18.08.2019,671.655,136.385
14.37.18.08.2019,681.063,138.296
14.38.18.08.2019,657.355,93.6681
14.39.18.08.2019,662.64,94.4211
14.40.18.08.2019,677.153,96.4891
14.41.18.08.2019,693.03,98.7515
14.42.18.08.2019,690.675,98.4159
14.43.18.08.2019,644.172,91.7896
14.44.18.08.2019,559.066,79.6626
14.45.18.08.2019,585.235,83.3915
14.46.18.08.2019,592.327,84.4021
14.47.18.08.2019,610.835,87.0392
14.48.18.08.2019,629.383,89.6822
14.49.18.08.2019,616.63,87.865
14.50.18.08.2019,602.807,85.8953
14.51.18.08.2019,595.732,120.969
14.52.18.08.2019,580.691,117.914
14.53.18.08.2019,603.082,122.461
14.54.18.08.2019,576.721,117.108
14.55.18.08.2019,601.464,85.704
14.56.18.08.2019,623.288,88.8137
14.57.18.08.2019,622.65,126.434
14.58.18.08.2019,586.701,119.135
14.59.18.08.2019,574.583,116.674
15.00.18.08.2019,578.342,144.946
15.01.18.08.2019,586.906,147.093
15.02.18.08.2019,583.145,146.15
15.03.18.08.2019,560.579,140.494
15.04.18.08.2019,611.55,124.181
15.05.18.08.2019,639.05,129.765
15.06.18.08.2019,614.952,154.122
15.07.18.08.2019,580.695,145.536
15.08.18.08.2019,549.53,160.28
15.09.18.08.2019,552.806,138.546
15.10.18.08.2019,539.33,157.304
15.11.18.08.2019,543.571,136.232
15.12.18.08.2019,500.724,146.045
15.13.18.08.2019,472.21,137.728
15.14.18.08.2019,528.873,132.548
15.15.18.08.2019,528.857,107.389
15.16.18.08.2019,602.346,122.312
15.17.18.08.2019,613.148,124.505
15.18.18.08.2019,577.277,117.221
15.19.18.08.2019,557.107,113.125
15.20.18.08.2019,563.909,114.507
15.21.18.08.2019,599.846,121.804
15.22.18.08.2019,562.398,114.2
15.23.18.08.2019,568.821,115.504
15.24.18.08.2019,543.839,110.431
15.25.18.08.2019,539.62,109.575
15.26.18.08.2019,549.165,111.513
15.27.18.08.2019,574.053,116.566
15.28.18.08.2019,579.298,117.631
15.29.18.08.2019,538.896,109.428
15.30.18.08.2019,563.336,114.39
15.31.18.08.2019,596.281,121.08
15.32.18.08.2019,600.784,85.607
15.33.18.08.2019,603.924,122.632
15.34.18.08.2019,586.701,119.135
15.35.18.08.2019,647.187,131.417
15.36.18.08.2019,636.756,129.299
15.37.18.08.2019,627.056,127.329
15.38.18.08.2019,623.565,126.62
15.39.18.08.2019,637.215,90.7983
15.40.18.08.2019,654.752,93.2971
15.41.18.08.2019,635.127,128.968
15.42.18.08.2019,640.454,130.05
15.43.18.08.2019,621.66,126.234
15.44.18.08.2019,625.505,127.014
15.45.18.08.2019,618.635,125.619
15.46.18.08.2019,559.919,113.696
15.47.18.08.2019,559.349,113.581
15.48.18.08.2019,598.503,121.531
15.49.18.08.2019,622.841,126.473
15.50.18.08.2019,644.769,91.8746
15.51.18.08.2019,590.432,119.892
15.52.18.08.2019,615.008,124.883
15.53.18.08.2019,633.162,128.569
15.54.18.08.2019,658.747,93.8663
15.55.18.08.2019,588.603,119.521
15.56.18.08.2019,589.662,119.736
15.57.18.08.2019,632.99,90.1961
15.58.18.08.2019,622.003,126.303
15.59.18.08.2019,545.088,110.685
16.00.18.08.2019,502.305,101.997
16.01.18.08.2019,516.156,104.81
16.02.18.08.2019,510.948,103.752
16.03.18.08.2019,525.084,74.8204
16.04.18.08.2019,536.59,76.4599
16.05.18.08.2019,555.276,79.1226
16.06.18.08.2019,577.912,82.3481
16.07.18.08.2019,557.886,79.4944
16.08.18.08.2019,550.07,78.3807
16.09.18.08.2019,596.675,85.0216
16.10.18.08.2019,600.436,85.5574
16.11.18.08.2019,586.564,119.107
16.12.18.08.2019,627.799,89.4565
16.13.18.08.2019,664.774,94.7252
16.14.18.08.2019,691.766,98.5713
16.15.18.08.2019,696.347,99.2241
16.16.18.08.2019,639.962,91.1896
16.17.18.08.2019,659.158,93.9249
16.18.18.08.2019,648.349,92.3847
16.19.18.08.2019,645.418,91.9671
16.20.18.08.2019,647.476,92.2604
16.21.18.08.2019,634.119,90.3571
16.22.18.08.2019,622.344,88.6792
16.23.18.08.2019,629.106,89.6428
16.24.18.08.2019,609.634,123.791
16.25.18.08.2019,659.03,93.9067
16.26.18.08.2019,670.641,95.5611
16.27.18.08.2019,671.455,95.6772
16.28.18.08.2019,675.223,96.214
16.29.18.08.2019,638.447,90.9738
16.30.18.08.2019,608.432,86.6968
16.31.18.08.2019,602.785,85.8923
16.32.18.08.2019,603.205,85.952
16.33.18.08.2019,579.659,82.5969
16.34.18.08.2019,565.039,80.5137
16.35.18.08.2019,568.919,81.0666
16.36.18.08.2019,599.584,85.4361
16.37.18.08.2019,616.655,87.8686
16.38.18.08.2019,656.904,93.6038
16.39.18.08.2019,655.82,93.4492
16.40.18.08.2019,639.349,91.1023
16.41.18.08.2019,648.646,92.4271
16.42.18.08.2019,659.416,93.9617
16.43.18.08.2019,659.606,93.9887
16.44.18.08.2019,668.665,95.2795
16.45.18.08.2019,635.63,90.5724
16.46.18.08.2019,607.437,86.5551
16.47.18.08.2019,633.401,90.2547
16.48.18.08.2019,644.146,91.7858
16.49.18.08.2019,641.634,91.4279
16.50.18.08.2019,593.499,120.515
16.51.18.08.2019,590.934,84.2035
16.52.18.08.2019,615.766,87.7418
16.53.18.08.2019,618.8,88.1742
16.54.18.08.2019,653.245,93.0823
16.55.18.08.2019,647.586,92.276
16.56.18.08.2019,679.457,96.8173
16.57.18.08.2019,674.433,96.1016
16.58.18.08.2019,667.457,95.1075
16.59.18.08.2019,623.791,126.666
17.00.18.08.2019,645.498,131.074
17.01.18.08.2019,681.374,138.359
17.02.18.08.2019,675.9,96.3106
17.03.18.08.2019,708.294,100.926
17.04.18.08.2019,759.173,108.176
17.05.18.08.2019,779.581,111.084
17.06.18.08.2019,803.421,114.481
17.07.18.08.2019,751.305,152.559
17.08.18.08.2019,712.907,144.762
17.09.18.08.2019,656.701,93.5748
17.10.18.08.2019,679.214,137.92
17.11.18.08.2019,680.402,138.161
17.12.18.08.2019,664.451,134.923
17.13.18.08.2019,722.367,146.683
17.14.18.08.2019,713.719,144.927
17.15.18.08.2019,746.123,106.317
17.16.18.08.2019,748.132,106.603
17.17.18.08.2019,699.281,99.6421
17.18.18.08.2019,703.215,100.203
17.19.18.08.2019,700.862,99.8674
17.20.18.08.2019,705.203,100.486
17.21.18.08.2019,664.081,134.847
17.22.18.08.2019,653.385,132.675
17.23.18.08.2019,652.775,132.552
17.24.18.08.2019,671.625,136.379
17.25.18.08.2019,699.638,142.068
17.26.18.08.2019,760.535,154.433
17.27.18.08.2019,818.204,166.143
17.28.18.08.2019,797.195,161.877
17.29.18.08.2019,722.586,146.727
17.30.18.08.2019,678.856,137.848
17.31.18.08.2019,695.655,141.259
17.32.18.08.2019,707.15,143.593
17.33.18.08.2019,692.268,140.571
17.34.18.08.2019,765.22,155.385
17.35.18.08.2019,806.654,163.798
17.36.18.08.2019,834.323,169.417
17.37.18.08.2019,828.733,168.281
17.38.18.08.2019,826.039,167.734
17.39.18.08.2019,903.672,183.498
17.40.18.08.2019,846.621,171.914
17.41.18.08.2019,743.052,186.226
17.42.18.08.2019,765.304,191.803
17.43.18.08.2019,727.363,182.294
17.44.18.08.2019,770.133,193.014
17.45.18.08.2019,768.8,192.68
17.46.18.08.2019,718.794,180.147
17.47.18.08.2019,739.598,150.182
17.48.18.08.2019,728.805,182.656
17.49.18.08.2019,778.903,195.212
17.50.18.08.2019,813.601,203.908
17.51.18.08.2019,817.148,165.929
17.52.18.08.2019,780.67,158.522
17.53.18.08.2019,810.218,164.522
17.54.18.08.2019,906.491,184.071
17.55.18.08.2019,893.242,181.38
17.56.18.08.2019,872.426,177.154
17.57.18.08.2019,826.746,167.878
17.58.18.08.2019,777.023,157.781
17.59.18.08.2019,798.904,162.224
18.00.18.08.2019,740.72,150.41
18.01.18.08.2019,750.249,152.345
18.02.18.08.2019,757.051,153.726
18.03.18.08.2019,767.276,155.802
18.04.18.08.2019,826.157,167.758
18.05.18.08.2019,875.355,177.748
18.06.18.08.2019,910.378,184.86
18.07.18.08.2019,915.809,185.963
18.08.18.08.2019,885.367,179.781
18.09.18.08.2019,854.23,214.09
18.10.18.08.2019,869.801,217.993
18.11.18.08.2019,951.516,193.214
18.12.18.08.2019,904.676,183.702
18.13.18.08.2019,971.331,197.237
18.14.18.08.2019,961.943,195.331
18.15.18.08.2019,938.26,235.15
18.16.18.08.2019,1006.78,204.436
18.17.18.08.2019,962.712,195.487
18.18.18.08.2019,982.376,199.48
18.19.18.08.2019,934.894,189.838
18.20.18.08.2019,913.306,228.896
18.21.18.08.2019,830.414,208.121
18.22.18.08.2019,852.331,213.614
18.23.18.08.2019,856.143,214.57
18.24.18.08.2019,833.501,208.895
18.25.18.08.2019,824.732,167.469
18.26.18.08.2019,795.298,199.32
18.27.18.08.2019,797.443,199.858
18.28.18.08.2019,794.247,199.057
18.29.18.08.2019,783.712,159.139
18.30.18.08.2019,794.573,199.139
18.31.18.08.2019,786.457,197.105
18.32.18.08.2019,724.576,181.596
18.33.18.08.2019,806.155,163.697
18.34.18.08.2019,781.728,158.737
18.35.18.08.2019,767.55,155.858
18.36.18.08.2019,665.145,194.001
18.37.18.08.2019,709.69,177.865
18.38.18.08.2019,725.887,181.924
18.39.18.08.2019,730.262,183.021
18.40.18.08.2019,763.868,191.443
18.41.18.08.2019,869.021,176.462
18.42.18.08.2019,870.935,218.277
18.43.18.08.2019,779.572,195.379
18.44.18.08.2019,763.554,191.365
18.45.18.08.2019,709.676,177.862
18.46.18.08.2019,661.629,165.82
18.47.18.08.2019,728.873,148.004
18.48.18.08.2019,707.04,177.201
18.49.18.08.2019,670.226,167.975
18.50.18.08.2019,691.455,173.295
18.51.18.08.2019,769.226,192.786
18.52.18.08.2019,788.186,197.538
18.53.18.08.2019,821.776,205.956
18.54.18.08.2019,766.587,223.588
18.55.18.08.2019,764.137,222.873
18.56.18.08.2019,767.917,192.458
18.57.18.08.2019,799.416,200.353
18.58.18.08.2019,788.784,197.688
18.59.18.08.2019,780.598,195.636
19.00.18.08.2019,715.373,208.651
19.01.18.08.2019,717.982,179.943
19.02.18.08.2019,709.063,177.708
19.03.18.08.2019,743.181,186.259
19.04.18.08.2019,744.55,186.602
19.05.18.08.2019,842.734,171.124
19.06.18.08.2019,893.141,181.36
19.07.18.08.2019,863.421,175.325
19.08.18.08.2019,817.115,204.788
19.09.18.08.2019,886.72,180.056
19.10.18.08.2019,958.361,194.603
19.11.18.08.2019,1000.81,203.222
19.12.18.08.2019,943.123,236.369
19.13.18.08.2019,929.389,232.927
19.14.18.08.2019,929.486,232.951
19.15.18.08.2019,977.44,244.969
19.16.18.08.2019,936.259,234.649
19.17.18.08.2019,869.29,217.865
19.18.18.08.2019,796.463,199.612
19.19.18.08.2019,816,204.509
19.20.18.08.2019,800.164,200.54
19.21.18.08.2019,846.764,171.943
19.22.18.08.2019,917.12,229.852
19.23.18.08.2019,853.299,213.857
19.24.18.08.2019,841.491,210.898
19.25.18.08.2019,876.824,219.753
19.26.18.08.2019,856.5,214.659
19.27.18.08.2019,826.332,207.098
19.28.18.08.2019,837.971,210.015
19.29.18.08.2019,880.489,220.671
19.30.18.08.2019,865.749,216.977
19.31.18.08.2019,860.049,174.64
19.32.18.08.2019,794.772,199.189
19.33.18.08.2019,781.62,195.893
19.34.18.08.2019,803.001,201.251
19.35.18.08.2019,795.502,199.371
19.36.18.08.2019,819.005,205.262
19.37.18.08.2019,854.436,214.142
19.38.18.08.2019,926.211,188.075
19.39.18.08.2019,936.337,190.131
19.40.18.08.2019,961.578,195.257
19.41.18.08.2019,876.087,219.568
19.42.18.08.2019,860.726,174.778
19.43.18.08.2019,876.418,177.964
19.44.18.08.2019,877.637,178.212
19.45.18.08.2019,933.173,189.489
19.46.18.08.2019,894.4,181.616
19.47.18.08.2019,878.383,178.363
19.48.18.08.2019,865.611,216.943
19.49.18.08.2019,887.85,180.286
19.50.18.08.2019,916.435,229.68
19.51.18.08.2019,883.242,179.35
19.52.18.08.2019,873.754,177.423
19.53.18.08.2019,896.824,224.765
19.54.18.08.2019,937.682,235.005
19.55.18.08.2019,880.971,220.792
19.56.18.08.2019,857.487,174.12
19.57.18.08.2019,913.756,229.009
19.58.18.08.2019,888.153,180.347
19.59.18.08.2019,913.233,185.44
20.00.18.08.2019,903.649,183.494
20.01.18.08.2019,912.352,185.261
20.02.18.08.2019,889.342,180.589
20.03.18.08.2019,925.506,187.932
20.04.18.08.2019,890.492,180.822
20.05.18.08.2019,908.725,184.524
20.06.18.08.2019,913.289,185.451
20.07.18.08.2019,925.081,231.847
20.08.18.08.2019,939.283,190.73
20.09.18.08.2019,938.766,190.624
20.10.18.08.2019,901.651,225.975
20.11.18.08.2019,822.381,206.108
20.12.18.08.2019,794.526,199.127
20.13.18.08.2019,823.787,206.46
20.14.18.08.2019,904.289,183.624
20.15.18.08.2019,830.785,208.214
20.16.18.08.2019,797.458,161.931
20.17.18.08.2019,776.767,194.676
20.18.18.08.2019,705.186,176.736
20.19.18.08.2019,782.18,158.828
20.20.18.08.2019,811.296,203.33
20.21.18.08.2019,804.876,163.437
20.22.18.08.2019,793.871,198.963
20.23.18.08.2019,813.193,203.805
20.24.18.08.2019,796.722,199.677
20.25.18.08.2019,824.146,206.55
20.26.18.08.2019,802.757,201.19
20.27.18.08.2019,760.065,190.49
20.28.18.08.2019,835.04,209.281
20.29.18.08.2019,851.636,213.44
20.30.18.08.2019,833.501,208.895
20.31.18.08.2019,819.139,166.333
20.32.18.08.2019,831.706,168.885
20.33.18.08.2019,761.817,154.694
20.34.18.08.2019,784.943,159.389
20.35.18.08.2019,711.872,144.552
20.36.18.08.2019,703.933,142.94
20.37.18.08.2019,737.667,149.79
20.38.18.08.2019,776.837,157.744
20.39.18.08.2019,792.478,160.92
20.40.18.08.2019,785.717,159.547
20.41.18.08.2019,803.325,163.122
20.42.18.08.2019,851.053,172.814
20.43.18.08.2019,815.341,165.562
20.44.18.08.2019,714.765,145.139
20.45.18.08.2019,732.06,148.651
20.46.18.08.2019,740.603,150.386
20.47.18.08.2019,734.15,149.076
20.48.18.08.2019,741.979,150.665
20.49.18.08.2019,727.023,147.628
20.50.18.08.2019,746.984,151.682
20.51.18.08.2019,721.421,146.491
20.52.18.08.2019,692.412,140.6
20.53.18.08.2019,708.17,143.8
20.54.18.08.2019,792.849,160.995
20.55.18.08.2019,829.919,168.522
20.56.18.08.2019,803.928,163.245
20.57.18.08.2019,804.38,163.336
20.58.18.08.2019,807.702,164.011
20.59.18.08.2019,767.818,155.912
21.00.18.08.2019,771.625,156.685
21.01.18.08.2019,782.278,158.848
21.02.18.08.2019,766.118,155.567
21.03.18.08.2019,746.236,151.53
21.04.18.08.2019,775.258,157.423
21.05.18.08.2019,765.446,155.43
21.06.18.08.2019,790.26,160.469
21.07.18.08.2019,826.365,167.801
21.08.18.08.2019,826.771,167.883
21.09.18.08.2019,828.447,118.047
21.10.18.08.2019,798.582,162.159
21.11.18.08.2019,857.432,122.177
21.12.18.08.2019,908.018,184.381
21.13.18.08.2019,956.574,136.304
21.14.18.08.2019,881.617,179.02
21.15.18.08.2019,888.895,126.661
21.16.18.08.2019,887.47,126.458
21.17.18.08.2019,900.506,182.856
21.18.18.08.2019,870.162,176.694
21.19.18.08.2019,868.525,176.362
21.20.18.08.2019,844.336,171.45
21.21.18.08.2019,848.113,172.217
21.22.18.08.2019,884.653,179.636
21.23.18.08.2019,907.454,184.266
21.24.18.08.2019,897.912,182.329
21.25.18.08.2019,965.278,196.008
21.26.18.08.2019,928.475,188.535
21.27.18.08.2019,832.285,169.003
21.28.18.08.2019,814.397,165.37
21.29.18.08.2019,764.271,155.192
21.30.18.08.2019,806.917,163.851
21.31.18.08.2019,850.648,172.731
21.32.18.08.2019,907.969,184.371
21.33.18.08.2019,881.839,179.065
21.34.18.08.2019,835.703,169.697
21.35.18.08.2019,792.164,160.856
21.36.18.08.2019,739.694,150.201
21.37.18.08.2019,715.094,145.206
21.38.18.08.2019,714.454,145.076
21.39.18.08.2019,732.291,148.698
21.40.18.08.2019,697.415,141.616
21.41.18.08.2019,711.523,144.481
21.42.18.08.2019,772.528,156.868
21.43.18.08.2019,789.857,160.387
21.44.18.08.2019,808.07,164.086
21.45.18.08.2019,834.392,169.43
21.46.18.08.2019,869.131,176.484
21.47.18.08.2019,851.559,213.421
21.48.18.08.2019,829.414,168.42
21.49.18.08.2019,837.677,170.097
21.50.18.08.2019,772.146,156.791
21.51.18.08.2019,759.783,154.281
21.52.18.08.2019,772.46,156.855
21.53.18.08.2019,782.774,158.949
21.54.18.08.2019,802.886,163.033
21.55.18.08.2019,794.97,161.426
21.56.18.08.2019,833.062,118.705
21.57.18.08.2019,906.964,129.235
21.58.18.08.2019,875.018,124.683
21.59.18.08.2019,851.713,121.363
22.00.18.08.2019,882.88,125.804
22.01.18.08.2019,916.008,130.524
22.02.18.08.2019,829.933,118.259
22.03.18.08.2019,805.645,114.798
22.04.18.08.2019,854.712,121.79
22.05.18.08.2019,868.351,123.733
22.06.18.08.2019,851.772,121.371
22.07.18.08.2019,854.13,121.707
22.08.18.08.2019,878.608,125.195
22.09.18.08.2019,834.828,118.957
22.10.18.08.2019,790.138,112.589
22.11.18.08.2019,798.161,113.732
22.12.18.08.2019,849.342,121.025
22.13.18.08.2019,833.737,118.801
22.14.18.08.2019,828.707,118.084
22.15.18.08.2019,829.481,118.195
22.16.18.08.2019,821.543,117.064
22.17.18.08.2019,774.662,110.383
22.18.18.08.2019,769.224,109.609
22.19.18.08.2019,800.582,114.077
22.20.18.08.2019,793.199,113.025
22.21.18.08.2019,805.119,114.723
22.22.18.08.2019,840.14,119.713
22.23.18.08.2019,836.92,119.255
22.24.18.08.2019,827.899,117.969
22.25.18.08.2019,829.423,118.186
22.26.18.08.2019,853.504,121.618
22.27.18.08.2019,848.114,120.85
22.28.18.08.2019,831.251,118.447
22.29.18.08.2019,826.103,167.747
22.30.18.08.2019,822.066,166.928
22.31.18.08.2019,835.514,119.054
22.32.18.08.2019,845.472,120.473
22.33.18.08.2019,837.953,119.402
22.34.18.08.2019,851.73,121.365
22.35.18.08.2019,856.579,122.056
22.36.18.08.2019,842.449,171.067
22.37.18.08.2019,828.202,168.174
22.38.18.08.2019,851.385,121.316
22.39.18.08.2019,878.338,125.156
22.40.18.08.2019,872.309,124.297
22.41.18.08.2019,842.837,120.098
22.42.18.08.2019,855.539,121.908
22.43.18.08.2019,822.903,167.098
22.44.18.08.2019,789.414,112.485
22.45.18.08.2019,792.501,160.924
22.46.18.08.2019,825.597,117.641
22.47.18.08.2019,798.12,113.726
22.48.18.08.2019,807.113,115.007
22.49.18.08.2019,808.844,115.254
22.50.18.08.2019,775.573,157.487
22.51.18.08.2019,773.892,157.145
22.52.18.08.2019,763.193,154.973
22.53.18.08.2019,766.066,155.556
22.54.18.08.2019,765.495,109.077
22.55.18.08.2019,745.991,151.48
22.56.18.08.2019,742.834,105.848
22.57.18.08.2019,774.11,110.305
22.58.18.08.2019,784.932,111.847
22.59.18.08.2019,734.644,104.681
23.00.18.08.2019,720.95,102.73
23.01.18.08.2019,774.363,110.341
23.02.18.08.2019,818.148,116.58
23.03.18.08.2019,780.455,111.209
23.04.18.08.2019,744.221,151.12
23.05.18.08.2019,754.066,107.449
23.06.18.08.2019,737.26,105.054
23.07.18.08.2019,730.519,104.093
23.08.18.08.2019,727.842,103.712
23.09.18.08.2019,732.348,104.354
23.10.18.08.2019,727.456,103.657
23.11.18.08.2019,701.288,99.9281
23.12.18.08.2019,684.608,97.5514
23.13.18.08.2019,717.021,102.17
23.14.18.08.2019,724.276,103.204
23.15.18.08.2019,738.162,105.182
23.16.18.08.2019,730.055,148.244
23.17.18.08.2019,712.849,101.575
23.18.18.08.2019,718.88,102.435
23.19.18.08.2019,742.216,105.76
23.20.18.08.2019,773.916,110.277
23.21.18.08.2019,727.728,103.696
23.22.18.08.2019,761.888,108.563
23.23.18.08.2019,786.017,112.001
23.24.18.08.2019,723.072,146.826
23.25.18.08.2019,714.786,101.851
23.26.18.08.2019,730.227,104.052
23.27.18.08.2019,764.185,108.89
23.28.18.08.2019,747.79,106.554
23.29.18.08.2019,739.75,105.409
23.30.18.08.2019,746.949,106.434
23.31.18.08.2019,747.415,106.501
23.32.18.08.2019,731.081,148.452
23.33.18.08.2019,735.333,104.779
23.34.18.08.2019,724.071,103.174
23.35.18.08.2019,727.222,103.623
23.36.18.08.2019,742.457,105.794
23.37.18.08.2019,721.005,102.738
23.38.18.08.2019,719.026,102.456
23.39.18.08.2019,703.261,100.209
23.40.18.08.2019,698.136,99.4789
23.41.18.08.2019,667.458,95.1076
23.42.18.08.2019,659.09,93.9152
23.43.18.08.2019,669.505,95.3993
23.44.18.08.2019,682.446,97.2433
23.45.18.08.2019,687.215,97.9229
23.46.18.08.2019,725.662,103.401
23.47.18.08.2019,720.255,102.631
23.48.18.08.2019,723.567,103.103
23.49.18.08.2019,731.078,104.173
23.50.18.08.2019,749.22,106.758
23.51.18.08.2019,749.75,106.834
23.52.18.08.2019,775.449,110.495
23.53.18.08.2019,742.555,105.808
23.54.18.08.2019,723.398,103.079
23.55.18.08.2019,701.625,99.9761
23.56.18.08.2019,704.262,100.352
23.57.18.08.2019,749.598,106.812
23.58.18.08.2019,759.887,108.278
23.59.18.08.2019,733.098,104.461
00.00.19.08.2019,731.732,104.266
